StackFrames,SignalDescription,SystemArch,CreationDate
GitSnippetRepository.java GitSnippetRepository.java EclipseGitSnippetRepository.java Worker.java,SocketException below JDKHttpConnection.getResponseCode (thrown in HttpClient.parseHTTPHeader),x86_64,2016-09-19T08:39:33.025Z
ManifestElement.java BundleModel.java BundleModel.java WorkspaceModelManager.java WorkspacePluginModelManager.java WorkspacePluginModelManager.java WorkspaceModelManager.java ResourceDelta.java ResourceDelta.java ResourceDelta.java ResourceDelta.java ResourceDelta.java WorkspaceModelManager.java WorkspaceModelManager.java DeltaProcessingState.java SafeRunner.java DeltaProcessingState.java NotificationManager.java SafeRunner.java NotificationManager.java NotificationManager.java Workspace.java Workspace.java InternalWorkspaceJob.java Worker.java,BundleException below BundleModel.load (thrown in ManifestElement.parseBundleManifest),x86_64,2016-12-11T07:31:47.499Z
ProblemHandler.java ProblemHandler.java ProblemReporter.java ProblemReporter.java TypeReference.java TypeReference.java TypeReference.java SourceTypeBinding.java SourceTypeBinding.java SourceTypeBinding.java CompilationUnitScope.java Compiler.java ProcessTaskManager.java Thread.java,NullPointerException in TypeReference.internalResolveType,x86_64,2016-12-12T09:47:21.332Z
AbstractGuiceAwareExecutableExtensionFactory.java ConfigurationElement.java ConfigurationElementHandle.java AdapterFactoryProxy.java AdapterManager.java AdapterManager.java DebugPlugin.java ToggleBreakpointsTargetManager.java ToggleBreakpointsTargetManager.java ToggleBreakpointsTargetManager.java RetargetBreakpointAction.java RetargetAction.java PartService.java SafeRunner.java PartService.java WorkbenchPage.java SafeRunner.java WorkbenchPage.java WorkbenchPage.java WorkbenchPage.java PartServiceImpl.java SafeRunner.java PartServiceImpl.java PartServiceImpl.java PartServiceImpl.java PartServiceImpl.java WorkbenchPage.java WorkbenchPage.java WorkbenchPage.java BusyIndicator.java WorkbenchPage.java WorkbenchPage.java WorkbenchPage.java IDE.java IDE.java EditorUtility.java EditorUtility.java OpenAction.java OpenAction.java SelectionDispatchAction.java SelectionDispatchAction.java PackageExplorerActionGroup.java PackageExplorerPart.java OpenAndLinkWithEditorHelper.java StructuredViewer.java SafeRunner.java JFaceUtil.java SafeRunnable.java StructuredViewer.java StructuredViewer.java StructuredViewer.java OpenStrategy.java OpenStrategy.java OpenStrategy.java EventTable.java Display.java Widget.java Widget.java Widget.java Widget.java Display.java Display.java PartRenderingEngine.java Realm.java PartRenderingEngine.java E4Workbench.java Workbench.java Realm.java Workbench.java PlatformUI.java IDEApplication.java EclipseAppHandle.java EclipseAppLauncher.java EclipseAppLauncher.java EclipseStarter.java EclipseStarter.java NativeMethodAccessorImpl.java NativeMethodAccessorImpl.java DelegatingMethodAccessorImpl.java Method.java Main.java Main.java Main.java,3rd party caused VerifyError below XtendActivator.createInjector,x86_64,2016-09-19T08:39:33.461Z
LogListener.java LogListener.java RuntimeLog.java PlatformLogWriter.java ExtendedLogReaderServiceFactory.java ExtendedLogReaderServiceFactory.java ExtendedLogReaderServiceFactory.java ExtendedLogServiceFactory.java ExtendedLogServiceImpl.java LoggerImpl.java Log.java WorkbenchPlugin.java MenuHelper.java ContributionsAnalyzer.java ToolBarContributionRecord.java ToolBarContributionRecord.java ToolBarManagerRenderer.java TrackableComputationExt.java EclipseContext.java EclipseContext.java EclipseContext.java PartServiceImpl.java PerspectiveStackRenderer.java LazyStackRenderer.java UIEventHandler.java Synchronizer.java UISynchronizer.java Display.java E4Application.java UIEventHandler.java EventHandlerWrapper.java EventHandlerTracker.java EventHandlerTracker.java EventManager.java ListenerQueue.java EventAdminImpl.java EventAdminImpl.java EventComponent.java EventBroker.java UIEventPublisher.java BasicNotifierImpl.java PerspectiveStackImpl.java PerspectiveStackImpl.java WorkbenchPage.java Workbench.java Workbench.java Workbench.java PerspectiveManager.java PerspectiveManager.java PerspectiveManager.java RunnableLock.java Synchronizer.java Display.java Display.java PartRenderingEngine.java Realm.java PartRenderingEngine.java E4Workbench.java Workbench.java Realm.java Workbench.java PlatformUI.java IDEApplication.java EclipseAppHandle.java EclipseAppLauncher.java EclipseAppLauncher.java EclipseStarter.java EclipseStarter.java NativeMethodAccessorImpl.java NativeMethodAccessorImpl.java DelegatingMethodAccessorImpl.java Method.java Main.java Main.java Main.java,NoStackTrace in MenuHelper$1.evaluate,x86_64,2016-12-13T12:02:20.358Z
PlainSocketImpl.java AbstractPlainSocketImpl.java ServerSocket.java ServerSocket.java SocketTransportService.java SocketTransportImpl.java SocketListeningConnectorImpl.java StandardVMDebugger.java Thread.java,SocketException below SocketTransportService.accept (thrown in PlainSocketImpl.socketAccept),x86_64,2016-09-19T08:39:33.660Z
Assert.java ContributionManager.java VariablesView.java AbstractDebugView.java MenuManager.java MenuManager.java MenuManager.java MenuManager.java TypedListener.java EventTable.java Display.java Widget.java Widget.java Widget.java Menu.java Display.java OS.java NSMenu.java Menu.java Display.java Display.java PartRenderingEngine.java Realm.java PartRenderingEngine.java E4Workbench.java Workbench.java Realm.java Workbench.java PlatformUI.java IDEApplication.java EclipseAppHandle.java EclipseAppLauncher.java EclipseAppLauncher.java EclipseStarter.java EclipseStarter.java NativeMethodAccessorImpl.java NativeMethodAccessorImpl.java DelegatingMethodAccessorImpl.java Method.java Main.java Main.java Main.java,AssertionFailedException below VariablesView.fillContextMenu (thrown in ContributionManager.add),x86_64,2016-12-13T07:31:29.512Z
LogListener.java LogListener.java RuntimeLog.java PlatformLogWriter.java ExtendedLogReaderServiceFactory.java ExtendedLogReaderServiceFactory.java ExtendedLogReaderServiceFactory.java ExtendedLogServiceFactory.java ExtendedLogServiceImpl.java LoggerImpl.java Log.java EclipseLogAppender.java EclipseLogAppender.java UnsynchronizedAppenderBase.java AppenderAttachableImpl.java Logger.java Logger.java Logger.java Logger.java Logger.java CamelLogger.java CamelLogger.java RedeliveryErrorHandler.java RedeliveryErrorHandler.java RedeliveryErrorHandler.java RedeliveryErrorHandler.java RouteContextProcessor.java DelegateAsyncProcessor.java DefaultChannel.java AsyncProcessorHelper.java Pipeline.java Pipeline.java RouteContextProcessor.java DelegateAsyncProcessor.java UnitOfWorkProcessor.java UnitOfWorkProcessor.java AsyncProcessorHelper.java DelegateAsyncProcessor.java AggregateProcessor.java Executors.java FutureTask.java SynchronousExecutorService.java AbstractExecutorService.java AggregateProcessor.java AggregateProcessor.java AggregateProcessor.java AggregateProcessor.java DefaultTimeoutMap.java AggregateProcessor.java DefaultTimeoutMap.java Executors.java FutureTask.java ScheduledThreadPoolExecutor.java ScheduledThreadPoolExecutor.java ThreadPoolExecutor.java ThreadPoolExecutor.java Thread.java,NoStackTrace in RedeliveryErrorHandler.logFailedDelivery,x86_64,2016-05-23T07:22:10.479Z
MirrorImpl.java ClassTypeImpl.java ReferenceTypeImpl.java ReferenceTypeImpl.java JDIThread.java JDIThread.java JDIThread.java JDIDebugTarget.java JDIDebugTarget.java JDIDebugTarget.java EventDispatcher.java EventDispatcher.java EventDispatcher.java Worker.java,VMOutOfMemoryException in MirrorImpl.defaultReplyErrorHandler,x86_64,2016-12-13T09:49:14.904Z
Assert.java Assert.java Assert.java ViewerInputBindingInfo.java DatabindingParser.java DatabindingParser.java JFaceDatabindingsFactory.java DatabindingRootProcessor.java JavaInfoParser.java JavaInfoParser.java JavaInfoParser.java JavaInfoParser.java JavaInfoParser.java JavaInfoParser.java JavaInfoParser.java ExecutionUtils.java JavaInfoParser.java DesignPage.java DesignPage.java DesignPage.java Synchronizer.java UISynchronizer.java Display.java DesignPage.java ModalContext.java ModalContext.java ProgressMonitorDialog.java DesignPage.java DesignPage.java UndoManager.java UndoManager.java DesignPage.java DesignPage.java DefaultMultiMode.java DefaultMultiMode.java TypedListener.java EventTable.java Display.java Widget.java Widget.java Widget.java Widget.java CTabFolder.java CTabFolder.java CTabFolder.java EventTable.java Display.java Widget.java Widget.java Widget.java Widget.java Display.java Display.java PartRenderingEngine.java Realm.java PartRenderingEngine.java E4Workbench.java Workbench.java Realm.java Workbench.java PlatformUI.java IDEApplication.java EclipseAppHandle.java EclipseAppLauncher.java EclipseAppLauncher.java EclipseStarter.java EclipseStarter.java NativeMethodAccessorImpl.java NativeMethodAccessorImpl.java DelegatingMethodAccessorImpl.java Method.java Main.java Main.java Main.java,AssertionFailedException in ViewerInputBindingInfo.postParse,x86_64,2016-09-19T08:39:33.741Z
LogListener.java LogListener.java RuntimeLog.java PlatformLogWriter.java ExtendedLogReaderServiceFactory.java ExtendedLogReaderServiceFactory.java ExtendedLogReaderServiceFactory.java ExtendedLogServiceFactory.java ExtendedLogServiceImpl.java LoggerImpl.java Log.java WorkbenchPlugin.java LegacyHandlerService.java ValueComputation.java EclipseContext.java EclipseContext.java HandlerServiceImpl.java E4HandlerProxy.java AbstractHandler.java ActionHandler.java ActionHandler.java AbstractAction.java AbstractAction.java Action.java PreferencePageHistory.java ActionContributionItem.java PreferencePageHistory.java PreferencePageHistory.java FilteredPreferenceDialog.java PreferenceDialog.java BusyIndicator.java PreferenceDialog.java StructuredViewer.java SafeRunner.java JFaceUtil.java SafeRunnable.java StructuredViewer.java StructuredViewer.java TreeViewer.java Viewer.java FilteredPreferenceDialog.java WorkbenchPreferenceDialog.java PreferencesUtil.java PreferencesUtil.java CompletionsPreferencePage.java CompletionsPreferencePage.java CompletionsPreferencePage.java TypedListener.java EventTable.java Widget.java Display.java Display.java Window.java Window.java WorkbenchPreferenceDialog.java ShowPreferencePageHandler.java HandlerProxy.java E4HandlerProxy.java DelegatingMethodAccessorImpl.java Method.java MethodRequestor.java InjectorImpl.java InjectorImpl.java ContextInjectionFactory.java HandlerServiceHandler.java Command.java ParameterizedCommand.java HandlerServiceImpl.java LegacyHandlerService.java CommandElement.java SearchField.java QuickAccessContents.java QuickAccessContents.java QuickAccessContents.java TypedListener.java EventTable.java Widget.java Widget.java Widget.java Widget.java Widget.java Control.java Text.java Widget.java Control.java Text.java Display.java OS.java OS.java Display.java OS.java OS.java Display.java PartRenderingEngine.java Realm.java PartRenderingEngine.java E4Workbench.java Workbench.java Realm.java Workbench.java PlatformUI.java IDEApplication.java EclipseAppHandle.java EclipseAppLauncher.java EclipseAppLauncher.java EclipseStarter.java EclipseStarter.java NativeMethodAccessorImpl.java NativeMethodAccessorImpl.java DelegatingMethodAccessorImpl.java Method.java Main.java Main.java Main.java Main.java,RuntimeException in LegacyHandlerService$HandlerSelectionFunction.compute,x86_64,2016-09-19T08:39:33.818Z
MethodRequestor.java InjectorImpl.java InjectorImpl.java ContextInjectionFactory.java HandlerServiceHandler.java Command.java ParameterizedCommand.java HandlerServiceImpl.java KeyBindingDispatcher.java KeyBindingDispatcher.java KeyBindingDispatcher.java KeyBindingDispatcher.java KeyBindingDispatcher.java KeyBindingDispatcher.java EventTable.java Display.java Display.java Widget.java Widget.java Widget.java Widget.java Widget.java Control.java Composite.java Display.java OS.java Widget.java Widget.java Widget.java Display.java OS.java Widget.java Widget.java Widget.java Display.java OS.java Widget.java Widget.java Shell.java Display.java OS.java Display.java Display.java OS.java NSApplication.java Display.java PartRenderingEngine.java Realm.java PartRenderingEngine.java E4Workbench.java Workbench.java Realm.java Workbench.java PlatformUI.java IDEApplication.java EclipseAppHandle.java EclipseAppLauncher.java EclipseAppLauncher.java EclipseStarter.java EclipseStarter.java NativeMethodAccessorImpl.java NativeMethodAccessorImpl.java DelegatingMethodAccessorImpl.java Method.java Main.java Main.java Main.java,NullPointerException in SpyHandler.execute,x86_64,2016-11-30T12:29:03.131Z
SecurePreferences.java SecurePreferencesWrapper.java ProxyType.java ProxyType.java ProxyType.java ProxyManager.java ProxyManager.java ProxyManager.java ProxyManager.java EclipseProxySelector.java SocksSocketImpl.java Socket.java Socket.java Socket.java Socket.java ay1GeLrWSY4PZkJ4 Thread.java,StorageException below EclipseProxySelector.select (thrown in SecurePreferences.get),x86_64,2016-12-13T13:27:20.762Z
OSXProvider.java OSXProvider.java PasswordProviderModuleExt.java SecurePreferencesRoot.java SecurePreferencesRoot.java SecurePreferences.java SecurePreferencesWrapper.java ProxyType.java ProxyType.java ProxyType.java ProxyManager.java ProxyManager.java ProxyManager.java ProxyManager.java EclipseProxySelector.java SocksSocketImpl.java Socket.java Socket.java Socket.java Socket.java bCU0lDNLRkHCke0s Thread.java,SecurityException below EclipseProxySelector.select (thrown in OSXProvider.getPassword),x86_64,2016-09-22T17:31:07.562Z
OSXProvider.java OSXProvider.java PasswordProviderModuleExt.java SecurePreferencesRoot.java SecurePreferencesRoot.java SecurePreferences.java SecurePreferencesWrapper.java ProxyType.java ProxyType.java ProxyType.java ProxyManager.java ProxyManager.java ProxyManager.java ProxyManager.java Proxies.java UploadJob.java Worker.java,SecurityException below Proxies.proxy (thrown in OSXProvider.getPassword),x86_64,2016-09-19T08:39:33.896Z
SecurePreferences.java SecurePreferencesWrapper.java ProxyType.java ProxyType.java ProxyType.java ProxyManager.java ProxyManager.java ProxyManager.java ProxyManager.java Proxies.java UploadJob.java Worker.java,StorageException below Proxies.proxy (thrown in SecurePreferences.get),x86_64,2016-09-19T08:39:33.906Z
EclipsePreferences.java JavaProject.java JavaProject.java ClasspathEntry.java ClasspathEntry.java ClasspathEntry.java ClasspathEntry.java ClasspathValidation.java ChangeClasspathOperation.java SetContainerOperation.java JavaModelOperation.java Workspace.java JavaModelOperation.java JavaModelManager.java Workspace.java JavaModelManager.java JavaModelManager.java JavaCore.java InitializeAfterLoadJob.java Worker.java,NullPointerException below JavaProject.getEclipsePreferences (thrown in EclipsePreferences.removeNodeChangeListener),x86_64,2016-12-13T09:17:53.134Z
PacketSendManager.java MirrorImpl.java MirrorImpl.java EventRequestImpl.java JDIDebugTarget.java JDIDebugTarget.java JDIDebugTarget.java JDIDebugTarget.java JDIDebugTarget.java JDIDebugModel.java Workspace.java JDIDebugModel.java JDIDebugModel.java SocketAttachConnector.java ZcB71zu8d0HxP5cf gas4qG1ketUf5x8R,VMDisconnectedException in PacketSendManager.sendPacket,x86_64,2016-12-13T04:52:20.659Z
PacketSendManager.java MirrorImpl.java MirrorImpl.java VirtualMachineImpl.java VirtualMachineImpl.java JDIDebugTarget.java JavaHotCodeReplaceManager.java JavaHotCodeReplaceManager.java JavaHotCodeReplaceManager.java DebugPlugin.java SafeRunner.java DebugPlugin.java DebugPlugin.java Worker.java,VMDisconnectedException in PacketSendManager.sendPacket,x86_64,2016-12-13T04:52:20.729Z
AstEvaluationEngine.java JavaInfoEvaluationHelper.java JavaInfoEvaluationHelper.java JavaInfoParser.java JavaInfoParser.java JavaInfoParser.java ExecutionUtils.java JavaInfoParser.java DelegatingMethodAccessorImpl.java Method.java ExecutionFlowUtils.java <generated> ASTNode.java ASTNode.java Assignment.java ASTNode.java ASTNode.java ExpressionStatement.java ASTNode.java ExecutionFlowUtils.java ExecutionFlowUtils.java ExecutionFlowUtils.java ExecutionFlowUtils.java ExecutionFlowUtils.java ExecutionFlowUtils.java ExecutionFlowUtils.java JavaInfoParser.java JavaInfoParser.java JavaInfoParser.java JavaInfoParser.java JavaInfoParser.java ExecutionUtils.java JavaInfoParser.java DesignPage.java DesignPage.java DesignPage.java Synchronizer.java UISynchronizer.java Display.java DesignPage.java ModalContext.java ModalContext.java ProgressMonitorDialog.java DesignPage.java DesignPage.java UndoManager.java DesignPage.java RefreshAction.java DesignPageAction.java JavaExceptionComposite.java ExceptionComposite.java TypedListener.java EventTable.java Display.java Widget.java Widget.java Widget.java Widget.java Display.java Display.java PartRenderingEngine.java Realm.java PartRenderingEngine.java E4Workbench.java Workbench.java Realm.java Workbench.java PlatformUI.java IDEApplication.java EclipseAppHandle.java EclipseAppLauncher.java EclipseAppLauncher.java EclipseStarter.java EclipseStarter.java NativeMethodAccessorImpl.java NativeMethodAccessorImpl.java DelegatingMethodAccessorImpl.java Method.java Main.java Main.java Main.java,NullPointerException below JavaInfoUtils.addExposedChildred_Method (thrown in MethodRef.get),x86_64,2016-12-13T09:23:55.460Z
FileLockTable.java FileLockTable.java FileChannelImpl.java FileChannel.java NativeFSLockFactory.java Lock.java IndexWriter.java FileSnippetRepository.java FileSnippetRepository.java FileSnippetRepository.java GitSnippetRepository.java EclipseGitSnippetRepository.java Worker.java,OverlappingFileLockException below FileSnippetRepository.doIndex (thrown in SharedFileLockTable.checkList),x86_64,2016-09-19T08:39:34.064Z
LogListener.java LogListener.java RuntimeLog.java PlatformLogWriter.java ExtendedLogReaderServiceFactory.java ExtendedLogReaderServiceFactory.java ExtendedLogReaderServiceFactory.java ExtendedLogReaderServiceFactory.java AccessController.java ExtendedLogReaderServiceFactory.java ExtendedLogServiceFactory.java ExtendedLogServiceImpl.java LoggerImpl.java EquinoxLogFactory.java LogHelper.java BundlesAction.java BundlesAction.java BundlesAction.java BundlesAction.java BundlesAction.java RepositoryListener.java RepositoryListener.java RepositoryListener.java BundlePoolFilteredListener.java SiteListener.java DirectoryWatcher.java DirectoryWatcher.java DirectoryWatcher.java SiteListener.java ExtensionLocationArtifactRepository.java ExtensionLocationArtifactRepository.java AbstractRepositoryManager.java NativeMethodAccessorImpl.java NativeMethodAccessorImpl.java DelegatingMethodAccessorImpl.java Method.java ReflectUtil.java CachingRepositoryManager.java CachingRepositoryManager.java CachingRepositoryManager.java ArtifactRepositoryManager.java ArtifactRepositoryManager.java Util.java Util.java CollectAction.java CollectAction.java Phase.java Phase.java PhaseSet.java Engine.java Engine.java ProvisioningSession.java ProfileModificationJob.java ProvisioningJob.java Worker.java,RuntimeException below ReflectUtil.invokeMethod (thrown in AccessController.doPrivileged),x86_64,2016-12-13T07:32:17.954Z
LogListener.java LogListener.java RuntimeLog.java PlatformLogWriter.java ExtendedLogReaderServiceFactory.java ExtendedLogReaderServiceFactory.java ExtendedLogReaderServiceFactory.java ExtendedLogServiceFactory.java ExtendedLogServiceImpl.java LoggerImpl.java Log.java WorkbenchErrorHandler.java IDEWorkbenchErrorHandler.java WorkbenchErrorHandlerProxy.java StatusManager.java StatusManager.java ProvUI.java ResolutionStatusPage.java ResolutionResultsWizardPage.java SizeComputingWizardPage.java ProvisioningOperationWizard.java WizardWithLicenses.java InstallWizard.java ProvisioningOperationWizard.java ProvisioningOperationWizard.java WizardWithLicenses.java WizardPage.java WizardDialog.java WizardDialog.java Dialog.java TypedListener.java EventTable.java Display.java Widget.java Widget.java Widget.java Widget.java Display.java Display.java Window.java Window.java ProvisioningUI.java ProvisioningUI.java InstallNewSoftwareHandler.java PreloadingRepositoryHandler.java PreloadingRepositoryHandler.java BusyIndicator.java PreloadingRepositoryHandler.java HandlerProxy.java E4HandlerProxy.java NativeMethodAccessorImpl.java NativeMethodAccessorImpl.java DelegatingMethodAccessorImpl.java Method.java MethodRequestor.java InjectorImpl.java InjectorImpl.java ContextInjectionFactory.java HandlerServiceHandler.java Command.java ParameterizedCommand.java HandlerServiceImpl.java HandledContributionItem.java HandledContributionItem.java HandledContributionItem.java HandledContributionItem.java EventTable.java Display.java Widget.java Widget.java Widget.java Widget.java Display.java Display.java PartRenderingEngine.java Realm.java PartRenderingEngine.java E4Workbench.java Workbench.java Realm.java Workbench.java PlatformUI.java IDEApplication.java EclipseAppHandle.java EclipseAppLauncher.java EclipseAppLauncher.java EclipseStarter.java EclipseStarter.java NativeMethodAccessorImpl.java NativeMethodAccessorImpl.java DelegatingMethodAccessorImpl.java Method.java Main.java Main.java Main.java,RuntimeException in ResolutionStatusPage.updateStatus,x86_64,2016-12-13T07:32:37.327Z
JavaBreakpoint.java JavaBreakpoint.java JavaBreakpoint.java EventDispatcher.java EventDispatcher.java EventDispatcher.java Worker.java,NullPointerException in JavaBreakpoint.installableReferenceType,x86_64,2016-12-05T06:53:48.891Z
SWT.java SWT.java SWT.java Widget.java Control.java E4aT6xLO+21xXyxr EventTable.java Display.java Widget.java Widget.java Widget.java Widget.java Widget.java Control.java Table.java Control.java Table.java Display.java OS.java OS.java Table.java Table.java Widget.java Control.java Control.java Table.java Display.java OS.java OS.java Display.java PartRenderingEngine.java Realm.java PartRenderingEngine.java E4Workbench.java Workbench.java Realm.java Workbench.java PlatformUI.java IDEApplication.java EclipseAppHandle.java EclipseAppLauncher.java EclipseAppLauncher.java EclipseStarter.java EclipseStarter.java Main.java Main.java Main.java Main.java,3rd party caused IllegalArgumentException below Control.setMenu,x86_64,2016-12-13T12:35:46.562Z
MethodRequestor.java InjectorImpl.java InjectorImpl.java ContextInjectionFactory.java HandlerServiceHandler.java Command.java ParameterizedCommand.java HandlerServiceImpl.java KeyBindingDispatcher.java KeyBindingDispatcher.java KeyBindingDispatcher.java KeyBindingDispatcher.java KeyBindingDispatcher.java KeyBindingDispatcher.java EventTable.java Display.java Widget.java Widget.java Widget.java Widget.java Widget.java Widget.java Control.java Canvas.java Control.java Canvas.java Display.java OS.java OS.java Display.java PartRenderingEngine.java Realm.java PartRenderingEngine.java E4Workbench.java Workbench.java Realm.java Workbench.java PlatformUI.java IDEApplication.java EclipseAppHandle.java EclipseAppLauncher.java EclipseAppLauncher.java EclipseStarter.java EclipseStarter.java Main.java Main.java Main.java Main.java,ClassFormatError below JavaSourceViewer.doOperation (thrown in ClassLoader.defineClass1),x86_64,2016-09-19T08:39:34.292Z
PreferencesUtil.java EclipsePreferences.java SafeRunner.java EclipsePreferences.java EclipsePreferences.java EclipsePreferences.java ProjectScope.java PreferencesService.java SafeRunner.java PreferencesService.java PreferencesService.java Util.java XMLWriter.java JavaProject.java JavaProject.java JavaModelManager.java JavaModelManager.java SetClasspathOperation.java JavaModelOperation.java Workspace.java JavaModelOperation.java JavaProject.java JavaProject.java JavaProject.java JavaProject.java SearchablePluginsManager.java SearchablePluginsManager.java SearchablePluginsManager.java AddToJavaSearchJob.java InternalWorkspaceJob.java Worker.java,NullPointerException in PreferencesUtil$PreferencesAdapter.added,x86_64,2016-09-19T08:39:34.312Z
XMLLoadImpl.java XMLLoadImpl.java XMLResourceImpl.java ResourceImpl.java ResourceImpl.java DAnalysisSessionImpl.java TransactionalEditingDomainImpl.java DAnalysisSessionImpl.java DAnalysisSessionImpl.java DAnalysisSessionImpl.java DAnalysisSessionImpl.java ResourceSetSync.java ResourceSetSync.java ResourceSyncClientNotifier.java Worker.java,PackageNotFoundException below DAnalysisSessionImpl$2.run (thrown in XMLHandler.getPackageForURI),x86_64,2016-09-19T08:39:34.320Z
PullCommand.java PullOperation.java Workspace.java PullOperation.java PullOperationUI.java PullOperationUI.java InternalWorkspaceJob.java Worker.java,JGitInternalException in PullCommand.call,x86_64,2016-12-04T07:32:59.356Z
ComponentDescriptionHelper.java ComponentDescriptionHelper.java ComponentDescriptionHelper.java WrapperMethodInfo.java AbstractParseFactory.java AbstractParseFactory.java AbstractParseFactory.java ParseFactory.java JavaInfoParser.java DelegatingMethodAccessorImpl.java Method.java ExecutionFlowUtils.java <generated> MethodInvocation.java ASTNode.java ASTNode.java Assignment.java ASTNode.java ASTNode.java ExpressionStatement.java ASTNode.java ExecutionFlowUtils.java ExecutionFlowUtils.java ExecutionFlowUtils.java ExecutionFlowUtils.java ExecutionFlowUtils.java ExecutionFlowUtils.java ThisCreationSupport.java ThisCreationSupport.java ThisCreationSupport.java ThisCreationSupport.java <generated> Wizard.java WizardDialog.java WizardDialog.java Window.java Dialog.java WizardPageInfo.java JavaInfoUtils.java DelegatingMethodAccessorImpl.java Method.java BroadcastSupport.java <generated> JavaInfoParser.java ExecutionUtils.java JavaInfoParser.java ExecutionFlowUtils.java ExecutionFlowUtils.java ExecutionFlowUtils.java JavaInfoParser.java JavaInfoParser.java JavaInfoParser.java JavaInfoParser.java JavaInfoParser.java ExecutionUtils.java JavaInfoParser.java DesignPage.java DesignPage.java DesignPage.java Synchronizer.java UISynchronizer.java Display.java DesignPage.java ModalContext.java ModalContext.java ProgressMonitorDialog.java DesignPage.java DesignPage.java UndoManager.java UndoManager.java DesignPage.java DesignPage.java DefaultMultiMode.java DefaultMultiMode.java TypedListener.java EventTable.java Display.java Widget.java Widget.java Widget.java Widget.java CTabFolder.java CTabFolder.java CTabFolder.java EventTable.java Display.java Widget.java Widget.java Widget.java Widget.java Display.java Display.java PartRenderingEngine.java Realm.java PartRenderingEngine.java E4Workbench.java Workbench.java Realm.java Workbench.java PlatformUI.java IDEApplication.java EclipseAppHandle.java EclipseAppLauncher.java EclipseAppLauncher.java EclipseStarter.java EclipseStarter.java NativeMethodAccessorImpl.java NativeMethodAccessorImpl.java DelegatingMethodAccessorImpl.java Method.java Main.java Main.java Main.java,NullPointerException below StandardBeanPropertiesRule.begin (thrown in MethodRef.get),x86_64,2016-09-19T08:39:34.334Z
PluginModelManager.java PluginModelManager.java PluginModelManager.java RequiredPluginsInitializer.java Worker.java,CoreException in PluginModelManager.getExternalBundles,x86_64,2016-12-11T07:33:34.260Z
XcoreLogicalContainerAwareReentrantTypeResolver.java LogicalContainerAwareReentrantTypeResolver.java LogicalContainerAwareReentrantTypeResolver.java LogicalContainerAwareReentrantTypeResolver.java LogicalContainerAwareReentrantTypeResolver.java LogicalContainerAwareReentrantTypeResolver.java LogicalContainerAwareReentrantTypeResolver.java LogicalContainerAwareReentrantTypeResolver.java LogicalContainerAwareReentrantTypeResolver.java DefaultReentrantTypeResolver.java DefaultReentrantTypeResolver.java DefaultBatchTypeResolver.java CompoundReentrantTypeResolver.java CachingBatchTypeResolver.java CachingBatchTypeResolver.java CachingBatchTypeResolver.java IUnitOfWork.java OnChangeEvictingCache.java CachingBatchTypeResolver.java AbstractBatchTypeResolver.java BatchLinkingService.java BatchLinkableResource.java EcoreUtil2.java ResourceValidatorImpl.java ResourceValidatorImpl.java ValidationJob.java ValidationJob.java CancelableUnitOfWork.java XtextDocument.java XtextDocument.java XtextDocument.java ValidationJob.java ValidationJob.java Worker.java,NullPointerException below LogicalContainerAwareReentrantTypeResolver.addExtensionFieldsToMemberSession (thrown in XcoreLogicalContainerAwareReentrantTypeResolver.getExtendedClass),x86_64,2016-09-19T08:39:34.360Z
SourceTypeBinding.java SourceTypeBinding.java ReferenceBinding.java TypeBinding.java ScopeAnalyzer.java ScopeAnalyzer.java ScopeAnalyzer.java ScopeAnalyzer.java ContextSensitiveImportRewriteContext.java ContextSensitiveImportRewriteContext.java ImportRewrite.java ImportRewrite.java UnresolvedElementsSubProcessor.java UnresolvedElementsSubProcessor.java UnresolvedElementsSubProcessor.java QuickFixProcessor.java QuickFixProcessor.java JavaCorrectionProcessor.java JavaCorrectionProcessor.java SafeRunner.java JavaCorrectionProcessor.java JavaCorrectionProcessor.java JavaCorrectionProcessor.java JavaCorrectionProcessor.java QuickAssistAssistant.java ContentAssistant.java CompletionProposalPopup.java CompletionProposalPopup.java CompletionProposalPopup.java BusyIndicator.java CompletionProposalPopup.java ContentAssistant.java QuickAssistAssistant.java JavaCorrectionAssistant.java CompilationUnitEditor.java TextOperationAction.java BusyIndicator.java TextOperationAction.java Action.java ActionHandler.java E4HandlerProxy.java DelegatingMethodAccessorImpl.java Method.java MethodRequestor.java InjectorImpl.java InjectorImpl.java ContextInjectionFactory.java HandlerServiceHandler.java Command.java ParameterizedCommand.java HandlerServiceImpl.java KeyBindingDispatcher.java KeyBindingDispatcher.java KeyBindingDispatcher.java KeyBindingDispatcher.java KeyBindingDispatcher.java KeyBindingDispatcher.java EventTable.java Display.java Display.java Widget.java Widget.java Widget.java Widget.java Widget.java Canvas.java Control.java Display.java OS.java NSResponder.java Composite.java Display.java OS.java Widget.java Widget.java Shell.java Display.java OS.java Display.java Display.java OS.java NSApplication.java Display.java PartRenderingEngine.java Realm.java PartRenderingEngine.java E4Workbench.java Workbench.java Realm.java Workbench.java PlatformUI.java IDEApplication.java EclipseAppHandle.java EclipseAppLauncher.java EclipseAppLauncher.java EclipseStarter.java EclipseStarter.java NativeMethodAccessorImpl.java NativeMethodAccessorImpl.java DelegatingMethodAccessorImpl.java Method.java Main.java Main.java Main.java,NullPointerException in SourceTypeBinding.resolveTypesFor,x86_64,2016-12-13T09:30:10.834Z
SourceTypeBinding.java SourceTypeBinding.java ReferenceBinding.java TypeBinding.java ScopeAnalyzer.java ScopeAnalyzer.java ScopeAnalyzer.java ScopeAnalyzer.java ContextSensitiveImportRewriteContext.java ContextSensitiveImportRewriteContext.java ImportRewrite.java ImportRewrite.java UnresolvedElementsSubProcessor.java UnresolvedElementsSubProcessor.java UnresolvedElementsSubProcessor.java QuickFixProcessor.java QuickFixProcessor.java JavaCorrectionProcessor.java JavaCorrectionProcessor.java SafeRunner.java JavaCorrectionProcessor.java JavaCorrectionProcessor.java JavaCorrectionProcessor.java JavaCorrectionProcessor.java QuickAssistAssistant.java ContentAssistant.java CompletionProposalPopup.java CompletionProposalPopup.java CompletionProposalPopup.java BusyIndicator.java CompletionProposalPopup.java ContentAssistant.java QuickAssistAssistant.java JavaCorrectionAssistant.java CompilationUnitEditor.java TextOperationAction.java BusyIndicator.java TextOperationAction.java Action.java ActionHandler.java E4HandlerProxy.java DelegatingMethodAccessorImpl.java Method.java MethodRequestor.java InjectorImpl.java InjectorImpl.java ContextInjectionFactory.java HandlerServiceHandler.java Command.java ParameterizedCommand.java HandlerServiceImpl.java KeyBindingDispatcher.java KeyBindingDispatcher.java KeyBindingDispatcher.java KeyBindingDispatcher.java KeyBindingDispatcher.java KeyBindingDispatcher.java EventTable.java Display.java Display.java Widget.java Widget.java Widget.java Widget.java Widget.java Canvas.java Control.java Display.java OS.java NSResponder.java Composite.java Display.java OS.java Widget.java Widget.java Shell.java Display.java OS.java Display.java Display.java OS.java NSApplication.java Display.java PartRenderingEngine.java Realm.java PartRenderingEngine.java E4Workbench.java Workbench.java Realm.java Workbench.java PlatformUI.java IDEApplication.java EclipseAppHandle.java EclipseAppLauncher.java EclipseAppLauncher.java EclipseStarter.java EclipseStarter.java NativeMethodAccessorImpl.java NativeMethodAccessorImpl.java DelegatingMethodAccessorImpl.java Method.java Main.java Main.java Main.java,NullPointerException in SourceTypeBinding.resolveTypeFor,x86_64,2016-12-12T07:33:15.186Z
Breakpoint.java JavaBreakpoint.java JavaBreakpoint.java JavaBreakpoint.java JavaBreakpoint.java JavaBreakpoint.java JavaBreakpoint.java JavaLineBreakpoint.java JDIDebugTarget.java JDIDebugTarget.java JavaHotCodeReplaceManager.java JavaHotCodeReplaceManager.java JavaHotCodeReplaceManager.java JavaHotCodeReplaceManager.java DebugPlugin.java SafeRunner.java DebugPlugin.java DebugPlugin.java Worker.java,DebugException in Breakpoint.ensureMarker,x86_64,2016-12-13T07:32:53.464Z
Openable.java CompilationUnit.java CompilationUnit.java CompilationUnit.java JavaContentAssistInvocationContext.java JavaContentAssistInvocationContext.java TemplateCompletionProposalComputer.java AbstractTemplateCompletionProposalComputer.java CompletionProposalComputerDescriptor.java CompletionProposalCategory.java ContentAssistProcessor.java ContentAssistProcessor.java ContentAssistant.java CompletionProposalPopup.java CompletionProposalPopup.java CompletionProposalPopup.java BusyIndicator.java CompletionProposalPopup.java ContentAssistant.java RunnableLock.java Synchronizer.java Display.java Display.java PartRenderingEngine.java Realm.java PartRenderingEngine.java E4Workbench.java Workbench.java Realm.java Workbench.java PlatformUI.java IDEApplication.java EclipseAppHandle.java EclipseAppLauncher.java EclipseAppLauncher.java EclipseStarter.java EclipseStarter.java NativeMethodAccessorImpl.java NativeMethodAccessorImpl.java DelegatingMethodAccessorImpl.java Method.java Main.java Main.java Main.java,JavaModelException below JavaContentAssistInvocationContext.computeKeywordsAndContext (thrown in Openable.codeComplete),x86_64,2016-12-13T15:02:34.535Z
GitCloneTaskImpl.java SetupTaskPerformer.java SetupTaskPerformer.java SetupTaskPerformer.java Workspace.java SetupTaskPerformer.java SetupTaskPerformer.java SetupTaskPerformer.java SetupTaskPerformer.java SetupTaskPerformer.java ProgressPage.java ProgressPage.java Worker.java,3rd party caused HIDDEN below JschConfigSessionFactory.getSession,x86_64,2016-12-13T07:33:08.235Z
Breakpoint.java JavaLineBreakpoint.java JavaLineBreakpoint.java JDIDebugModel.java LineBreakpointTypeChange.java CompositeChange.java PerformChangeOperation.java Workspace.java PerformChangeOperation.java UIPerformChangeOperation.java PerformChangeOperation.java Workspace.java WorkbenchRunnableAdapter.java ModalContext.java,DebugException below CompositeChange.perform (thrown in Breakpoint.run),x86_64,2016-12-13T07:33:21.439Z
ResourceSetImpl.java ResourceSetImpl.java ResourceSetImpl.java ResourceSetImpl.java SetupUtil.java ResourceSetImpl.java RecorderTransaction.java RecorderManager.java RecorderManager.java RecorderManager.java Worker.java,HIDDEN below BaseResourceImpl.doLoad (thrown in ErrorHandlerWrapper.createSAXParseException),x86_64,2016-12-13T07:33:34.940Z
RebaseCommand.java RebaseCommand.java RebaseOperation.java Workspace.java RebaseOperation.java JobUtil.java InternalWorkspaceJob.java Worker.java,UnmergedPathsException in RebaseCommand.continueRebase,x86_64,2016-12-12T07:34:13.842Z
RebaseCommand.java RebaseOperation.java Workspace.java RebaseOperation.java JobUtil.java InternalWorkspaceJob.java Worker.java,FileNotFoundException below IO.readFully (thrown in FileInputStream.open),x86_64,2016-12-10T07:34:59.265Z
RebaseCommand.java RebaseCommand.java RebaseOperation.java Workspace.java RebaseOperation.java JobUtil.java InternalWorkspaceJob.java Worker.java,WrongRepositoryStateException in RebaseCommand.checkParameters,x86_64,2016-12-10T07:35:09.646Z
LogListener.java LogListener.java RuntimeLog.java PlatformLogWriter.java ExtendedLogReaderServiceFactory.java ExtendedLogReaderServiceFactory.java ExtendedLogReaderServiceFactory.java ExtendedLogReaderServiceFactory.java AccessController.java ExtendedLogReaderServiceFactory.java ExtendedLogServiceFactory.java ExtendedLogServiceImpl.java LoggerImpl.java Log.java MarkerUtilities.java MarkerUtilities.java IssueUtil.java IssueUtil.java IssueUtil.java XtextEditorErrorTickUpdater.java XtextEditorErrorTickUpdater.java XtextEditorErrorTickUpdater.java AnnotationModel.java AnnotationModel.java DocumentLineDiffer.java DocumentLineDiffer.java DocumentLineDiffer.java Worker.java,RuntimeException below MarkerUtilities.handleCoreException (thrown in AccessController.doPrivileged),x86_64,2016-09-19T08:39:34.797Z
LogListener.java LogListener.java RuntimeLog.java PlatformLogWriter.java ExtendedLogReaderServiceFactory.java ExtendedLogReaderServiceFactory.java ExtendedLogReaderServiceFactory.java ExtendedLogServiceFactory.java ExtendedLogServiceImpl.java LoggerImpl.java EquinoxLogFactory.java Utils.java Utils.java A4qj/qR2fiVfpRHK File.java WjjISmOJG/P1IKe1 NRFpW62P8s7jYCOH R2msNojB5CtO4rNQ hZpC18fr1/YnDvcY HUenVtC8gnXYOJE+ EPefOh+e40IN0qYz UpdateManagerHelper.java TargetPlatform.java LaunchConfigurationHelper.java EclipseApplicationLaunchConfiguration.java AbstractPDELaunchConfiguration.java LaunchConfiguration.java LaunchConfiguration.java DebugUIPlugin.java DebugUIPlugin.java Worker.java,3rd party caused RuntimeException below UpdateManagerHelper.createPlatformConfiguration,x86_64,2016-09-19T08:39:34.807Z
FileBufferModelManager.java ModelManagerImpl.java ModelManagerImpl.java PomEdits.java OverviewPage.java RunnableLock.java Synchronizer.java Display.java Display.java Window.java Window.java LogListener.java RunnableLock.java Synchronizer.java Display.java Display.java PartRenderingEngine.java Realm.java PartRenderingEngine.java E4Workbench.java Workbench.java Realm.java Workbench.java PlatformUI.java IDEApplication.java EclipseAppHandle.java EclipseAppLauncher.java EclipseAppLauncher.java EclipseStarter.java EclipseStarter.java NativeMethodAccessorImpl.java NativeMethodAccessorImpl.java DelegatingMethodAccessorImpl.java Method.java Main.java Main.java Main.java,IllegalArgumentException in FileBufferModelManager.calculateId,x86_64,2016-12-13T13:23:37.531Z
Logs.java Logs.java XyJNMuS/zOmz5Nld IntelligentCompletionProposalComputer.java IntelligentCompletionProposalComputer.java CompletionProposalComputerDescriptor.java CompletionProposalCategory.java ContentAssistProcessor.java ContentAssistProcessor.java ContentAssistant.java CompletionProposalPopup.java CompletionProposalPopup.java CompletionProposalPopup.java BusyIndicator.java CompletionProposalPopup.java ContentAssistant.java RunnableLock.java Synchronizer.java Display.java Display.java PartRenderingEngine.java Realm.java PartRenderingEngine.java E4Workbench.java Workbench.java Realm.java Workbench.java PlatformUI.java IDEApplication.java EclipseAppHandle.java EclipseAppLauncher.java EclipseAppLauncher.java EclipseStarter.java EclipseStarter.java Main.java Main.java Main.java,LogTraceException below CompletionProposalComputerDescriptor.computeCompletionProposals (thrown in CompletionSessionProcessor.process),x86,2016-09-19T08:39:34.987Z
CacheManager.java CacheManager.java SimpleArtifactRepositoryFactory.java SimpleArtifactRepositoryFactory.java SimpleArtifactRepositoryFactory.java ArtifactRepositoryManager.java AbstractRepositoryManager.java ReflectUtil.java CachingRepositoryManager.java CachingRepositoryManager.java CachingRepositoryManager.java ArtifactRepositoryManager.java ArtifactRepositoryManager.java CompositeArtifactRepository.java CompositeArtifactRepository.java CompositeArtifactRepository.java CompositeArtifactRepositoryFactory.java ArtifactRepositoryManager.java AbstractRepositoryManager.java ReflectUtil.java CachingRepositoryManager.java CachingRepositoryManager.java CachingRepositoryManager.java ArtifactRepositoryManager.java ArtifactRepositoryManager.java ProvisioningContext.java ProvisioningContext.java Sizing.java Phase.java Phase.java PhaseSet.java Engine.java Engine.java ProvUI.java SizeComputingWizardPage.java Worker.java,NullPointerException below ReflectUtil.invokeMethod (thrown in CacheManager.updateCache),x86_64,2016-09-19T08:39:34.996Z
Assert.java Assert.java EditorStatusLine.java Viewer.java SafeRunner.java JFaceUtil.java SafeRunnable.java Viewer.java TextViewer.java TextViewer.java TextViewer.java TextViewer.java TextViewer.java TextViewer.java TextViewer.java TextViewer.java TextViewer.java TextViewer.java AbstractDocument.java AbstractDocument.java SynchronizableDocument.java TextChange.java TextFileChange.java TextFileChange.java UISynchronizationContext.java TextFileBufferManager.java TextFileChange.java TextChange.java ChangeCorrectionProposal.java AddImportCorrectionProposal.java CUCorrectionProposal.java AbstractAnnotationHover.java AbstractAnnotationHover.java AbstractAnnotationHover.java TypedListener.java EventTable.java Display.java Widget.java Widget.java Widget.java Link.java Control.java Composite.java Control.java Control.java Display.java OS.java OS.java Link.java Widget.java Control.java Link.java Control.java Display.java OS.java OS.java Display.java PartRenderingEngine.java Realm.java PartRenderingEngine.java E4Workbench.java Workbench.java Realm.java Workbench.java PlatformUI.java IDEApplication.java EclipseAppHandle.java EclipseAppLauncher.java EclipseAppLauncher.java EclipseStarter.java EclipseStarter.java Main.java Main.java Main.java Main.java,AssertionFailedException below TextChange.performEdits (thrown in EditorStatusLine$StatusLineClearer.selectionChanged),x86_64,2016-09-19T08:39:35.024Z
LogListener.java LogListener.java RuntimeLog.java PlatformLogWriter.java ExtendedLogReaderServiceFactory.java ExtendedLogReaderServiceFactory.java ExtendedLogReaderServiceFactory.java ExtendedLogServiceFactory.java ExtendedLogServiceImpl.java LoggerImpl.java Log.java Util.java Util.java JarPackageFragmentRoot.java JavaProjectElementInfo.java JavaProjectElementInfo.java JavaProject.java JavaProjectElementInfo.java JavaProject.java SearchableEnvironment.java SearchableEnvironment.java CancelableNameEnvironment.java CompilationUnitProblemFinder.java CompilationUnitProblemFinder.java ReconcileWorkingCopyOperation.java ReconcileWorkingCopyOperation.java JavaModelOperation.java JavaModelOperation.java CompilationUnit.java JavaReconcilingStrategy.java JavaReconcilingStrategy.java JavaReconcilingStrategy.java SafeRunner.java JavaReconcilingStrategy.java JavaReconcilingStrategy.java CompositeReconcilingStrategy.java JavaCompositeReconcilingStrategy.java MonoReconciler.java AbstractReconciler.java,RuntimeException in JarPackageFragmentRoot.computeChildren,x86_64,2016-12-13T07:34:08.155Z
LogListener.java LogListener.java RuntimeLog.java PlatformLogWriter.java ExtendedLogReaderServiceFactory.java ExtendedLogReaderServiceFactory.java ExtendedLogReaderServiceFactory.java ExtendedLogServiceFactory.java ExtendedLogServiceImpl.java LoggerImpl.java Log.java Logs.java ProposalUtils.java WFWe8oRrCnlLfKoG IntelligentCompletionProposalComputer.java IntelligentCompletionProposalComputer.java CompletionProposalComputerDescriptor.java CompletionProposalCategory.java ContentAssistProcessor.java ContentAssistProcessor.java ContentAssistant.java CompletionProposalPopup.java CompletionProposalPopup.java CompletionProposalPopup.java BusyIndicator.java CompletionProposalPopup.java ContentAssistant.java CompilationUnitEditor.java ContentAssistAction.java BusyIndicator.java ContentAssistAction.java Action.java ActionHandler.java E4HandlerProxy.java MethodRequestor.java InjectorImpl.java InjectorImpl.java ContextInjectionFactory.java HandlerServiceHandler.java Command.java ParameterizedCommand.java HandlerServiceImpl.java KeyBindingDispatcher.java KeyBindingDispatcher.java KeyBindingDispatcher.java KeyBindingDispatcher.java KeyBindingDispatcher.java KeyBindingDispatcher.java EventTable.java Display.java Widget.java Widget.java Widget.java Widget.java Widget.java Widget.java Control.java Canvas.java Control.java Canvas.java Display.java OS.java OS.java Display.java PartRenderingEngine.java Realm.java PartRenderingEngine.java E4Workbench.java Workbench.java Realm.java Workbench.java PlatformUI.java IDEApplication.java EclipseAppHandle.java EclipseAppLauncher.java EclipseAppLauncher.java EclipseStarter.java EclipseStarter.java Main.java Main.java Main.java,RuntimeException in ProposalUtils.toMethodName,x86,2016-09-19T08:39:35.225Z
PacketReceiveManager.java PacketReceiveManager.java MirrorImpl.java MirrorImpl.java MirrorImpl.java ClassTypeImpl.java ReferenceTypeImpl.java ReferenceTypeImpl.java JDIValue.java JDIValue.java JDIStackFrame.java JavaDebugHover.java JavaDebugHover.java BestMatchHover.java BestMatchHover.java JavaEditorTextHoverProxy.java TextViewerHoverManager.java,TimeoutException below BestMatchHover.getHoverInfo2 (thrown in PacketReceiveManager.getReply),x86,2016-12-13T07:34:24.463Z
JavaElement.java ClassFile.java ClassFile.java ClassFile.java Openable.java JavaElement.java JavaElement.java JavaElement.java Openable.java ClassFile.java BinaryMember.java S0FLTXMs/8yvALSP dQApvsiBMEeF5g64 LE6DvoZ6R8U8xKf9 a1Y7cz9mO76HX1Qo bVkMEw1DFmJOn+Zf G2Hl3G4ayBy3G8Nn Gel4HvuTxqbB+7cx W9mETKGntBKDenZH Qv8MtFPgwBwGG9l9 K25odgNaoxUFQgd5 Worker.java,JavaModelException in JavaElement.newNotPresentException,x86_64,2016-12-13T14:36:14.650Z
ArrayList.java ArrayList.java AbstractList.java cYINlCJyokiqgsJY Blh0JwIbm5Z1tQkY XUMlf+lD4NrpZmEE StructuredViewer.java AbstractTableViewer.java AbstractTableViewer.java AbstractTableViewer.java StructuredViewer.java StructuredViewer.java StructuredViewer.java StructuredViewer.java ColumnViewer.java StructuredViewer.java ProjectCoordinatesView.java ProjectCoordinatesView.java ProjectCoordinatesView.java UIJob.java RunnableLock.java Synchronizer.java Display.java Display.java PartRenderingEngine.java Realm.java PartRenderingEngine.java E4Workbench.java Workbench.java Realm.java Workbench.java PlatformUI.java IDEApplication.java EclipseAppHandle.java EclipseAppLauncher.java EclipseAppLauncher.java EclipseStarter.java EclipseStarter.java NativeMethodAccessorImpl.java NativeMethodAccessorImpl.java DelegatingMethodAccessorImpl.java Method.java Main.java Main.java Main.java,3rd party caused ConcurrentModificationException below ProjectCoordinatesView.refreshTableUI,x86_64,2016-09-19T08:39:36.083Z
SWT.java SWT.java SWT.java Widget.java Widget.java Control.java Composite.java Composite.java StatusTextEditor.java JavaEditor.java CompatibilityPart.java MethodRequestor.java InjectorImpl.java InjectorImpl.java InjectorImpl.java ContextInjectionFactory.java PartRenderingEngine.java ContributedPartRenderer.java CTabItem.java CTabFolder.java Control.java Control.java CTabFolder.java CTabFolder.java StackRenderer.java LazyStackRenderer.java UIEventHandler.java Synchronizer.java UISynchronizer.java Display.java E4Application.java UIEventHandler.java EventHandlerWrapper.java EventHandlerTracker.java EventHandlerTracker.java EventManager.java ListenerQueue.java EventAdminImpl.java EventAdminImpl.java EventComponent.java EventBroker.java UIEventPublisher.java BasicNotifierImpl.java ElementContainerImpl.java PartServiceImpl.java WorkbenchPage.java WorkbenchPage.java WorkbenchPage.java WorkbenchPage.java CloseEditorHandler.java HandlerProxy.java E4HandlerProxy.java MethodRequestor.java InjectorImpl.java InjectorImpl.java ContextInjectionFactory.java HandlerServiceHandler.java Command.java ParameterizedCommand.java HandlerServiceImpl.java KeyBindingDispatcher.java KeyBindingDispatcher.java KeyBindingDispatcher.java KeyBindingDispatcher.java KeyBindingDispatcher.java KeyBindingDispatcher.java EventTable.java Display.java Widget.java Widget.java Widget.java Widget.java Widget.java Widget.java Control.java Canvas.java Control.java Canvas.java Display.java OS.java OS.java Display.java PartRenderingEngine.java Realm.java PartRenderingEngine.java E4Workbench.java Workbench.java Realm.java Workbench.java PlatformUI.java IDEApplication.java EclipseAppHandle.java EclipseAppLauncher.java EclipseAppLauncher.java EclipseStarter.java EclipseStarter.java Main.java Main.java Main.java Main.java,SWTException below StatusTextEditor.setFocus (thrown in Widget.checkWidget),x86_64,2016-12-13T14:51:45.810Z
ASTResolving.java ASTResolving.java UnresolvedElementsSubProcessor.java UnresolvedElementsSubProcessor.java QuickFixProcessor.java QuickFixProcessor.java JavaCorrectionProcessor.java JavaCorrectionProcessor.java SafeRunner.java JavaCorrectionProcessor.java JavaCorrectionProcessor.java JavaCorrectionProcessor.java ProblemHover.java ProblemHover.java AbstractAnnotationHover.java AbstractAnnotationHover.java AbstractInformationControlManager.java AbstractInformationControlManager.java AbstractHoverInformationControlManager.java TextViewerHoverManager.java TextViewerHoverManager.java RunnableLock.java Synchronizer.java Display.java Display.java PartRenderingEngine.java Realm.java PartRenderingEngine.java E4Workbench.java Workbench.java Realm.java Workbench.java PlatformUI.java IDEApplication.java EclipseAppHandle.java EclipseAppLauncher.java EclipseAppLauncher.java EclipseStarter.java EclipseStarter.java Main.java Main.java Main.java Main.java,NullPointerException in ASTResolving.internalGetPossibleTypeKinds,x86_64,2016-12-13T09:36:10.704Z
MSAhqcY8DrrRHzmz ASTNode.java ASTConverter.java ASTConverter.java ASTConverter.java ASTConverter.java ASTConverter.java ASTConverter.java ASTConverter.java ASTConverter.java ASTConverter.java ASTConverter.java CompilationUnitResolver.java ASTParser.java ASTParser.java ASTProvider.java SafeRunner.java ASTProvider.java ASTProvider.java SharedASTProvider.java NLSStringHover.java NLSStringHover.java BestMatchHover.java BestMatchHover.java JavaEditorTextHoverProxy.java TextViewerHoverManager.java,3rd party caused IllegalArgumentException below ASTNode.setSourceRange,x86_64,2016-12-13T07:35:08.280Z
Resource.java Resource.java FL3vWlCr6S6P73/2 BuildManager.java SafeRunner.java BuildManager.java BuildManager.java BuildManager.java SafeRunner.java BuildManager.java BuildManager.java BuildManager.java Workspace.java Workspace.java CleanDialog.java CleanDialog.java InternalWorkspaceJob.java Worker.java,3rd party caused ResourceException below Resource.delete,x86_64,2016-12-13T11:29:52.901Z
LogListener.java LogListener.java RuntimeLog.java PlatformLogWriter.java ExtendedLogReaderServiceFactory.java ExtendedLogReaderServiceFactory.java ExtendedLogReaderServiceFactory.java ExtendedLogServiceFactory.java ExtendedLogServiceImpl.java LoggerImpl.java PlatformLogWriter.java RuntimeLog.java JobManager.java WorkerPool.java Worker.java,AbstractMethodError in XbaseJavaValidator.checkNoForwardReferences,x86_64,2016-09-19T08:39:36.293Z
LogListener.java LogListener.java RuntimeLog.java PlatformLogWriter.java ExtendedLogReaderServiceFactory.java ExtendedLogReaderServiceFactory.java ExtendedLogReaderServiceFactory.java ExtendedLogServiceFactory.java ExtendedLogServiceImpl.java LoggerImpl.java Log.java WorkbenchPlugin.java CompatibilityPart.java CompatibilityPart.java MethodRequestor.java InjectorImpl.java InjectorImpl.java InjectorImpl.java InjectorImpl.java InjectorImpl.java ContextInjectionFactory.java ReflectionContributionFactory.java ReflectionContributionFactory.java ReflectionContributionFactory.java ContributedPartRenderer.java PartRenderingEngine.java PartRenderingEngine.java PartRenderingEngine.java PartRenderingEngine.java PartRenderingEngine.java SafeRunner.java PartRenderingEngine.java PartServiceImpl.java UIEventHandler.java Synchronizer.java UISynchronizer.java Display.java E4Application.java UIEventHandler.java EventHandlerWrapper.java EventHandlerTracker.java EventHandlerTracker.java EventManager.java ListenerQueue.java EventAdminImpl.java EventAdminImpl.java EventComponent.java EventBroker.java UIEventPublisher.java BasicNotifierImpl.java ElementContainerImpl.java ModelServiceImpl.java ModelServiceImpl.java PartServiceImpl.java PartServiceImpl.java PartServiceImpl.java WorkbenchPage.java WorkbenchPage.java WorkbenchPage.java BusyIndicator.java WorkbenchPage.java WorkbenchPage.java WorkbenchPage.java EgitUiEditorUtils.java EgitUiEditorUtils.java EgitUiEditorUtils.java ShowVersionsHandler.java HandlerProxy.java E4HandlerProxy.java MethodRequestor.java InjectorImpl.java InjectorImpl.java ContextInjectionFactory.java HandlerServiceHandler.java Command.java ParameterizedCommand.java HandlerServiceImpl.java LegacyHandlerService.java CommitGraphTable.java StructuredViewer.java SafeRunner.java JFaceUtil.java SafeRunnable.java StructuredViewer.java StructuredViewer.java StructuredViewer.java OpenStrategy.java OpenStrategy.java OpenStrategy.java EventTable.java Display.java Widget.java Display.java Display.java PartRenderingEngine.java Realm.java PartRenderingEngine.java E4Workbench.java Workbench.java Realm.java Workbench.java PlatformUI.java IDEApplication.java EclipseAppHandle.java EclipseAppLauncher.java EclipseAppLauncher.java EclipseStarter.java EclipseStarter.java Main.java Main.java Main.java Main.java,RuntimeException in CompatibilityPart.handlePartInitException,x86_64,2016-12-13T07:35:24.813Z
MultiPageEditorPart.java MultiPageEditorPart.java FormEditor.java Z6JqV7mtEIrAaxEu ae7fSgU1b2N0e5Am CompatibilityPart.java CompatibilityPart.java MethodRequestor.java InjectorImpl.java InjectorImpl.java InjectorImpl.java InjectorImpl.java InjectorImpl.java ContextInjectionFactory.java ReflectionContributionFactory.java ReflectionContributionFactory.java ReflectionContributionFactory.java ContributedPartRenderer.java PartRenderingEngine.java PartRenderingEngine.java PartRenderingEngine.java PartRenderingEngine.java PartRenderingEngine.java SafeRunner.java PartRenderingEngine.java PartServiceImpl.java UIEventHandler.java Synchronizer.java UISynchronizer.java Display.java E4Application.java UIEventHandler.java EventHandlerWrapper.java EventHandlerTracker.java EventHandlerTracker.java EventManager.java ListenerQueue.java EventAdminImpl.java EventAdminImpl.java EventComponent.java EventBroker.java UIEventPublisher.java BasicNotifierImpl.java ElementContainerImpl.java ModelServiceImpl.java ModelServiceImpl.java PartServiceImpl.java PartServiceImpl.java PartServiceImpl.java WorkbenchPage.java WorkbenchPage.java WorkbenchPage.java BusyIndicator.java WorkbenchPage.java WorkbenchPage.java WorkbenchPage.java EgitUiEditorUtils.java EgitUiEditorUtils.java EgitUiEditorUtils.java ShowVersionsHandler.java HandlerProxy.java E4HandlerProxy.java MethodRequestor.java InjectorImpl.java InjectorImpl.java ContextInjectionFactory.java HandlerServiceHandler.java Command.java ParameterizedCommand.java HandlerServiceImpl.java LegacyHandlerService.java CommitGraphTable.java StructuredViewer.java SafeRunner.java JFaceUtil.java SafeRunnable.java StructuredViewer.java StructuredViewer.java StructuredViewer.java OpenStrategy.java OpenStrategy.java OpenStrategy.java EventTable.java Display.java Widget.java Display.java Display.java PartRenderingEngine.java Realm.java PartRenderingEngine.java E4Workbench.java Workbench.java Realm.java Workbench.java PlatformUI.java IDEApplication.java EclipseAppHandle.java EclipseAppLauncher.java EclipseAppLauncher.java EclipseStarter.java EclipseStarter.java Main.java Main.java Main.java Main.java,NullPointerException in MultiPageEditorPart.deactivateSite,x86_64,2016-12-12T20:16:18.717Z
LogListener.java LogListener.java RuntimeLog.java PlatformLogWriter.java ExtendedLogReaderServiceFactory.java ExtendedLogReaderServiceFactory.java ExtendedLogReaderServiceFactory.java ExtendedLogServiceFactory.java ExtendedLogServiceImpl.java LoggerImpl.java PlatformLogWriter.java RuntimeLog.java JobManager.java WorkerPool.java Worker.java,3rd party caused NullPointerException below BuildManager$2.run,x86_64,2016-12-13T13:34:40.429Z
JavaEditorSearchContext.java JavaEditorSearchContext.java SnipmatchContentAssistProcessor.java ContentAssistant.java CompletionProposalPopup.java CompletionProposalPopup.java CompletionProposalPopup.java BusyIndicator.java CompletionProposalPopup.java ContentAssistant.java SnipmatchCompletionEngine.java TypedListener.java EventTable.java Display.java Widget.java Widget.java Widget.java Widget.java StyledText.java StyledText.java StyledText.java StyledText.java StyledText.java StyledText.java EventTable.java Display.java Widget.java Widget.java Widget.java Widget.java Control.java Canvas.java Display.java OS.java NSResponder.java Composite.java Display.java OS.java Widget.java Widget.java Shell.java Display.java OS.java Display.java Display.java OS.java NSApplication.java Display.java PartRenderingEngine.java Realm.java PartRenderingEngine.java E4Workbench.java Workbench.java Realm.java Workbench.java PlatformUI.java IDEApplication.java EclipseAppHandle.java EclipseAppLauncher.java EclipseAppLauncher.java EclipseStarter.java EclipseStarter.java NativeMethodAccessorImpl.java NativeMethodAccessorImpl.java DelegatingMethodAccessorImpl.java Method.java Main.java Main.java Main.java,NullPointerException in JavaEditorSearchContext.getAvailableDependencies,x86_64,2016-09-19T08:39:36.426Z
LogListener.java LogListener.java RuntimeLog.java PlatformLogWriter.java ExtendedLogReaderServiceFactory.java ExtendedLogReaderServiceFactory.java ExtendedLogReaderServiceFactory.java ExtendedLogServiceFactory.java ExtendedLogServiceImpl.java LoggerImpl.java Log.java WorkbenchPlugin.java PluginActionBuilder.java PluginActionBuilder.java PluginActionBuilder.java PluginActionSetBuilder.java PluginActionSetBuilder.java CustomizePerspectiveDialog.java CustomizePerspectiveDialog.java CustomizePerspectiveDialog.java WorkbenchWindow.java WorkbenchPage.java EditActionSetsHandler.java HandlerProxy.java E4HandlerProxy.java MethodRequestor.java InjectorImpl.java InjectorImpl.java ContextInjectionFactory.java HandlerServiceHandler.java Command.java ParameterizedCommand.java HandlerServiceImpl.java LegacyHandlerService.java CommandAction.java ActionContributionItem.java ActionContributionItem.java ActionContributionItem.java EventTable.java Display.java Widget.java Display.java Display.java PartRenderingEngine.java Realm.java PartRenderingEngine.java E4Workbench.java Workbench.java Realm.java Workbench.java PlatformUI.java IDEApplication.java EclipseAppHandle.java EclipseAppLauncher.java EclipseAppLauncher.java EclipseStarter.java EclipseStarter.java Main.java Main.java Main.java Main.java,RuntimeException below PluginActionBuilder$BasicContribution.contributeMenuAction (thrown in PluginActionBuilder.access$0),x86_64,2016-09-19T08:39:36.433Z
Handler.java BundleResourceHandler.java PlatformURLConnection.java PlatformURLConnection.java PlatformURLConverter.java FileLocator.java URLImageDescriptor.java URLImageDescriptor.java ImageDescriptor.java DeviceResourceManager.java AbstractResourceManager.java LocalResourceManager.java AbstractResourceManager.java ResourceManager.java ActionContributionItem.java ActionContributionItem.java ActionContributionItem.java SubContributionItem.java MenuManager.java MenuManager.java MenuManager.java SubMenuManager.java MenuManager.java MenuManager.java CustomizePerspectiveDialog.java CustomizePerspectiveDialog.java WorkbenchWindow.java WorkbenchPage.java EditActionSetsHandler.java HandlerProxy.java E4HandlerProxy.java MethodRequestor.java InjectorImpl.java InjectorImpl.java ContextInjectionFactory.java HandlerServiceHandler.java Command.java ParameterizedCommand.java HandlerServiceImpl.java LegacyHandlerService.java CommandAction.java ActionContributionItem.java ActionContributionItem.java ActionContributionItem.java EventTable.java Display.java Widget.java Display.java Display.java PartRenderingEngine.java Realm.java PartRenderingEngine.java E4Workbench.java Workbench.java Realm.java Workbench.java PlatformUI.java IDEApplication.java EclipseAppHandle.java EclipseAppLauncher.java EclipseAppLauncher.java EclipseStarter.java EclipseStarter.java Main.java Main.java Main.java Main.java,FileNotFoundException below CustomizePerspectiveDialog.loadMenuAndToolbarStructure (thrown in Handler.findBundleEntry),x86_64,2016-09-19T08:39:36.442Z
AbstractDocument.java SynchronizableDocument.java SemanticHighlightingPresenter.java SemanticHighlightingPresenter.java RunnableLock.java Synchronizer.java Display.java Display.java PartRenderingEngine.java Realm.java PartRenderingEngine.java E4Workbench.java Workbench.java Realm.java Workbench.java PlatformUI.java IDEApplication.java EclipseAppHandle.java EclipseAppLauncher.java EclipseAppLauncher.java EclipseStarter.java EclipseStarter.java Main.java Main.java Main.java,BadLocationException below SemanticHighlightingPresenter.updatePresentation (thrown in AbstractDocument.addPosition),x86_64,2016-12-13T14:06:58.158Z
MarketplaceDropAdapter.java MarketplaceDropAdapter.java MarketplaceDropAdapter.java Workbench.java SafeRunner.java Workbench.java WorkbenchWindow.java TypedListener.java EventTable.java Display.java Widget.java Widget.java Widget.java Shell.java Display.java OS.java Widget.java Widget.java Shell.java Display.java OS.java NSWindow.java Shell.java Widget.java Control.java Widget.java Shell.java Widget.java Control.java Widget.java SWTPartRenderer.java PartRenderingEngine.java PartRenderingEngine.java PartRenderingEngine.java SafeRunner.java PartRenderingEngine.java WorkbenchWindow.java WorkbenchWindow.java WorkbenchWindow.java WorkbenchWindow.java BusyIndicator.java WorkbenchWindow.java Workbench.java SafeRunner.java Workbench.java Workbench.java Workbench.java BusyIndicator.java Workbench.java Workbench.java ProvisioningOperationRunner.java RunnableLock.java Synchronizer.java Display.java Display.java Window.java Window.java LogListener.java RunnableLock.java Synchronizer.java Display.java Display.java PartRenderingEngine.java Realm.java PartRenderingEngine.java E4Workbench.java Workbench.java Realm.java Workbench.java PlatformUI.java IDEApplication.java EclipseAppHandle.java EclipseAppLauncher.java EclipseAppLauncher.java EclipseStarter.java EclipseStarter.java NativeMethodAccessorImpl.java NativeMethodAccessorImpl.java DelegatingMethodAccessorImpl.java Method.java Main.java Main.java Main.java,NullPointerException in MarketplaceDropAdapter$WorkbenchListener.runUpdate,x86_64,2016-09-19T08:39:36.488Z
SearchableEnvironment.java CompletionEngine.java CompletionEngine.java CompletionEngine.java CompletionEngine.java Openable.java CompilationUnit.java CompilationUnit.java CompletionContextFunctions.java RecommendersCompletionContext.java RecommendersCompletionContext.java CompletionContextFunctions.java CompletionContextFunctions.java RecommendersCompletionContext.java RecommendersCompletionContext.java CompletionContextFunctions.java CompletionContextFunctions.java RecommendersCompletionContext.java RecommendersCompletionContext.java RecommendersCompletionContext.java M4D7la1eYYOWVIl+ IntelligentCompletionProposalComputer.java IntelligentCompletionProposalComputer.java CompletionProposalComputerDescriptor.java CompletionProposalCategory.java ContentAssistProcessor.java ContentAssistProcessor.java ContentAssistant.java CompletionProposalPopup.java CompletionProposalPopup.java CompletionProposalPopup.java BusyIndicator.java CompletionProposalPopup.java ContentAssistant.java CompilationUnitEditor.java ContentAssistAction.java BusyIndicator.java ContentAssistAction.java Action.java ActionHandler.java E4HandlerProxy.java DelegatingMethodAccessorImpl.java Method.java MethodRequestor.java InjectorImpl.java InjectorImpl.java ContextInjectionFactory.java HandlerServiceHandler.java Command.java ParameterizedCommand.java HandlerServiceImpl.java KeyBindingDispatcher.java KeyBindingDispatcher.java KeyBindingDispatcher.java KeyBindingDispatcher.java KeyBindingDispatcher.java KeyBindingDispatcher.java EventTable.java Display.java Display.java Widget.java Widget.java Widget.java Widget.java Widget.java Canvas.java Control.java Display.java OS.java NSResponder.java Composite.java Display.java OS.java Widget.java Widget.java Shell.java Display.java OS.java Display.java Display.java OS.java NSApplication.java Display.java PartRenderingEngine.java Realm.java PartRenderingEngine.java E4Workbench.java Workbench.java Realm.java Workbench.java PlatformUI.java IDEApplication.java EclipseAppHandle.java EclipseAppLauncher.java EclipseAppLauncher.java EclipseStarter.java EclipseStarter.java NativeMethodAccessorImpl.java NativeMethodAccessorImpl.java DelegatingMethodAccessorImpl.java Method.java Main.java Main.java Main.java,OperationCanceledException in SearchableEnvironment.findConstructorDeclarations,x86_64,2016-12-12T07:37:04.540Z
AbstractStringBuilder.java StringBuffer.java IOConsolePartition.java IOConsolePartitioner.java AbstractDocument.java AbstractDocument.java AbstractDocument.java AbstractDocument.java ConsoleDocument.java ConsoleDocumentAdapter.java StyledText.java StyledText.java StyledText.java StyledText.java StyledText.java StyledText.java StyledText.java EventTable.java Display.java Widget.java Widget.java Widget.java Widget.java Widget.java Canvas.java Control.java Display.java OS.java NSResponder.java Composite.java Display.java OS.java Widget.java Widget.java Shell.java Display.java OS.java Display.java Display.java OS.java NSApplication.java Display.java PartRenderingEngine.java Realm.java PartRenderingEngine.java E4Workbench.java Workbench.java Realm.java Workbench.java PlatformUI.java IDEApplication.java EclipseAppHandle.java EclipseAppLauncher.java EclipseAppLauncher.java EclipseStarter.java EclipseStarter.java NativeMethodAccessorImpl.java NativeMethodAccessorImpl.java DelegatingMethodAccessorImpl.java Method.java Main.java Main.java Main.java,StringIndexOutOfBoundsException below IOConsolePartition.insert (thrown in AbstractStringBuilder.insert),x86_64,2016-12-13T07:35:40.994Z
String.java StyledText.java StyledText.java StyledText.java StyledText.java StyledText.java EventTable.java Display.java Widget.java Widget.java Widget.java Widget.java Widget.java Canvas.java Control.java Display.java OS.java NSResponder.java Composite.java Display.java OS.java Widget.java Widget.java Shell.java Display.java OS.java Display.java Display.java OS.java NSApplication.java Display.java PartRenderingEngine.java Realm.java PartRenderingEngine.java E4Workbench.java Workbench.java Realm.java Workbench.java PlatformUI.java IDEApplication.java EclipseAppHandle.java EclipseAppLauncher.java EclipseAppLauncher.java EclipseStarter.java EclipseStarter.java NativeMethodAccessorImpl.java NativeMethodAccessorImpl.java DelegatingMethodAccessorImpl.java Method.java Main.java Main.java Main.java,StringIndexOutOfBoundsException below StyledText.doBackspace (thrown in String.charAt),x86_64,2016-12-13T09:33:47.190Z
SWT.java SWT.java SWT.java StyledText.java IOConsoleViewer.java TextViewer.java TypedListener.java EventTable.java Display.java Widget.java Widget.java Widget.java Widget.java StyledText.java StyledText.java StyledText.java StyledText.java StyledText.java StyledText.java EventTable.java Display.java Widget.java Widget.java Widget.java Widget.java Control.java Canvas.java Display.java OS.java NSResponder.java Composite.java Display.java OS.java Widget.java Widget.java Shell.java Display.java OS.java Display.java Display.java OS.java NSApplication.java Display.java PartRenderingEngine.java Realm.java PartRenderingEngine.java E4Workbench.java Workbench.java Realm.java Workbench.java PlatformUI.java IDEApplication.java EclipseAppHandle.java EclipseAppLauncher.java EclipseAppLauncher.java EclipseStarter.java EclipseStarter.java NativeMethodAccessorImpl.java NativeMethodAccessorImpl.java DelegatingMethodAccessorImpl.java Method.java Main.java Main.java Main.java,IllegalArgumentException below IOConsoleViewer.handleVerifyEvent (thrown in StyledText.setCaretOffset),x86_64,2016-12-13T07:35:59.086Z
LogListener.java LogListener.java RuntimeLog.java PlatformLogWriter.java ExtendedLogReaderServiceFactory.java ExtendedLogReaderServiceFactory.java ExtendedLogReaderServiceFactory.java ExtendedLogServiceFactory.java ExtendedLogServiceImpl.java LoggerImpl.java Log.java EclipseLogAppender.java EclipseLogAppender.java UnsynchronizedAppenderBase.java AppenderAttachableImpl.java Logger.java Logger.java Logger.java Logger.java Logger.java DownloadSourcesJob.java DownloadSourcesJob.java DownloadSourcesJob.java DownloadSourcesJob.java DownloadSourcesJob.java MavenExecutionContext.java MavenExecutionContext.java MavenExecutionContext.java MavenImpl.java DownloadSourcesJob.java Worker.java,RuntimeException in DownloadSourcesJob.downloadAttachments,x86_64,2016-09-19T08:39:36.601Z
SWT.java SWT.java Synchronizer.java Display.java Display.java Window.java Window.java MarketplaceWizardCommand.java HandlerProxy.java E4HandlerProxy.java MethodRequestor.java InjectorImpl.java InjectorImpl.java ContextInjectionFactory.java HandlerServiceHandler.java Command.java ParameterizedCommand.java HandlerServiceImpl.java HandledContributionItem.java HandledContributionItem.java HandledContributionItem.java HandledContributionItem.java EventTable.java Display.java Widget.java Display.java Display.java PartRenderingEngine.java Realm.java PartRenderingEngine.java E4Workbench.java Workbench.java Realm.java Workbench.java PlatformUI.java IDEApplication.java EclipseAppHandle.java EclipseAppLauncher.java EclipseAppLauncher.java EclipseStarter.java EclipseStarter.java Main.java Main.java Main.java Main.java,NullPointerException in CatalogSwitcher$3$1.run,x86_64,2016-12-01T23:05:36.112Z
Assert.java SaveManager.java SaveManager.java SaveManager.java SaveManager.java SaveManager.java DelayedSnapshotJob.java Worker.java,IllegalArgumentException in SaveManager.validateMasterTableBeforeSave,x86_64,2016-12-12T21:06:51.534Z
AbstractValidator.java AbstractSemanticValidator.java DefaultSemanticValidator.java AbstractSemanticValidator.java UpdateItem.java CollectionExpression.java AbstractValidator.java AnonymousExpressionVisitor.java AbstractSemanticValidator.java CollectionExpression.java UpdateClause.java AbstractValidator.java AnonymousExpressionVisitor.java AbstractSemanticValidator.java AbstractSemanticValidator.java UpdateClause.java UpdateStatement.java AbstractValidator.java AnonymousExpressionVisitor.java AbstractSemanticValidator.java AbstractSemanticValidator.java UpdateStatement.java AbstractSemanticValidator.java JPQLExpression.java AbstractJPQLQueryHelper.java AbstractJPQLQueryHelper.java AbstractJPQLQueryHelper.java JpaJpqlQueryHelper.java GenericJavaNamedQuery.java GenericJavaNamedQuery.java GenericJavaNamedQuery.java AbstractPersistenceUnit.java AbstractPersistenceUnit.java AbstractPersistenceUnit.java GenericPersistence.java GenericPersistence.java GenericPersistenceXml.java GenericContextRoot.java AbstractJpaProject.java AbstractJpaProject.java InternalJpaProjectManager.java InternalJpaProjectManager.java CommandJobCommandAdapter.java JobCommandJob.java Worker.java,NullPointerException in AbstractValidator.addProblem,x86_64,2016-09-21T16:54:33.584Z
Hq1prPhX0eA823il YFR5UrJwxtO59SrG jNs+WeGE4G5ngsQL hvjbqyFSruPCXCQk CompoundContentAssistProcessor.java ContentAssistant.java CompletionProposalPopup.java CompletionProposalPopup.java CompletionProposalPopup.java BusyIndicator.java CompletionProposalPopup.java ContentAssistant.java StructuredTextViewer.java ContentAssistAction.java BusyIndicator.java ContentAssistAction.java Action.java ActionHandler.java E4HandlerProxy.java MethodRequestor.java InjectorImpl.java InjectorImpl.java ContextInjectionFactory.java HandlerServiceHandler.java Command.java ParameterizedCommand.java HandlerServiceImpl.java KeyBindingDispatcher.java KeyBindingDispatcher.java KeyBindingDispatcher.java KeyBindingDispatcher.java KeyBindingDispatcher.java KeyBindingDispatcher.java EventTable.java Display.java Widget.java Widget.java Widget.java Widget.java Widget.java Widget.java Control.java Canvas.java Control.java Canvas.java Display.java OS.java OS.java Display.java PartRenderingEngine.java Realm.java PartRenderingEngine.java E4Workbench.java Workbench.java Realm.java Workbench.java PlatformUI.java IDEApplication.java EclipseAppHandle.java EclipseAppLauncher.java EclipseAppLauncher.java EclipseStarter.java EclipseStarter.java Main.java Main.java Main.java,3rd party caused NullPointerException below CompoundContentAssistProcessor.computeCompletionProposals,x86,2016-12-13T14:29:56.145Z
LogListener.java LogListener.java RuntimeLog.java PlatformLogWriter.java ExtendedLogReaderServiceFactory.java ExtendedLogReaderServiceFactory.java ExtendedLogReaderServiceFactory.java ExtendedLogServiceFactory.java ExtendedLogServiceImpl.java LoggerImpl.java Log.java EclipseLogAppender.java EclipseLogAppender.java UnsynchronizedAppenderBase.java AppenderAttachableImpl.java Logger.java Logger.java Logger.java Logger.java Logger.java DownloadSourcesActionDelegate.java EditorPluginAction.java EditorActionBuilder.java EditorActionBuilder.java EditorActionBars.java WorkbenchPage.java WorkbenchPage.java WorkbenchPage.java PartServiceImpl.java SafeRunner.java PartServiceImpl.java PartServiceImpl.java PartServiceImpl.java PartServiceImpl.java WorkbenchPage.java WorkbenchPage.java WorkbenchPage.java BusyIndicator.java WorkbenchPage.java WorkbenchPage.java WorkbenchPage.java EditorUtility.java EditorUtility.java OpenAction.java OpenAction.java SelectionDispatchAction.java SelectionDispatchAction.java PackageExplorerActionGroup.java PackageExplorerPart.java OpenAndLinkWithEditorHelper.java StructuredViewer.java SafeRunner.java JFaceUtil.java SafeRunnable.java StructuredViewer.java StructuredViewer.java StructuredViewer.java OpenStrategy.java OpenStrategy.java OpenStrategy.java EventTable.java Display.java Widget.java Display.java Display.java PartRenderingEngine.java Realm.java PartRenderingEngine.java E4Workbench.java Workbench.java Realm.java Workbench.java PlatformUI.java IDEApplication.java EclipseAppHandle.java EclipseAppLauncher.java EclipseAppLauncher.java EclipseStarter.java EclipseStarter.java NativeMethodAccessorImpl.java NativeMethodAccessorImpl.java DelegatingMethodAccessorImpl.java Method.java Main.java Main.java Main.java,RuntimeException in DownloadSourcesActionDelegate.setActiveEditor,x86_64,2016-09-19T08:39:36.662Z
HudsonCorePlugin.java HudsonServerBehaviour.java RefreshSession.java RefreshSession.java BuildRunner.java RefreshSession.java RefreshSession.java RefreshOperation.java BuildJob.java AbstractElementOperation.java BuildRefresher.java BuildJob.java Worker.java,IOException in HudsonOperation.authenticate,x86_64,2016-11-26T07:37:58.181Z
SWT.java SWT.java SWT.java Widget.java Widget.java Control.java GC.java GC.java DialogPage.java AcceptLicensesWizardPage.java Wizard.java ProvisioningOperationWizard.java WizardDialog.java WizardDialog.java Window.java Dialog.java MavenDiscoveryUi.java MavenDiscoveryService.java MavenDiscoveryProposalWizard.java WizardDialog.java WizardDialog.java Dialog.java TypedListener.java EventTable.java Display.java Widget.java Widget.java Widget.java Widget.java Display.java Display.java Window.java Window.java ImportMavenProjectsJob.java RunnableLock.java Synchronizer.java Display.java Display.java PartRenderingEngine.java Realm.java PartRenderingEngine.java E4Workbench.java Workbench.java Realm.java Workbench.java PlatformUI.java IDEApplication.java EclipseAppHandle.java EclipseAppLauncher.java EclipseAppLauncher.java EclipseStarter.java EclipseStarter.java NativeMethodAccessorImpl.java NativeMethodAccessorImpl.java DelegatingMethodAccessorImpl.java Method.java Main.java Main.java Main.java,SWTException below MavenDiscoveryUi.openInstallWizard (thrown in Widget.checkWidget),x86_64,2016-10-19T11:46:41.812Z
SWT.java SWT.java Synchronizer.java Display.java Display.java Window.java Window.java FeatureSection.java FeatureSection.java TableSection.java SharedPartWithButtons.java SharedPartWithButtons.java TypedListener.java EventTable.java Display.java Widget.java Widget.java Widget.java Widget.java Display.java Display.java PartRenderingEngine.java Realm.java PartRenderingEngine.java E4Workbench.java Workbench.java Realm.java Workbench.java PlatformUI.java IDEApplication.java EclipseAppHandle.java EclipseAppLauncher.java EclipseAppLauncher.java EclipseStarter.java EclipseStarter.java NativeMethodAccessorImpl.java NativeMethodAccessorImpl.java DelegatingMethodAccessorImpl.java Method.java Main.java Main.java Main.java,ArrayIndexOutOfBoundsException below FilteredItemsSelectionDialog$ContentProvider.updateElement (thrown in Arrays$ArrayList.get),x86_64,2016-11-25T07:36:26.426Z
LogListener.java LogListener.java RuntimeLog.java PlatformLogWriter.java ExtendedLogReaderServiceFactory.java ExtendedLogReaderServiceFactory.java ExtendedLogReaderServiceFactory.java ExtendedLogServiceFactory.java ExtendedLogServiceImpl.java LoggerImpl.java Log.java WorkbenchPlugin.java LegacyHandlerService.java ValueComputation.java EclipseContext.java EclipseContext.java HandlerServiceImpl.java HandlerServiceHandler.java Command.java LegacyHandlerService.java LegacyHandlerService.java LegacyHandlerService.java LegacyHandlerService.java PreferencePageHistory.java PreferencePageHistory.java FilteredPreferenceDialog.java FilteredPreferenceDialog.java PreferenceDialog.java Dialog.java PreferenceDialog.java PreferenceDialog.java BusyIndicator.java PreferenceDialog.java Window.java Dialog.java PropertyDialog.java PreferencesUtil.java PreferencesUtil.java PropertyAndPreferencePage.java PropertyAndPreferencePage.java PropertyAndPreferencePage.java TypedListener.java EventTable.java Display.java Widget.java Widget.java Widget.java Link.java Display.java OS.java Widget.java Widget.java Widget.java Control.java Display.java OS.java Widget.java Widget.java Shell.java Display.java OS.java Display.java Display.java OS.java NSApplication.java Display.java Window.java Window.java WorkbenchPreferenceDialog.java ShowPreferencePageHandler.java HandlerProxy.java E4HandlerProxy.java NativeMethodAccessorImpl.java NativeMethodAccessorImpl.java DelegatingMethodAccessorImpl.java Method.java MethodRequestor.java InjectorImpl.java InjectorImpl.java ContextInjectionFactory.java HandlerServiceHandler.java Command.java ParameterizedCommand.java HandlerServiceImpl.java HandlerServiceImpl.java CocoaUIHandler.java CocoaUIHandler.java CocoaUIHandler.java TypedListener.java EventTable.java Display.java Widget.java Widget.java Widget.java Widget.java Display.java Display.java PartRenderingEngine.java Realm.java PartRenderingEngine.java E4Workbench.java Workbench.java Realm.java Workbench.java PlatformUI.java IDEApplication.java EclipseAppHandle.java EclipseAppLauncher.java EclipseAppLauncher.java EclipseStarter.java EclipseStarter.java NativeMethodAccessorImpl.java NativeMethodAccessorImpl.java DelegatingMethodAccessorImpl.java Method.java Main.java Main.java Main.java,RuntimeException in LegacyHandlerService$HandlerSelectionFunction.compute,x86_64,2016-12-13T07:36:28.665Z
LogListener.java LogListener.java RuntimeLog.java PlatformLogWriter.java ExtendedLogReaderServiceFactory.java ExtendedLogReaderServiceFactory.java ExtendedLogReaderServiceFactory.java ExtendedLogServiceFactory.java ExtendedLogServiceImpl.java LoggerImpl.java PlatformLogWriter.java RuntimeLog.java JobManager.java WorkerPool.java Worker.java,RuntimeException in PlatformLogWriter.logging,x86_64,2016-09-19T08:39:36.776Z
SWT.java SWT.java SWT.java Widget.java Widget.java DependencyTreePage.java Worker.java,SWTException below DependencyTreePage$1.run (thrown in Widget.getDisplay),x86_64,2016-12-12T07:38:22.826Z
ModalContext.java WorkbenchWindow.java BusyIndicator.java WorkbenchWindow.java RefactoringExecutionHelper.java RefactoringExecutionHelper.java RenameSupport.java RenameLinkedMode.java RenameLinkedMode.java LinkedModeModel.java LinkedModeUI.java RunnableLock.java Synchronizer.java Display.java Display.java PartRenderingEngine.java Realm.java PartRenderingEngine.java E4Workbench.java Workbench.java Realm.java Workbench.java PlatformUI.java IDEApplication.java EclipseAppHandle.java EclipseAppLauncher.java EclipseAppLauncher.java EclipseStarter.java EclipseStarter.java Main.java Main.java Main.java Main.java,ClassCastException in RippleMethodFinder2$1MethodRequestor.acceptSearchMatch,x86_64,2016-11-22T16:57:32.420Z
LogListener.java LogListener.java RuntimeLog.java PlatformLogWriter.java ExtendedLogReaderServiceFactory.java ExtendedLogReaderServiceFactory.java ExtendedLogReaderServiceFactory.java ExtendedLogServiceFactory.java ExtendedLogServiceImpl.java LoggerImpl.java Log.java ValidationPlugin.java Validator.java ValManager.java ValBuilderJob.java ResourceDelta.java ResourceDelta.java ResourceDelta.java ValBuilderJob.java ValBuilderJob.java ValBuilderJob.java InternalWorkspaceJob.java Worker.java,RuntimeException in ValidationPlugin.logMessage,x86_64,2016-09-19T08:39:36.801Z
JSPTranslator.java JSPTranslator.java JSPTranslator.java ObjectInputStream.java ObjectInputStream.java ObjectInputStream.java ObjectInputStream.java JSPTranslatorPersister.java JSPTranslationAdapterFactory.java AbstractAdapterFactory.java AbstractAdapterFactory.java AbstractNotifier.java JSPTranslatorPersister.java JSPTranslatorPersister.java JSPIndexManager.java AbstractIndexManager.java SafeRunner.java AbstractIndexManager.java Worker.java,NullPointerException in JSPTranslator.createJSPProblem,x86_64,2016-11-26T20:22:38.497Z
SaveManager.java Properties.java Properties.java SaveManager.java SaveManager.java SaveManager.java SaveManager.java SaveManager.java DelayedSnapshotJob.java Worker.java,IllegalArgumentException in SaveManager$MasterTable.put,x86_64,2016-12-05T14:04:53.658Z
PresetDefinition.java DefaultConfigurationPresetFactory.java PresetsExtensionPoint.java FacetedProjectWorkingCopy.java FacetedProjectWorkingCopy.java FacetedProjectWorkingCopy.java FacetedProjectWorkingCopy.java Worker.java,IllegalArgumentException in PresetDefinition.<init>,x86_64,2016-12-12T15:00:41.846Z
MinimalConfigurationPresetFactory.java MinimalConfigurationPresetFactory.java PresetsExtensionPoint.java FacetedProjectWorkingCopy.java FacetedProjectWorkingCopy.java FacetedProjectWorkingCopy.java FacetedProjectWorkingCopy.java Worker.java,NullPointerException in MinimalConfigurationPresetFactory.findProjectFacetVersion,x86_64,2016-12-12T15:00:41.770Z
BasicJpaEEConfigurationPresetFactory.java BasicJpaEEConfigurationPresetFactory.java PresetsExtensionPoint.java FacetedProjectWorkingCopy.java FacetedProjectWorkingCopy.java FacetedProjectWorkingCopy.java FacetedProjectWorkingCopy.java Worker.java,NullPointerException in BasicJpaEEConfigurationPresetFactory.findProjectFacetVersion,x86_64,2016-12-12T15:00:41.873Z
BasicJpaSEConfigurationPresetFactory.java BasicJpaSEConfigurationPresetFactory.java PresetsExtensionPoint.java FacetedProjectWorkingCopy.java FacetedProjectWorkingCopy.java FacetedProjectWorkingCopy.java FacetedProjectWorkingCopy.java Worker.java,NullPointerException in BasicJpaSEConfigurationPresetFactory.findProjectFacetVersion,x86_64,2016-12-12T15:00:41.700Z
LocalFile.java FileSystemResourceManager.java File.java File.java JavaProject.java JavaProject.java JavaModelManager.java JavaModelManager.java SetClasspathOperation.java JavaModelOperation.java Workspace.java JavaModelOperation.java JavaProject.java JavaProject.java JavaProject.java AbstractJavaProjectConfigurator.java AbstractLifecycleMapping.java ProjectConfigurationManager.java ProjectConfigurationManager.java MavenExecutionContext.java MavenExecutionContext.java ProjectConfigurationManager.java ProjectConfigurationManager.java ProjectConfigurationManager.java ProjectConfigurationManager.java MavenExecutionContext.java MavenExecutionContext.java MavenExecutionContext.java MavenImpl.java ProjectConfigurationManager.java ImportMavenProjectsJob.java AbstractCreateMavenProjectsOperation.java ImportMavenProjectsJob.java InternalWorkspaceJob.java Worker.java,FileNotFoundException below JavaProject.setSharedProperty (thrown in FileOutputStream.open),x86_64,2016-12-12T15:00:27.730Z
MethodRequestor.java InjectorImpl.java InjectorImpl.java ContextInjectionFactory.java HandlerServiceHandler.java Command.java ParameterizedCommand.java HandlerServiceImpl.java KeyBindingDispatcher.java KeyBindingDispatcher.java KeyBindingDispatcher.java KeyBindingDispatcher.java KeyBindingDispatcher.java KeyBindingDispatcher.java EventTable.java Display.java Widget.java Widget.java Widget.java Widget.java Widget.java Widget.java Control.java Tree.java Control.java Tree.java Display.java OS.java OS.java Display.java PartRenderingEngine.java Realm.java PartRenderingEngine.java E4Workbench.java Workbench.java Realm.java Workbench.java PlatformUI.java IDEApplication.java EclipseAppHandle.java EclipseAppLauncher.java EclipseAppLauncher.java EclipseStarter.java EclipseStarter.java Main.java Main.java Main.java Main.java,IllegalArgumentException in ASTNode.setSourceRange,x86_64,2016-12-13T07:36:45.600Z
ClassFileEditor.java AbstractTextEditor.java ModalContext.java ModalContext.java WorkbenchWindow.java BusyIndicator.java WorkbenchWindow.java AbstractTextEditor.java AbstractTextEditor.java EditorReference.java CompatibilityPart.java MethodRequestor.java InjectorImpl.java InjectorImpl.java InjectorImpl.java InjectorImpl.java InjectorImpl.java ContextInjectionFactory.java ReflectionContributionFactory.java ReflectionContributionFactory.java ReflectionContributionFactory.java ContributedPartRenderer.java PartRenderingEngine.java PartRenderingEngine.java PartRenderingEngine.java PartRenderingEngine.java PartRenderingEngine.java SafeRunner.java PartRenderingEngine.java PartServiceImpl.java UIEventHandler.java Synchronizer.java UISynchronizer.java Display.java E4Application.java UIEventHandler.java EventHandlerWrapper.java EventHandlerTracker.java EventHandlerTracker.java EventManager.java ListenerQueue.java EventAdminImpl.java EventAdminImpl.java EventComponent.java EventBroker.java UIEventPublisher.java BasicNotifierImpl.java ElementContainerImpl.java ModelServiceImpl.java ModelServiceImpl.java PartServiceImpl.java PartServiceImpl.java WorkbenchPage.java WorkbenchPage.java WorkbenchPage.java BusyIndicator.java WorkbenchPage.java WorkbenchPage.java WorkbenchPage.java IDE.java IDE.java OpenResourceHandler.java OpenResourceHandler.java ActionDelegateHandlerProxy.java E4HandlerProxy.java MethodRequestor.java InjectorImpl.java InjectorImpl.java ContextInjectionFactory.java HandlerServiceHandler.java Command.java ParameterizedCommand.java HandlerServiceImpl.java KeyBindingDispatcher.java KeyBindingDispatcher.java KeyBindingDispatcher.java KeyBindingDispatcher.java KeyBindingDispatcher.java KeyBindingDispatcher.java EventTable.java Display.java Widget.java Widget.java Widget.java Widget.java Widget.java Widget.java Control.java Canvas.java Control.java Canvas.java Display.java OS.java OS.java Display.java PartRenderingEngine.java Realm.java PartRenderingEngine.java E4Workbench.java Workbench.java Realm.java Workbench.java PlatformUI.java IDEApplication.java EclipseAppHandle.java EclipseAppLauncher.java EclipseAppLauncher.java EclipseStarter.java EclipseStarter.java Main.java Main.java Main.java,CoreException in ClassFileEditor.doSetInput,x86_64,2016-12-13T07:37:01.532Z
LogListener.java LogListener.java RuntimeLog.java PlatformLogWriter.java ExtendedLogReaderServiceFactory.java ExtendedLogReaderServiceFactory.java ExtendedLogReaderServiceFactory.java ExtendedLogServiceFactory.java ExtendedLogServiceImpl.java LoggerImpl.java Log.java EclipseLogAppender.java EclipseLogAppender.java UnsynchronizedAppenderBase.java AppenderAttachableImpl.java Logger.java Logger.java Logger.java Logger.java Logger.java MavenModelManager.java MavenModelManager.java MavenModelManager.java MavenExecutionContext.java MavenExecutionContext.java MavenExecutionContext.java MavenImpl.java MavenModelManager.java MavenPomEditor.java DependencyTreePage.java Worker.java,RuntimeException in MavenModelManager.readDependencyTree,x86_64,2016-09-19T08:39:37.160Z
SimpleProfileRegistry.java Engine.java Engine.java ProvisioningSession.java ProfileModificationJob.java ProvisioningJob.java Worker.java,IllegalStateException in SimpleProfileRegistry.lockProfile,x86_64,2016-12-13T14:22:06.600Z
LogListener.java LogListener.java RuntimeLog.java PlatformLogWriter.java ExtendedLogReaderServiceFactory.java ExtendedLogReaderServiceFactory.java ExtendedLogReaderServiceFactory.java ExtendedLogServiceFactory.java ExtendedLogServiceImpl.java LoggerImpl.java Log.java DebugUIPlugin.java ToggleBreakpointsTargetManager.java ToggleBreakpointsTargetManager.java ToggleBreakpointsTargetManager.java ToggleBreakpointsTargetManager.java RetargetBreakpointAction.java RetargetAction.java RetargetAction.java RetargetBreakpointAction.java WWinPluginAction.java PluginAction.java WWinPluginAction.java AbstractUIPlugin.java RunnableLock.java Synchronizer.java Display.java Display.java PartRenderingEngine.java Realm.java PartRenderingEngine.java E4Workbench.java Workbench.java Realm.java Workbench.java PlatformUI.java IDEApplication.java EclipseAppHandle.java EclipseAppLauncher.java EclipseAppLauncher.java EclipseStarter.java EclipseStarter.java NativeMethodAccessorImpl.java NativeMethodAccessorImpl.java DelegatingMethodAccessorImpl.java Method.java Main.java Main.java Main.java,RuntimeException in ToggleBreakpointsTargetManager.initializeFactories,x86_64,2016-12-13T07:37:28.108Z
LogListener.java LogListener.java RuntimeLog.java PlatformLogWriter.java ExtendedLogReaderServiceFactory.java ExtendedLogReaderServiceFactory.java ExtendedLogReaderServiceFactory.java ExtendedLogServiceFactory.java ExtendedLogServiceImpl.java LoggerImpl.java Log.java DashboardActivator.java DashboardsManager.java DashboardsManager.java DashboardStarter.java DashboardStarter.java DashboardStarter.java RunnableLock.java Synchronizer.java Display.java Display.java PartRenderingEngine.java Realm.java PartRenderingEngine.java E4Workbench.java Workbench.java Realm.java Workbench.java PlatformUI.java IDEApplication.java EclipseAppHandle.java EclipseAppLauncher.java EclipseAppLauncher.java EclipseStarter.java EclipseStarter.java Main.java Main.java Main.java,RuntimeException in DashboardsManager.getDefaultDashboardWithHighestPriority,x86,2016-09-19T08:39:37.189Z
MethodRequestor.java InjectorImpl.java InjectorImpl.java ContextInjectionFactory.java HandlerServiceHandler.java Command.java ParameterizedCommand.java HandlerServiceImpl.java KeyBindingDispatcher.java KeyBindingDispatcher.java KeyBindingDispatcher.java KeyBindingDispatcher.java KeyBindingDispatcher.java KeyBindingDispatcher.java EventTable.java Display.java Widget.java Widget.java Widget.java Widget.java Widget.java Widget.java Control.java Canvas.java Control.java Canvas.java Display.java OS.java OS.java Display.java PartRenderingEngine.java Realm.java PartRenderingEngine.java E4Workbench.java Workbench.java Realm.java Workbench.java PlatformUI.java IDEApplication.java EclipseAppHandle.java EclipseAppLauncher.java EclipseAppLauncher.java EclipseStarter.java EclipseStarter.java NativeMethodAccessorImpl.java NativeMethodAccessorImpl.java DelegatingMethodAccessorImpl.java Method.java Main.java Main.java Main.java,IllegalStateException in LogicalContainerAwareReentrantTypeResolver._computeTypes,x86_64,2016-10-18T10:25:23.465Z
SWT.java SWT.java SWT.java Widget.java Widget.java Table.java chenE7x8CRKSGlYw Ha4Ob/Bk3l2ZoDVz KqRtX7sjV4WBot38 YQEzxbdSJZdyrocc TypedListener.java EventTable.java Display.java Widget.java Display.java Display.java Window.java Window.java fNAJe5h3n/pbNCS0 UILockListener.java UISynchronizer.java RunnableLock.java Synchronizer.java Display.java Display.java PartRenderingEngine.java Realm.java PartRenderingEngine.java E4Workbench.java Workbench.java Realm.java Workbench.java PlatformUI.java IDEApplication.java EclipseAppHandle.java EclipseAppLauncher.java EclipseAppLauncher.java EclipseStarter.java EclipseStarter.java Main.java Main.java Main.java Main.java,3rd party caused SWTException below Widget.checkWidget,x86_64,2016-12-13T13:19:35.793Z
LogListener.java LogListener.java RuntimeLog.java PlatformLogWriter.java ExtendedLogReaderServiceFactory.java ExtendedLogReaderServiceFactory.java ExtendedLogReaderServiceFactory.java ExtendedLogServiceFactory.java ExtendedLogServiceImpl.java LoggerImpl.java Log.java Logger.java Logger.java TaglibIndex.java TaglibIndex.java JSPCorePlugin.java BundleContextImpl.java BundleContextImpl.java AccessController.java BundleContextImpl.java BundleContextImpl.java EquinoxBundle.java EquinoxBundle.java Module.java Module.java SecureAction.java EclipseLazyStarter.java ClasspathManager.java ModuleClassLoader.java BundleLoader.java SingleSourcePackage.java BundleLoader.java BundleLoader.java BundleLoader.java ModuleClassLoader.java ClassLoader.java JSPQueryParticipant.java JavaSearchQuery.java SafeRunner.java JavaSearchQuery.java Te5lkEk7IxBMg4HJ Worker.java,RuntimeException in TaglibIndex.initializeInstance,x86_64,2016-12-13T07:37:40.829Z
lJ1qlXDSq1aTXsu7 O8nuhFTdshi9ebXy c7X2389c+UujfS37 jSyYVHU3d2KRhiV8 TB7ZWTYD/iSPJYvw aJ8/3eOCM+3q8yOY DcKajR/UJcNB/iz6 JkW4CBaldSQ/yWN6 Kl7HbWTuDJD65Bni XXkl8k8y2MByBSbx Q9kDYKJBegWRHdlI YlsdoTOqqjkXEAq2 aAbIeWx8lfiRi9c9 XKnOkY5QWOUsNJKx ReconcileStepForValidator.java ReconcileStepForValidator.java AbstractReconcileStep.java ValidatorStrategy.java DocumentRegionProcessor.java StructuredRegionProcessor.java DirtyRegionProcessor.java,3rd party caused NullPointerException below ReconcileStepForValidator.validate,x86_64,2016-12-13T09:26:24.808Z
HudsonCorePlugin.java HudsonServerBehaviour.java RefreshSession.java RefreshSession.java BuildRunner.java RefreshSession.java RefreshSession.java RefreshOperation.java BuildJob.java AbstractElementOperation.java BuildRefresher.java BuildJob.java Worker.java,HudsonException in HudsonOperation.validate,x86_64,2016-12-10T19:48:25.866Z
LogListener.java LogListener.java RuntimeLog.java PlatformLogWriter.java ExtendedLogReaderServiceFactory.java ExtendedLogReaderServiceFactory.java ExtendedLogReaderServiceFactory.java ExtendedLogServiceFactory.java ExtendedLogServiceImpl.java LoggerImpl.java Log.java WorkbenchErrorHandler.java IDEWorkbenchErrorHandler.java WorkbenchErrorHandlerProxy.java StatusManager.java StatusManager.java StatusManager.java MavenCatalogViewer.java RunnableLock.java Synchronizer.java Display.java Display.java ModalContext.java ModalContext.java WizardDialog.java MavenCatalogViewer.java CatalogPage.java RunnableLock.java Synchronizer.java Display.java Display.java Window.java Window.java MavenDiscovery.java MavenDiscovery.java RunnableLock.java Synchronizer.java Display.java Display.java PartRenderingEngine.java Realm.java PartRenderingEngine.java E4Workbench.java Workbench.java Realm.java Workbench.java PlatformUI.java IDEApplication.java EclipseAppHandle.java EclipseAppLauncher.java EclipseAppLauncher.java EclipseStarter.java EclipseStarter.java NativeMethodAccessorImpl.java NativeMethodAccessorImpl.java DelegatingMethodAccessorImpl.java Method.java Main.java Main.java Main.java,RuntimeException in MavenCatalogViewer$3.run,x86_64,2016-09-19T08:39:37.363Z
SWT.java SWT.java SWT.java Widget.java Widget.java Composite.java Form.java Form.java FormUtils.java FormUtils.java DependencyTreePage.java UIJob.java RunnableLock.java Synchronizer.java Display.java Display.java Window.java Window.java LogListener.java RunnableLock.java Synchronizer.java Display.java Display.java PartRenderingEngine.java Realm.java PartRenderingEngine.java E4Workbench.java Workbench.java Realm.java Workbench.java PlatformUI.java IDEApplication.java EclipseAppHandle.java EclipseAppLauncher.java EclipseAppLauncher.java EclipseStarter.java EclipseStarter.java NativeMethodAccessorImpl.java NativeMethodAccessorImpl.java DelegatingMethodAccessorImpl.java Method.java Main.java Main.java Main.java Main.java,SWTException below Form.setMessage (thrown in Widget.checkWidget),x86_64,2016-12-13T07:37:53.059Z
LogListener.java LogListener.java RuntimeLog.java PlatformLogWriter.java ExtendedLogReaderServiceFactory.java ExtendedLogReaderServiceFactory.java ExtendedLogReaderServiceFactory.java ExtendedLogServiceFactory.java ExtendedLogServiceImpl.java LoggerImpl.java Log.java EclipseLogAppender.java EclipseLogAppender.java UnsynchronizedAppenderBase.java AppenderAttachableImpl.java Logger.java Logger.java Logger.java Logger.java Logger.java MavenPomEditor.java Worker.java,RuntimeException in MavenPomEditor$6.run,x86_64,2016-09-19T08:39:37.914Z
LogListener.java LogListener.java RuntimeLog.java PlatformLogWriter.java ExtendedLogReaderServiceFactory.java ExtendedLogReaderServiceFactory.java ExtendedLogReaderServiceFactory.java ExtendedLogServiceFactory.java ExtendedLogServiceImpl.java LoggerImpl.java Log.java EclipseLogAppender.java EclipseLogAppender.java UnsynchronizedAppenderBase.java AppenderAttachableImpl.java Logger.java Logger.java Logger.java Logger.java Logger.java ProjectRegistryManager.java MavenProjectManager.java SelectionUtil.java MavenPomEditor.java MavenPomEditor.java Worker.java,RuntimeException in ProjectRegistryManager.create,x86_64,2016-09-19T08:39:37.917Z
RepositoryProvider.java RepositoryProvider.java RepositoryProvider.java TeamHookDispatcher.java TeamHookDispatcher.java Rules.java Rules.java Project.java SetContainerOperation.java JavaModelOperation.java Workspace.java JavaModelOperation.java JavaModelManager.java Workspace.java JavaModelManager.java JavaModelManager.java JavaCore.java JavaProject.java JavaProject.java JavaProject.java JavaProject.java Openable.java JavaElement.java JavaElement.java Openable.java jEnWOmPsYo+bghBn cE/5gddbjgCOoFBy MulftuHSU8t/vO3D jc1pNQ6/nITOt7Jb XfkDag/jzqoXf73q h/t6NvVA5n1YwafQ BmU/C/ykvQ0kpB0l V/0/NXKd52gUh0w3 LBrk1zmMIQfVo8Bk kyqEDwoADCCovNWo L71YBHgr5f67pZyj M/RwKMsYpJECXG8f L+H6BFFeBn9klOcQ heCHZoxWCNY8+232 ORaDeNjgjtZUpw0o Z+1tRg1vMLvr151W ThreadPoolExecutor.java ThreadPoolExecutor.java Thread.java,TeamException below SetContainerOperation.executeOperation (thrown in RepositoryProvider.mapNewProvider),x86_64,2016-12-12T19:38:23.918Z
ActionType.java AttributeValidatingStrategy.java AttributeValidatingStrategy.java AttributeValidatingStrategy.java SafeRunner.java AttributeValidatingStrategy.java AttributeValidatingStrategy.java XMLViewDefnValidator.java XMLViewDefnValidator.java XMLViewDefnValidator.java DefaultFaceletValidationStrategy.java AbstractFaceletValidationStrategy.java HTMLValidator.java Validator.java ValManager.java ValManager.java ValManager.java ValManager.java ValBuilderJob.java Resource.java Resource.java ElementTreeIterator.java ElementTreeIterator.java ElementTreeIterator.java ElementTreeIterator.java ElementTreeIterator.java ElementTreeIterator.java Resource.java Resource.java Resource.java Resource.java ValBuilderJob.java ValBuilderJob.java ValBuilderJob.java InternalWorkspaceJob.java Worker.java,NullPointerException in ActionType.isValidValue,x86_64,2016-12-12T18:50:11.664Z
ModelProviderManager.java ModelProviderManager.java ContextParamSpecifiedJSFAppConfigLocater.java ContextParamSpecifiedJSFAppConfigLocater.java AbstractJSFAppConfigManager.java SafeRunner.java AbstractJSFAppConfigManager.java AbstractJSFAppConfigManager.java AbstractJSFAppConfigManager.java JSFAppConfigManager.java JSFAppConfigManager.java JSFAppConfigManager.java JSFAppConfigManager.java ResourceSingletonObjectManager.java JSFAppConfigManager.java DefaultJSFAppConfigManagerProviderStrategy.java JSFAppConfigManagerFactory.java JSFAppConfigManagerFactory.java ResourceSingletonObjectManager.java JSFAppConfigManagerFactory.java ActionType.java AttributeValidatingStrategy.java AttributeValidatingStrategy.java AttributeValidatingStrategy.java SafeRunner.java AttributeValidatingStrategy.java AttributeValidatingStrategy.java XMLViewDefnValidator.java XMLViewDefnValidator.java XMLViewDefnValidator.java DefaultFaceletValidationStrategy.java AbstractFaceletValidationStrategy.java HTMLValidator.java Validator.java ValManager.java ValManager.java ValManager.java ValManager.java ValBuilderJob.java Resource.java Resource.java ElementTreeIterator.java ElementTreeIterator.java ElementTreeIterator.java ElementTreeIterator.java ElementTreeIterator.java ElementTreeIterator.java Resource.java Resource.java Resource.java Resource.java ValBuilderJob.java ValBuilderJob.java ValBuilderJob.java InternalWorkspaceJob.java Worker.java,NullPointerException in ModelProviderManager.getModelProvider,x86_64,2016-12-13T14:15:55.474Z
EDyThIIZFVzVafDx ehJWUiZ8/Fh5MQQ0 ExtensionFactory.java ExtensionFactory.java ConfigurationElement.java ConfigurationElementHandle.java ViewDescriptor.java ViewReference.java CompatibilityPart.java CompatibilityPart.java MethodRequestor.java InjectorImpl.java InjectorImpl.java InjectorImpl.java InjectorImpl.java InjectorImpl.java ContextInjectionFactory.java ReflectionContributionFactory.java ReflectionContributionFactory.java ReflectionContributionFactory.java ContributedPartRenderer.java PartRenderingEngine.java PartRenderingEngine.java PartRenderingEngine.java SafeRunner.java PartRenderingEngine.java ElementReferenceRenderer.java PartRenderingEngine.java PartRenderingEngine.java PartRenderingEngine.java PartRenderingEngine.java PartRenderingEngine.java SafeRunner.java PartRenderingEngine.java PartServiceImpl.java UIEventHandler.java Synchronizer.java UISynchronizer.java Display.java E4Application.java UIEventHandler.java EventHandlerWrapper.java EventHandlerTracker.java EventHandlerTracker.java EventManager.java ListenerQueue.java EventAdminImpl.java EventAdminImpl.java EventComponent.java EventBroker.java UIEventPublisher.java BasicNotifierImpl.java ElementContainerImpl.java ModelServiceImpl.java ModelServiceImpl.java PartServiceImpl.java PartServiceImpl.java PartServiceImpl.java PartServiceImpl.java PartServiceImpl.java WorkbenchPage.java WorkbenchPage.java WorkbenchPage.java BusyIndicator.java WorkbenchPage.java WorkbenchPage.java ViewElement.java SearchField.java QuickAccessContents.java QuickAccessContents.java QuickAccessContents.java TypedListener.java EventTable.java Display.java Widget.java Widget.java Widget.java Widget.java Text.java Widget.java Widget.java Control.java Text.java Control.java Text.java Display.java OS.java OS.java Display.java PartRenderingEngine.java Realm.java PartRenderingEngine.java E4Workbench.java Workbench.java Realm.java Workbench.java PlatformUI.java IDEApplication.java EclipseAppHandle.java EclipseAppLauncher.java EclipseAppLauncher.java EclipseStarter.java EclipseStarter.java Main.java Main.java Main.java,3rd party caused ProvisionException below ExtensionFactory.loadExtension,x86,2016-09-19T08:39:37.987Z
LogListener.java LogListener.java RuntimeLog.java PlatformLogWriter.java ExtendedLogReaderServiceFactory.java ExtendedLogReaderServiceFactory.java ExtendedLogReaderServiceFactory.java ExtendedLogServiceFactory.java ExtendedLogServiceImpl.java LoggerImpl.java Log.java WTPCommonPlugin.java FunctionGroup.java FunctionGroupRegistry.java AbstractRegistryDescriptor.java EditModelResource.java EditModelResource.java EditModelRegistry.java EditModel.java EditModel.java EditModel.java ArtifactEditModel.java ArtifactEditModel.java JavaArtifactEditModel.java JavaArtifactEditModelFactory.java EditModelRegistry.java EMFWorkbenchContext.java EMFWorkbenchContext.java EditModelNature.java ModuleCoreNature.java ArtifactEdit.java ArtifactEdit.java EnterpriseArtifactEdit.java WebArtifactEdit.java WebArtifactEdit.java WebArtifactEdit.java WebArtifactEdit.java ComponentUtilities.java WarHelper.java WorkbenchContext.java WorkbenchContext.java WarValidator.java UIWarValidator.java ValidatorJob.java Worker.java,RuntimeException in FunctionGroup.isMatch,x86_64,2016-09-19T08:39:37.997Z
LogListener.java LogListener.java RuntimeLog.java PlatformLogWriter.java ExtendedLogReaderServiceFactory.java ExtendedLogReaderServiceFactory.java ExtendedLogReaderServiceFactory.java ExtendedLogServiceFactory.java ExtendedLogServiceImpl.java LoggerImpl.java Log.java EclipseLogAppender.java EclipseLogAppender.java UnsynchronizedAppenderBase.java AppenderAttachableImpl.java Logger.java Logger.java Logger.java Logger.java Logger.java ProjectRegistryManager.java ProjectRegistryManager.java ProjectRegistryManager.java ProjectRegistryRefreshJob.java ProjectRegistryRefreshJob.java MavenExecutionContext.java MavenExecutionContext.java MavenExecutionContext.java MavenImpl.java ProjectRegistryRefreshJob.java ProjectRegistryRefreshJob.java MavenExecutionContext.java MavenExecutionContext.java MavenExecutionContext.java MavenImpl.java ProjectRegistryRefreshJob.java Worker.java,RuntimeException in ProjectRegistryManager.refreshPhase2,x86_64,2016-09-19T08:39:38.008Z
LogListener.java LogListener.java RuntimeLog.java PlatformLogWriter.java ExtendedLogReaderServiceFactory.java ExtendedLogReaderServiceFactory.java ExtendedLogReaderServiceFactory.java ExtendedLogServiceFactory.java ExtendedLogServiceImpl.java LoggerImpl.java Log.java WorkbenchPlugin.java EarlyStartupRunnable.java SafeRunner.java SafeRunner.java Workbench.java Worker.java,RuntimeException below Workbench$56.run (thrown in SafeRunner.run),x86_64,2016-09-19T08:39:38.013Z
WorkbenchRunnableAdapter.java ModalContext.java ModalContext.java WorkbenchWindow.java BusyIndicator.java WorkbenchWindow.java ProgressManager.java BusyIndicator.java ProgressManager.java Synchronizer.java UISynchronizer.java Display.java ProgressManager.java AJOrganizeImportsAction.java AJOrganizeImportsAction.java SelectionDispatchAction.java SelectionDispatchAction.java Action.java ActionHandler.java E4HandlerProxy.java DelegatingMethodAccessorImpl.java Method.java MethodRequestor.java InjectorImpl.java InjectorImpl.java ContextInjectionFactory.java HandlerServiceHandler.java Command.java ParameterizedCommand.java HandlerServiceImpl.java KeyBindingDispatcher.java KeyBindingDispatcher.java KeyBindingDispatcher.java KeyBindingDispatcher.java KeyBindingDispatcher.java KeyBindingDispatcher.java EventTable.java Display.java Widget.java Widget.java Widget.java Widget.java Widget.java Control.java Composite.java Widget.java Control.java Display.java OS.java OS.java Display.java OS.java OS.java Display.java PartRenderingEngine.java Realm.java PartRenderingEngine.java E4Workbench.java Workbench.java Realm.java Workbench.java PlatformUI.java IDEApplication.java EclipseAppHandle.java EclipseAppLauncher.java EclipseAppLauncher.java EclipseStarter.java EclipseStarter.java NativeMethodAccessorImpl.java NativeMethodAccessorImpl.java DelegatingMethodAccessorImpl.java Method.java Main.java Main.java Main.java Main.java,InterruptedException in WorkbenchRunnableAdapter.run,x86_64,2016-12-12T09:56:52.956Z
ASTNode.java ASTConverter.java ASTConverter.java ASTConverter.java ASTConverter.java ASTConverter.java ASTConverter.java ASTConverter.java ASTConverter.java ASTConverter.java ASTConverter.java ASTConverter.java ASTConverter.java CompilationUnitResolver.java ASTParser.java ASTParser.java ASTProvider.java SafeRunner.java ASTProvider.java ASTProvider.java SharedASTProvider.java JdtUtils.java JavaElementSelectionService.java JavaElementSelectionService.java JavaElementSelectionService.java Executors.java FutureTask.java ScheduledThreadPoolExecutor.java ScheduledThreadPoolExecutor.java ThreadPoolExecutor.java ThreadPoolExecutor.java Thread.java,IllegalArgumentException in ASTNode.setSourceRange,x86_64,2016-12-13T07:38:23.723Z
KRSbSbBtwuMV2GlU PluginAction.java WWinPluginAction.java ActionContributionItem.java ActionContributionItem.java ActionContributionItem.java EventTable.java Display.java Widget.java Display.java Display.java PartRenderingEngine.java Realm.java PartRenderingEngine.java E4Workbench.java Workbench.java Realm.java Workbench.java PlatformUI.java IDEApplication.java EclipseAppHandle.java EclipseAppLauncher.java EclipseAppLauncher.java EclipseStarter.java EclipseStarter.java NativeMethodAccessorImpl.java NativeMethodAccessorImpl.java DelegatingMethodAccessorImpl.java Method.java Main.java Main.java Main.java Main.java,3rd party caused ArrayIndexOutOfBoundsException below WWinPluginAction.runWithEvent,x86_64,2016-12-04T07:39:58.999Z
TocFileParser.java TocFileProvider.java TocManager.java TocManager.java TocManager.java TocManager.java ContextHelpPart.java ContextHelpPart.java ContextHelpPart.java ContextHelpPart.java ManagedForm.java RelatedTopicsPart.java ManagedForm.java ReusableHelpPart.java DefaultHelpUI.java DefaultHelpUI.java DefaultHelpUI.java WorkbenchHelpSystem.java WorkbenchHelpSystem.java TypedListener.java EventTable.java Display.java Widget.java Widget.java Widget.java Widget.java TrayDialog.java TrayDialog.java TrayDialog.java TypedListener.java EventTable.java Display.java Widget.java Widget.java Widget.java Widget.java Display.java Display.java Window.java Window.java DependenciesComposite.java TypedListener.java EventTable.java Display.java Widget.java Widget.java Widget.java Widget.java Display.java Display.java PartRenderingEngine.java Realm.java PartRenderingEngine.java E4Workbench.java Workbench.java Realm.java Workbench.java PlatformUI.java IDEApplication.java EclipseAppHandle.java EclipseAppLauncher.java EclipseAppLauncher.java EclipseStarter.java EclipseStarter.java NativeMethodAccessorImpl.java NativeMethodAccessorImpl.java DelegatingMethodAccessorImpl.java Method.java Main.java Main.java Main.java,FileNotFoundException in TocFileParser.parse,x86_64,2016-12-13T07:38:36.043Z
ProvisioningOperationWizard.java WizardWithLicenses.java WizardPage.java WizardDialog.java WizardDialog.java Dialog.java TypedListener.java EventTable.java Display.java Widget.java Display.java Display.java Window.java Window.java ProvisioningUI.java ProvisioningUI.java UpdateHandler.java PreloadingRepositoryHandler.java RunnableLock.java Synchronizer.java Display.java Display.java PartRenderingEngine.java Realm.java PartRenderingEngine.java E4Workbench.java Workbench.java Realm.java Workbench.java PlatformUI.java IDEApplication.java EclipseAppHandle.java EclipseAppLauncher.java EclipseAppLauncher.java EclipseStarter.java EclipseStarter.java Main.java Main.java Main.java,NullPointerException in ProvisioningOperationWizard.getNextPage,x86,2016-12-13T07:38:46.534Z
XMLDecoder.java MarketplaceInfo.java MarketplaceDiscoveryStrategy.java MarketplaceWizard.java MarketplacePage.java WizardDialog.java WizardDialog.java Window.java Dialog.java Window.java MarketplaceWizardCommand.java HandlerProxy.java E4HandlerProxy.java NativeMethodAccessorImpl.java NativeMethodAccessorImpl.java DelegatingMethodAccessorImpl.java Method.java MethodRequestor.java InjectorImpl.java InjectorImpl.java ContextInjectionFactory.java HandlerServiceHandler.java Command.java ParameterizedCommand.java HandlerServiceImpl.java HandledContributionItem.java HandledContributionItem.java HandledContributionItem.java HandledContributionItem.java EventTable.java Display.java Widget.java Widget.java Widget.java Widget.java Display.java Display.java Window.java Window.java MarketplaceWizardCommand.java HandlerProxy.java E4HandlerProxy.java NativeMethodAccessorImpl.java NativeMethodAccessorImpl.java DelegatingMethodAccessorImpl.java Method.java MethodRequestor.java InjectorImpl.java InjectorImpl.java ContextInjectionFactory.java HandlerServiceHandler.java Command.java ParameterizedCommand.java HandlerServiceImpl.java HandledContributionItem.java HandledContributionItem.java HandledContributionItem.java HandledContributionItem.java EventTable.java Display.java Widget.java Widget.java Widget.java Widget.java Display.java Display.java PartRenderingEngine.java Realm.java PartRenderingEngine.java E4Workbench.java Workbench.java Realm.java Workbench.java PlatformUI.java IDEApplication.java EclipseAppHandle.java EclipseAppLauncher.java EclipseAppLauncher.java EclipseStarter.java EclipseStarter.java NativeMethodAccessorImpl.java NativeMethodAccessorImpl.java DelegatingMethodAccessorImpl.java Method.java Main.java Main.java Main.java,ArrayIndexOutOfBoundsException below MarketplaceInfo.getInstance (thrown in XMLDecoder.readObject),x86_64,2016-09-19T08:39:38.094Z
Project.java Resource.java Resource.java Project.java SetContainerOperation.java JavaScriptCore.java JREContainerInitializer.java JavaModelManager.java JavaModelManager.java Workspace.java JavaModelManager.java JavaModelManager.java JavaScriptCore.java JavaProject.java JavaProject.java JavaScriptCore.java InitializeAfterLoadJob.java Worker.java,ResourceException below SetContainerOperation.execute (thrown in Project.checkAccessible),x86_64,2016-12-12T09:27:24.012Z
SWT.java SWT.java SWT.java Widget.java Widget.java Control.java Composite.java Composite.java StatusTextEditor.java JavaEditor.java AspectJEditor.java CompatibilityPart.java NativeMethodAccessorImpl.java NativeMethodAccessorImpl.java DelegatingMethodAccessorImpl.java Method.java MethodRequestor.java InjectorImpl.java InjectorImpl.java InjectorImpl.java ContextInjectionFactory.java PartRenderingEngine.java ContributedPartRenderer.java CTabItem.java CTabFolder.java Control.java Control.java CTabFolder.java CTabFolder.java StackRenderer.java LazyStackRenderer.java UIEventHandler.java Synchronizer.java UISynchronizer.java Display.java E4Application.java UIEventHandler.java EventHandlerWrapper.java EventHandlerTracker.java EventHandlerTracker.java EventManager.java ListenerQueue.java EventAdminImpl.java EventAdminImpl.java EventComponent.java EventBroker.java UIEventPublisher.java BasicNotifierImpl.java ElementContainerImpl.java PartServiceImpl.java PartServiceImpl.java StackRenderer.java StackRenderer.java StackRenderer.java CTabFolder.java CTabFolder.java EventTable.java Display.java Widget.java Display.java Display.java PartRenderingEngine.java Realm.java PartRenderingEngine.java E4Workbench.java Workbench.java Realm.java Workbench.java PlatformUI.java IDEApplication.java EclipseAppHandle.java EclipseAppLauncher.java EclipseAppLauncher.java EclipseStarter.java EclipseStarter.java NativeMethodAccessorImpl.java NativeMethodAccessorImpl.java DelegatingMethodAccessorImpl.java Method.java Main.java Main.java Main.java Main.java,SWTException below StatusTextEditor.setFocus (thrown in Widget.checkWidget),x86_64,2016-12-13T14:51:45.916Z
b1qVVDhhUmjnyeuh gM3mMLOwp62ozMEp MozmQFOVsyfW1nWh CategoryTypeLookup.java TypeInferencingVisitorWithRequestor.java TypeInferencingVisitorWithRequestor.java TypeInferencingVisitorWithRequestor.java MkTIrqqXKeHaHOHK TypeInferencingVisitorWithRequestor.java fHIUYVBD0Z7cRUPT bGEOR669wePd/fnd S2ZE0NvkGiVeJ+Ig gvJzymO9mTG7UirV UFhnTWU8Pn5ep0sv fAi36F8Xw0LPfYIn TypeInferencingVisitorWithRequestor.java ZTjFVLOANfuh7g+8 Q8jW9D6b4zrdB9a1 jzKqgGMs+I1C+V0d TypeInferencingVisitorWithRequestor.java TypeInferencingVisitorWithRequestor.java TypeInferencingVisitorWithRequestor.java TypeInferencingVisitorWithRequestor.java X3xiMmviLDZf6Y+2 HbSaiLcegjqhwMOH CompilationUnitEditor.java JavaReconcilingStrategy.java JavaCompositeReconcilingStrategy.java JavaCompositeReconcilingStrategy.java MonoReconciler.java JavaReconciler.java AbstractReconciler.java,3rd party caused UnsupportedOperationException below CategoryTypeLookup.lookupType,x86_64,2016-12-13T07:39:20.102Z
TableWrapLayout.java TableWrapLayout.java TableWrapLayout.java SizeCache.java SizeCache.java ExpandableComposite.java ExpandableComposite.java SizeCache.java TableWrapLayout.java TableWrapLayout.java TableWrapLayout.java Composite.java Composite.java Composite.java Composite.java Composite.java Composite.java Composite.java Composite.java Composite.java Composite.java Composite.java Composite.java Composite.java Composite.java Composite.java Composite.java Composite.java Composite.java Composite.java Composite.java Composite.java Display.java Display.java PartRenderingEngine.java Realm.java PartRenderingEngine.java E4Workbench.java Workbench.java Realm.java Workbench.java PlatformUI.java IDEApplication.java EclipseAppHandle.java EclipseAppLauncher.java EclipseAppLauncher.java EclipseStarter.java EclipseStarter.java Main.java Main.java Main.java Main.java,NullPointerException in TableWrapLayout.calculateColumnWidths,x86_64,2016-12-13T07:39:31.110Z
LogListener.java LogListener.java RuntimeLog.java PlatformLogWriter.java ExtendedLogReaderServiceFactory.java ExtendedLogReaderServiceFactory.java ExtendedLogReaderServiceFactory.java ExtendedLogServiceFactory.java ExtendedLogServiceImpl.java LoggerImpl.java PlatformLogWriter.java RuntimeLog.java JobManager.java WorkerPool.java Worker.java,3rd party caused HIDDEN below BuildManager$2.run,x86,2016-12-13T07:39:43.902Z
Folder.java Folder.java ProjectPreferences.java Workspace.java ProjectPreferences.java EclipsePreferences.java ProjectPreferences.java JavaProject.java kC4a+7EDsnWhtZT/ Mty1/4xidaHL4VR0 gpjdN3CgbcpJYNMt R44ncts1buruUt/w YZNh1tjFB/tNjCUR DKfeWCSCqsyoSZX3 eISgWuBPVI8IKY1W WorkspaceModifyOperation.java Workspace.java WorkspaceModifyOperation.java ModalContext.java,ResourceException below JavaProject.setOption (thrown in Folder.assertCreateRequirements),x86_64,2016-12-13T11:17:31.236Z
FileSystemResourceManager.java Resource.java AbstractImageBuilder.java BatchImageBuilder.java Resource.java ElementTreeIterator.java ElementTreeIterator.java ElementTreeIterator.java Resource.java Resource.java BatchImageBuilder.java BatchImageBuilder.java BatchImageBuilder.java JavaBuilder.java JavaBuilder.java BuildManager.java SafeRunner.java BuildManager.java BuildManager.java BuildManager.java SafeRunner.java BuildManager.java BuildManager.java BuildManager.java Project.java Workspace.java Project.java Project.java PQC1RWycijLw1k/X Worker.java,ResourceException below AbstractImageBuilder.copyResource (thrown in FileSystemResourceManager.copy),x86_64,2016-12-13T14:09:33.873Z
LogListener.java LogListener.java RuntimeLog.java PlatformLogWriter.java ExtendedLogReaderServiceFactory.java ExtendedLogReaderServiceFactory.java ExtendedLogReaderServiceFactory.java ExtendedLogServiceFactory.java ExtendedLogServiceImpl.java LoggerImpl.java EquinoxLogFactory.java LogHelper.java EclipseTouchpoint.java EclipseTouchpoint.java Phase.java Phase.java Phase.java PhaseSet.java Engine.java Engine.java ProvisioningSession.java ProfileModificationJob.java ProvisioningJob.java Worker.java,RuntimeException in EclipseTouchpoint.prepareIU,x86,2016-12-09T07:40:26.749Z
RepositoryTransport.java AbstractP2TransportFactory.java TransportFactory.java AbstractResourceRunnable.java AbstractResourceRunnable.java,IncomingFileTransferException below AbstractP2TransportFactory.invokeStream (thrown in HttpClientRetrieveFileTransfer.openStreams),x86,2016-12-10T07:39:54.198Z
PrepareInstallProfileJob.java PrepareInstallProfileJob.java ModalContext.java,RuntimeException in PrepareInstallProfileJob.resolve,x86_64,2016-12-12T12:24:57.163Z
MethodRequestor.java InjectorImpl.java InjectorImpl.java ContextInjectionFactory.java HandlerServiceHandler.java Command.java ParameterizedCommand.java HandlerServiceImpl.java LegacyHandlerService.java LTKLauncher.java LTKLauncher.java DeleteResourceAction.java BaseSelectionListenerAction.java ActionContributionItem.java ActionContributionItem.java ActionContributionItem.java EventTable.java Display.java Widget.java Display.java Display.java PartRenderingEngine.java Realm.java PartRenderingEngine.java E4Workbench.java Workbench.java Realm.java Workbench.java PlatformUI.java IDEApplication.java EclipseAppHandle.java EclipseAppLauncher.java EclipseAppLauncher.java EclipseStarter.java EclipseStarter.java NativeMethodAccessorImpl.java NativeMethodAccessorImpl.java DelegatingMethodAccessorImpl.java Method.java Main.java Main.java Main.java Main.java,SWTException below RefactoringWizardOpenOperation.run (thrown in Widget.getDisplay),x86_64,2016-12-13T07:40:23.187Z
LsRemoteCommand.java LsRemoteCommand.java ListRemoteOperation.java SourceBranchPage.java ModalContext.java,NoRemoteRepositoryException in TransportGitSsh.cleanNotFound,x86_64,2016-12-12T07:42:44.123Z
FetchCommand.java PullCommand.java PullOperation.java Workspace.java PullOperation.java PullOperationUI.java PullOperationUI.java InternalWorkspaceJob.java Worker.java,3rd party caused JSchException below JschConfigSessionFactory.getSession,x86_64,2016-12-13T07:57:41.744Z
ExternalActionManager.java ActionContributionItem.java ActionContributionItem.java MenuManagerRenderer.java PopupMenuExtender.java PopupMenuExtender.java MenuManager.java MenuManager.java MenuManager.java MenuManager.java TypedListener.java EventTable.java Display.java Widget.java Widget.java Widget.java Menu.java Display.java Display.java PartRenderingEngine.java Realm.java PartRenderingEngine.java E4Workbench.java Workbench.java Realm.java Workbench.java PlatformUI.java IDEApplication.java EclipseAppHandle.java EclipseAppLauncher.java EclipseAppLauncher.java EclipseStarter.java EclipseStarter.java NativeMethodAccessorImpl.java NativeMethodAccessorImpl.java DelegatingMethodAccessorImpl.java Method.java Main.java Main.java Main.java Main.java,Exception below MenuManagerRenderer.reconcileManagerToModel (thrown in ExternalActionManager$CommandCallback.isActive),x86_64,2016-12-13T07:40:33.697Z
AddJarFileToIndex.java JobManager.java,ZipError below AddJarFileToIndex.execute (thrown in ZipFile$ZipEntryIterator.next),x86_64,2016-09-19T08:39:38.479Z
StatisticsSessionProcessor.java IntelligentCompletionProposalComputer.java ContentAssistant.java CompletionProposalPopup.java CompletionProposalPopup.java CompletionProposalPopup.java CompletionProposalPopup.java CompletionProposalPopup.java TypedListener.java EventTable.java Display.java Widget.java Display.java Display.java PartRenderingEngine.java Realm.java PartRenderingEngine.java E4Workbench.java Workbench.java Realm.java Workbench.java PlatformUI.java IDEApplication.java EclipseAppHandle.java EclipseAppLauncher.java EclipseAppLauncher.java EclipseStarter.java EclipseStarter.java NativeMethodAccessorImpl.java NativeMethodAccessorImpl.java DelegatingMethodAccessorImpl.java Method.java Main.java Main.java Main.java,NullPointerException in StatisticsSessionProcessor.applied,x86_64,2016-09-19T08:39:38.494Z
Spawner.java Spawner.java ProcessFactory.java CommandLauncher.java BuildRunnerHelper.java AbstractBuiltinSpecsDetector.java AbstractBuiltinSpecsDetector.java AbstractBuiltinSpecsDetector.java AbstractBuiltinSpecsDetector.java InternalWorkspaceJob.java Worker.java,IOException in Spawner.exec,x86_64,2016-12-13T13:08:08.138Z
AntRunner.java AntRunner.java AntLaunchDelegate.java AntLaunchDelegate.java LaunchConfiguration.java LaunchConfiguration.java LaunchConfiguration.java ExternalToolBuilder.java ExternalToolBuilder.java ExternalToolBuilder.java BuildManager.java SafeRunner.java BuildManager.java BuildManager.java BuildManager.java SafeRunner.java BuildManager.java BuildManager.java BuildManager.java AutoBuildJob.java AutoBuildJob.java Worker.java,BuildException below EclipseDefaultExecutor.executeTargets (thrown in Copy.copySingleFile),x86_64,2016-12-12T07:43:14.465Z
FieldCacheImpl.java FieldCacheImpl.java FieldCacheImpl.java FieldSortedHitQueue.java FieldSortedHitQueue.java FieldCacheImpl.java FieldSortedHitQueue.java FieldSortedHitQueue.java TopFieldDocCollector.java IndexSearcher.java Hits.java Hits.java Searcher.java DefaultSearchEngine.java DefaultSearchEngine.java DefaultSearchEngine.java DefaultNexusIndexer.java NexusArchetypeDataSource.java ArchetypeCatalogFactory.java MavenProjectWizardArchetypePage.java MavenProjectWizardArchetypePage.java MavenProjectWizardArchetypePage.java Worker.java,OutOfMemoryError below ArchetypeCatalogFactory$NexusIndexerCatalogFactory.getArchetypeCatalog (thrown in FieldCacheImpl$10.createValue),x86_64,2016-12-11T07:41:03.891Z
NodeContainer.java MGrCTpw9eYXbp0Uz UWepJk9Mns5cE09N eS/sVjjZaklE7ruP ekO7DNhPrParICWL OBtMtCOKNjnIqlIH hn7A7eCQ95JEZ9aa g5Rg39bSTlP1Zqaf Action.java ActionContributionItem.java ActionContributionItem.java ActionContributionItem.java EventTable.java Display.java Widget.java Display.java Display.java PartRenderingEngine.java Realm.java PartRenderingEngine.java E4Workbench.java Workbench.java Realm.java Workbench.java PlatformUI.java IDEApplication.java EclipseAppHandle.java EclipseAppLauncher.java EclipseAppLauncher.java EclipseStarter.java EclipseStarter.java Main.java Main.java Main.java,HIDDEN in NodeContainer.removeChild,x86_64,2016-12-11T07:41:13.415Z
Project.java MoveProjectOperation.java MoveProjectOperation.java AbstractWorkspaceOperation.java Workspace.java AbstractWorkspaceOperation.java SharingWizard.java ModalContext.java ModalContext.java WizardDialog.java SharingWizard.java WizardDialog.java WizardDialog.java Dialog.java TypedListener.java EventTable.java Display.java Widget.java Display.java Display.java Window.java Window.java ConfigureProjectWizard.java ConfigureProjectWizard.java ConfigureProjectAction.java TeamAction.java BusyIndicator.java TeamAction.java ConfigureProjectAction.java TeamAction.java TeamAction.java PluginAction.java ActionContributionItem.java ActionContributionItem.java ActionContributionItem.java EventTable.java Display.java Widget.java Display.java Display.java PartRenderingEngine.java Realm.java PartRenderingEngine.java E4Workbench.java Workbench.java Realm.java Workbench.java PlatformUI.java IDEApplication.java EclipseAppHandle.java EclipseAppLauncher.java EclipseAppLauncher.java EclipseStarter.java EclipseStarter.java Main.java Main.java Main.java Main.java,ResourceException below SharingWizard$1.run (thrown in Project.move),x86_64,2016-12-13T12:32:53.660Z
Ljogz4JXb3zcbqN8 ResourceDelta.java ResourceDelta.java Ygjhsy+NklFR4Kw4 BuildManager.java SafeRunner.java BuildManager.java BuildManager.java BuildManager.java SafeRunner.java BuildManager.java BuildManager.java BuildManager.java AutoBuildJob.java AutoBuildJob.java Worker.java,3rd party caused NullPointerException below ResourceDelta.accept,x86_64,2016-12-13T12:59:38.148Z
VirtualComponent.java WebProjectConfiguratorDelegate.java WTPProjectConfigurator.java ProjectConfigurationManager.java ProjectRegistryManager.java ProjectRegistryManager.java ProjectRegistryManager.java MavenBuilder.java MavenBuilder.java MavenExecutionContext.java MavenExecutionContext.java MavenExecutionContext.java MavenBuilder.java MavenBuilder.java BuildManager.java SafeRunner.java BuildManager.java BuildManager.java BuildManager.java SafeRunner.java BuildManager.java BuildManager.java BuildManager.java AutoBuildJob.java AutoBuildJob.java Worker.java,NullPointerException in VirtualComponent.setReferences,x86_64,2016-12-13T04:18:04.688Z
SWT.java SWT.java SWT.java Widget.java Widget.java Browser.java Browser.java ee+bx6WZX2X2daaS PartService.java SafeRunner.java PartService.java WorkbenchPage.java SafeRunner.java WorkbenchPage.java CompatibilityPart.java UIEventHandler.java Synchronizer.java UISynchronizer.java Display.java E4Application.java UIEventHandler.java EventHandlerWrapper.java EventHandlerTracker.java EventHandlerTracker.java EventManager.java ListenerQueue.java EventAdminImpl.java EventAdminImpl.java EventComponent.java EventBroker.java UIEventPublisher.java BasicNotifierImpl.java UIElementImpl.java SWTPartRenderer.java SWTPartRenderer.java ContributedPartRenderer.java PartRenderingEngine.java PartRenderingEngine.java PartRenderingEngine.java SafeRunner.java PartRenderingEngine.java PartRenderingEngine.java UIEventHandler.java Synchronizer.java UISynchronizer.java Display.java E4Application.java UIEventHandler.java EventHandlerWrapper.java EventHandlerTracker.java EventHandlerTracker.java EventManager.java ListenerQueue.java EventAdminImpl.java EventAdminImpl.java EventComponent.java EventBroker.java UIEventPublisher.java BasicNotifierImpl.java UIElementImpl.java PartServiceImpl.java WorkbenchPage.java WorkbenchPage.java WorkbenchPage.java WorkbenchPage.java WebBrowserEditor.java RunnableLock.java Synchronizer.java Display.java Display.java PartRenderingEngine.java Realm.java PartRenderingEngine.java E4Workbench.java Workbench.java Realm.java Workbench.java PlatformUI.java IDEApplication.java EclipseAppHandle.java EclipseAppLauncher.java EclipseAppLauncher.java EclipseStarter.java EclipseStarter.java NativeMethodAccessorImpl.java NativeMethodAccessorImpl.java DelegatingMethodAccessorImpl.java Method.java Main.java Main.java Main.java,3rd party caused SWTException below PartService$3.run,x86_64,2016-09-19T08:39:38.690Z
LogListener.java LogListener.java RuntimeLog.java PlatformLogWriter.java ExtendedLogReaderServiceFactory.java ExtendedLogReaderServiceFactory.java ExtendedLogReaderServiceFactory.java ExtendedLogServiceFactory.java ExtendedLogServiceImpl.java LoggerImpl.java Log.java WorkbenchPlugin.java WorkbenchPlugin.java ObjectActionContributor.java SafeRunner.java SafeRunner.java ObjectActionContributor.java ObjectActionContributorManager.java PopupMenuExtender.java PopupMenuExtender.java MenuManager.java MenuManager.java MenuManager.java MenuManager.java TypedListener.java EventTable.java Display.java Widget.java Widget.java Widget.java Menu.java Display.java Display.java PartRenderingEngine.java Realm.java PartRenderingEngine.java E4Workbench.java Workbench.java Realm.java Workbench.java PlatformUI.java IDEApplication.java EclipseAppHandle.java EclipseAppLauncher.java EclipseAppLauncher.java EclipseStarter.java EclipseStarter.java NativeMethodAccessorImpl.java NativeMethodAccessorImpl.java DelegatingMethodAccessorImpl.java Method.java Main.java Main.java Main.java Main.java,RuntimeException below ObjectActionContributor.contributeObjectActions (thrown in SafeRunner.run),x86_64,2016-12-13T07:41:06.836Z
ObjectPluginAction.java ObjectActionContributor.java SafeRunner.java ObjectActionContributor.java ObjectActionContributorManager.java PopupMenuExtender.java PopupMenuExtender.java MenuManager.java MenuManager.java MenuManager.java MenuManager.java TypedListener.java EventTable.java Display.java Widget.java Widget.java Widget.java Menu.java Display.java Display.java PartRenderingEngine.java Realm.java PartRenderingEngine.java E4Workbench.java Workbench.java Realm.java Workbench.java PlatformUI.java IDEApplication.java EclipseAppHandle.java EclipseAppLauncher.java EclipseAppLauncher.java EclipseStarter.java EclipseStarter.java NativeMethodAccessorImpl.java NativeMethodAccessorImpl.java DelegatingMethodAccessorImpl.java Method.java Main.java Main.java Main.java Main.java,NullPointerException in ObjectPluginAction.setActivePart,x86_64,2016-12-11T07:41:50.246Z
LoggerFactory.java LoggerFactory.java InjectionDescriptor.java InjectionService.java ExtensionFactory.java NativeConstructorAccessorImpl.java NativeConstructorAccessorImpl.java DelegatingConstructorAccessorImpl.java Constructor.java Class.java RegistryStrategyOSGI.java ExtensionRegistry.java ConfigurationElement.java ConfigurationElementHandle.java WorkbenchPlugin.java BusyIndicator.java WorkbenchPlugin.java WorkbenchPreferenceNode.java PreferenceDialog.java FilteredPreferenceDialog.java PreferenceDialog.java FilteredPreferenceDialog.java PreferenceDialog.java BusyIndicator.java PreferenceDialog.java StructuredViewer.java SafeRunner.java JFaceUtil.java SafeRunnable.java StructuredViewer.java StructuredViewer.java StructuredViewer.java OpenStrategy.java OpenStrategy.java OpenStrategy.java RunnableLock.java Synchronizer.java Display.java Display.java Window.java Window.java WorkbenchPreferenceDialog.java OpenPreferencesAction.java Action.java ActionContributionItem.java ActionContributionItem.java ActionContributionItem.java EventTable.java Display.java Widget.java Display.java Display.java PartRenderingEngine.java Realm.java PartRenderingEngine.java E4Workbench.java Workbench.java Realm.java Workbench.java PlatformUI.java IDEApplication.java EclipseAppHandle.java EclipseAppLauncher.java EclipseAppLauncher.java EclipseStarter.java EclipseStarter.java NativeMethodAccessorImpl.java NativeMethodAccessorImpl.java DelegatingMethodAccessorImpl.java Method.java Main.java Main.java Main.java Main.java,IncompatibleClassChangeError in InjectionDescriptor.<clinit>,x86_64,2016-09-19T08:39:38.735Z
SWT.java SWT.java SWT.java Widget.java Widget.java Composite.java JavaEditor.java JavaEditor.java AbstractTextEditor.java ChainedPreferenceStore.java ChainedPreferenceStore.java ChainedPreferenceStore.java ChainedPreferenceStore.java ScopedPreferenceStore.java SafeRunner.java ScopedPreferenceStore.java ToggleBreadcrumbAction.java PerspectiveListenerList.java SafeRunner.java Platform.java PerspectiveListenerList.java PerspectiveListenerList.java WorkbenchWindow.java WorkbenchPage.java UIEventHandler.java Synchronizer.java UISynchronizer.java Display.java E4Application.java UIEventHandler.java EventHandlerWrapper.java EventHandlerTracker.java EventHandlerTracker.java EventManager.java ListenerQueue.java EventAdminImpl.java EventAdminImpl.java EventComponent.java EventBroker.java UIEventPublisher.java BasicNotifierImpl.java PerspectiveStackImpl.java PerspectiveStackImpl.java PerspectiveSwitcher.java TypedListener.java EventTable.java Display.java Widget.java Display.java Display.java PartRenderingEngine.java Realm.java PartRenderingEngine.java E4Workbench.java Workbench.java Realm.java Workbench.java PlatformUI.java IDEApplication.java EclipseAppHandle.java EclipseAppLauncher.java EclipseAppLauncher.java EclipseStarter.java EclipseStarter.java Main.java Main.java Main.java,SWTException below JavaEditor.showBreadcrumb (thrown in Widget.checkWidget),x86,2016-09-19T08:39:38.744Z
SWT.java SWT.java SWT.java Widget.java Widget.java Control.java JavaEditor.java JavaEditor.java AbstractTextEditor.java ChainedPreferenceStore.java ChainedPreferenceStore.java ChainedPreferenceStore.java ChainedPreferenceStore.java ScopedPreferenceStore.java SafeRunner.java ScopedPreferenceStore.java ToggleBreadcrumbAction.java PerspectiveListenerList.java SafeRunner.java Platform.java PerspectiveListenerList.java PerspectiveListenerList.java WorkbenchWindow.java WorkbenchPage.java UIEventHandler.java Synchronizer.java UISynchronizer.java Display.java E4Application.java UIEventHandler.java EventHandlerWrapper.java EventHandlerTracker.java EventHandlerTracker.java EventManager.java ListenerQueue.java EventAdminImpl.java EventAdminImpl.java EventComponent.java EventBroker.java UIEventPublisher.java BasicNotifierImpl.java PerspectiveStackImpl.java PerspectiveStackImpl.java PerspectiveSwitcher.java TypedListener.java EventTable.java Display.java Widget.java Display.java Display.java PartRenderingEngine.java Realm.java PartRenderingEngine.java E4Workbench.java Workbench.java Realm.java Workbench.java PlatformUI.java IDEApplication.java EclipseAppHandle.java EclipseAppLauncher.java EclipseAppLauncher.java EclipseStarter.java EclipseStarter.java Main.java Main.java Main.java,SWTException below JavaEditor.hideBreadcrumb (thrown in Widget.checkWidget),x86,2016-12-13T07:41:17.887Z
LaunchingPlugin.java LaunchingPlugin.java LaunchingPlugin.java SaveManager.java SaveManager.java SafeRunner.java SaveManager.java SaveManager.java SaveManager.java Project.java CloseResourceAction.java WorkspaceAction.java WorkspaceAction.java InternalWorkspaceJob.java Worker.java,FileNotFoundException below LaunchingPlugin.writeInstallInfo (thrown in FileOutputStream.open),x86_64,2016-12-12T07:44:02.495Z
DeltaProcessor.java DeltaProcessor.java DeltaProcessingState.java NotificationManager.java SafeRunner.java NotificationManager.java NotificationManager.java Workspace.java Project.java CloseResourceAction.java WorkspaceAction.java WorkspaceAction.java InternalWorkspaceJob.java Worker.java,NullPointerException in DeltaProcessor.checkProjectsBeingAddedOrRemoved,x86_64,2016-12-13T02:04:57.156Z
Spawner.java Spawner.java ProcessFactory.java CommandLauncher.java kSRKLmpeGTHTv1JN lTidPor9j99okSnW kIQlDDVdDawUqJQN gqFZ85wCA50B1MUn CfgSCJobsUtil.java SafeRunner.java Platform.java CfgSCJobsUtil.java ScannerConfigBuilder.java CfgDiscoveredPathManager.java CfgDiscoveredPathManager.java ProfileInfoProvider.java BuildEntryStorage.java BuildEntryStorage.java AbstractEntryStorage.java AbstractEntryStorage.java BuildLanguageData.java CDefaultLanguageData.java CDefaultLanguageData.java CDefaultLanguageData.java CLanguageSettingCache.java CLanguageSettingCache.java CFolderDescriptionCache.java CDefaultFolderData.java CFolderDescriptionCache.java CConfigurationDescriptionCache.java CDefaultConfigurationData.java CConfigurationDescriptionCache.java CProjectDescription.java XmlProjectDescriptionStorage.java XmlProjectDescriptionStorage.java CProjectDescriptionManager.java CProjectDescriptionManager.java CProjectDescriptionManager.java CProjectDescriptionManager.java CProject.java CProject.java CProject.java Openable.java CElement.java CElement.java CElement.java Parent.java CProject.java CModelManager.java CModelManager.java DeltaProcessor.java DeltaProcessor.java DeltaProcessor.java DeltaProcessor.java CModelManager.java NotificationManager.java SafeRunner.java NotificationManager.java NotificationManager.java Workspace.java Workspace.java InternalWorkspaceJob.java Worker.java,IOException in Spawner.exec,x86,2016-12-13T13:08:08.262Z
LogListener.java LogListener.java RuntimeLog.java PlatformLogWriter.java ExtendedLogReaderServiceFactory.java ExtendedLogReaderServiceFactory.java ExtendedLogReaderServiceFactory.java ExtendedLogServiceFactory.java ExtendedLogServiceImpl.java LoggerImpl.java Log.java LaunchingPlugin.java LaunchingPlugin.java StandardVMType.java StandardVMType.java StandardVMType.java StandardVMType.java StandardVMType.java StandardVMType.java JavaRuntime.java JavaRuntime.java JavaRuntime.java EnvironmentsManager.java ExecutionEnvironment.java ExecutionEnvironment.java ApiBaseline.java ApiBaseline.java ApiModelFactory.java APIBaselineTaskImpl.java SetupTaskPerformer.java SetupTaskPerformer.java SetupTaskPerformer.java Workspace.java SetupTaskPerformer.java SetupTaskPerformer.java SetupTaskPerformer.java SetupTaskPerformer.java SetupTaskPerformer.java ProgressPage.java ProgressPage.java Worker.java,RuntimeException in StandardVMType.generateLibraryInfo,x86_64,2016-12-13T07:41:45.857Z
AbstractVMInstall.java AbstractVMInstall.java ExecutionEnvironmentAnalyzer.java ExecutionEnvironmentAnalyzer.java Analyzer.java EnvironmentsManager.java EnvironmentsManager.java JavaRuntime.java JavaRuntime.java JavaRuntime.java EnvironmentsManager.java ExecutionEnvironment.java ExecutionEnvironment.java ApiBaseline.java ApiBaseline.java ApiModelFactory.java APIBaselineTaskImpl.java SetupTaskPerformer.java SetupTaskPerformer.java SetupTaskPerformer.java Workspace.java SetupTaskPerformer.java SetupTaskPerformer.java SetupTaskPerformer.java SetupTaskPerformer.java SetupTaskPerformer.java ProgressPage.java ProgressPage.java Worker.java,CoreException in AbstractVMInstall.abort,x86_64,2016-12-12T07:44:45.319Z
AbstractJavaLaunchConfigurationDelegate.java AbstractJavaLaunchConfigurationDelegate.java AbstractJavaLaunchConfigurationDelegate.java JavaLaunchDelegate.java AntLaunchDelegate.java AntLaunchDelegate.java LaunchConfiguration.java LaunchConfiguration.java LaunchConfiguration.java ExternalToolBuilder.java ExternalToolBuilder.java ExternalToolBuilder.java BuildManager.java SafeRunner.java BuildManager.java BuildManager.java BuildManager.java SafeRunner.java BuildManager.java BuildManager.java BuildManager.java Workspace.java Workspace.java SetupTaskPerformer.java Worker.java,CoreException in AbstractJavaLaunchConfigurationDelegate.abort,x86_64,2016-12-06T07:40:02.766Z
LogListener.java LogListener.java RuntimeLog.java PlatformLogWriter.java ExtendedLogReaderServiceFactory.java ExtendedLogReaderServiceFactory.java ExtendedLogReaderServiceFactory.java ExtendedLogServiceFactory.java ExtendedLogServiceImpl.java LoggerImpl.java Log.java LogHelper.java LogHelper.java LogHelper.java PapyrusContentProvider.java PapyrusContentProvider.java SafeDelegateTreeContentProvider.java SafeDelegateTreeContentProvider.java SafeDelegateTreeContentProvider.java NavigatorContentServiceContentProvider.java SafeRunner.java NavigatorContentServiceContentProvider.java NavigatorContentServiceContentProvider.java AbstractTreeViewer.java TreeViewer.java StructuredViewer.java AbstractTreeViewer.java AbstractTreeViewer.java AbstractTreeViewer.java TreeViewer.java AbstractTreeViewer.java TreeViewer.java AbstractTreeViewer.java AbstractTreeViewer.java CommonViewer.java StructuredViewer.java StructuredViewer.java TreeViewer.java StructuredViewer.java StructuredViewer.java ColumnViewer.java CommonViewer.java PackageExplorerContentProvider.java PackageExplorerContentProvider.java PackageExplorerContentProvider.java PackageExplorerContentProvider.java UIJob.java RunnableLock.java Synchronizer.java Display.java Display.java PartRenderingEngine.java Realm.java PartRenderingEngine.java E4Workbench.java Workbench.java Realm.java Workbench.java PlatformUI.java IDEApplication.java EclipseAppHandle.java EclipseAppLauncher.java EclipseAppLauncher.java EclipseStarter.java EclipseStarter.java Main.java Main.java Main.java Main.java,RuntimeException in PapyrusContentProvider.getElements,x86_64,2016-11-27T07:43:10.112Z
LsRemoteCommand.java LsRemoteCommand.java ListRemoteOperation.java SourceBranchPage.java ModalContext.java,TransportException in TransportGitAnon.openConnection,x86_64,2016-12-11T07:42:49.210Z
RepositoryConfiguration.java RepositoryConfiguration.java BugzillaTaskDataHandler.java BugzillaTaskDataHandler.java SaxMultiBugReportContentHandler.java AbstractReportFactory.java MultiBugReportFactory.java BugzillaClient.java BugzillaTaskDataHandler.java SynchronizeTasksJob.java SynchronizeTasksJob.java SynchronizeTasksJob.java SynchronizeTasksJob.java SynchronizeQueriesJob.java Worker.java,ConcurrentModificationException below RepositoryConfiguration.updateAttributeOptions (thrown in ArrayList$Itr.checkForComodification),x86_64,2016-12-02T07:41:13.799Z
ExtensionElementDetails.java ExtensionElementDetails.java ExtensionElementDetails.java DetailsPart.java BusyIndicator.java DetailsPart.java DetailsPart.java DetailsPart.java ManagedForm.java TreeSection.java TreePart.java Viewer.java SafeRunner.java JFaceUtil.java SafeRunnable.java Viewer.java StructuredViewer.java StructuredViewer.java StructuredViewer.java OpenStrategy.java OpenStrategy.java OpenStrategy.java EventTable.java Display.java Widget.java Display.java Display.java PartRenderingEngine.java Realm.java PartRenderingEngine.java E4Workbench.java Workbench.java Realm.java Workbench.java PlatformUI.java IDEApplication.java EclipseAppHandle.java EclipseAppLauncher.java EclipseAppLauncher.java EclipseStarter.java EclipseStarter.java Main.java Main.java Main.java,NullPointerException in ExtensionElementDetails.updateDescription,x86,2016-09-19T08:39:39.425Z
NewElementAction.java ExtensionsSection.java ExtensionsSection.java StructuredViewerSection.java MenuManager.java MenuManager.java MenuManager.java MenuManager.java TypedListener.java EventTable.java Display.java Widget.java Widget.java Widget.java Control.java Control.java Canvas.java Decorations.java Shell.java Display.java OS.java Menu.java Display.java Display.java PartRenderingEngine.java Realm.java PartRenderingEngine.java E4Workbench.java Workbench.java Realm.java Workbench.java PlatformUI.java IDEApplication.java EclipseAppHandle.java EclipseAppLauncher.java EclipseAppLauncher.java EclipseStarter.java EclipseStarter.java Main.java Main.java Main.java,NullPointerException in NewElementAction.<init>,x86,2016-12-06T08:39:29.948Z
SWT.java SWT.java Synchronizer.java Display.java Display.java PartRenderingEngine.java Realm.java PartRenderingEngine.java E4Workbench.java Workbench.java Realm.java Workbench.java PlatformUI.java IDEApplication.java EclipseAppHandle.java EclipseAppLauncher.java EclipseAppLauncher.java EclipseStarter.java EclipseStarter.java Main.java Main.java Main.java,SWTException in Widget.checkWidget,x86,2016-12-13T13:49:25.805Z
Assert.java Assert.java StructuredSelection.java SchemaElementReferenceDetails.java AbstractHyperlink.java AbstractHyperlink.java AbstractHyperlink.java AbstractHyperlink.java EventTable.java Display.java Widget.java Display.java Display.java PartRenderingEngine.java Realm.java PartRenderingEngine.java E4Workbench.java Workbench.java Realm.java Workbench.java PlatformUI.java IDEApplication.java EclipseAppHandle.java EclipseAppLauncher.java EclipseAppLauncher.java EclipseStarter.java EclipseStarter.java Main.java Main.java Main.java,AssertionFailedException below SchemaElementReferenceDetails$3.linkActivated (thrown in StructuredSelection.<init>),x86,2016-09-19T08:39:39.607Z
LogListener.java LogListener.java RuntimeLog.java PlatformLogWriter.java ExtendedLogReaderServiceFactory.java ExtendedLogReaderServiceFactory.java ExtendedLogReaderServiceFactory.java ExtendedLogServiceFactory.java ExtendedLogServiceImpl.java LoggerImpl.java Log.java JavaPlugin.java JavaPlugin.java ImagesOnFileSystemRegistry.java ImagesOnFileSystemRegistry.java JavaPlugin.java JavadocHover.java JavadocHover.java JavadocHover.java JavadocHover.java JavadocHover.java JavadocHover.java BestMatchHover.java BestMatchHover.java JavaEditorTextHoverProxy.java TextViewerHoverManager.java,RuntimeException in JavaPlugin.logErrorMessage,x86,2016-12-13T07:41:56.065Z
Assert.java ThreadJob.java ThreadJob.java ImplicitJobs.java JobManager.java WorkManager.java Workspace.java Resource.java Activator.java InternalWorkspaceJob.java Worker.java,IllegalArgumentException below Activator$ResourceRefreshJob.runInWorkspace (thrown in ThreadJob.illegalPush),x86,2016-09-19T08:39:39.620Z
LogListener.java LogListener.java RuntimeLog.java PlatformLogWriter.java ExtendedLogReaderServiceFactory.java ExtendedLogReaderServiceFactory.java ExtendedLogReaderServiceFactory.java ExtendedLogReaderServiceFactory.java ExtendedLogReaderServiceFactory.java ExtendedLogServiceFactory.java ExtendedLogServiceImpl.java LoggerImpl.java EquinoxLogFactory.java LogHelper.java UpdateChecker.java UpdateChecker.java UpdateChecker.java,RuntimeException below UpdateChecker.getAvailableRepositories (thrown in AccessController.doPrivileged),x86_64,2016-12-13T07:42:06.532Z
AstEditor.java ASTNode.java ASTNode.java SimpleType.java ASTNode.java ASTNode.java FieldDeclaration.java ASTNode.java ASTNode.java TypeDeclaration.java ASTNode.java ASTNode.java CompilationUnit.java ASTNode.java AstEditor.java AstEditor.java AbstractLiveManager.java AbstractLiveManager.java AbstractLiveManager.java AbstractLiveManager.java SwtLiveManager.java ControlInfo.java AbstractComponentInfo.java AbsoluteBasedLayoutEditPolicy.java AbsoluteBasedLayoutEditPolicy.java LayoutEditPolicy.java EditPart.java TargetingTool.java TargetingTool.java TargetingTool.java TargetingTool.java AbstractCreationTool.java Tool.java EditDomain.java EditEventManager.java EventManager.java TypedListener.java EventTable.java Display.java Widget.java Display.java Display.java PartRenderingEngine.java Realm.java PartRenderingEngine.java E4Workbench.java Workbench.java Realm.java Workbench.java PlatformUI.java IDEApplication.java EclipseAppHandle.java EclipseAppLauncher.java EclipseAppLauncher.java EclipseStarter.java EclipseStarter.java Main.java Main.java Main.java,DesignerException below ASTNode.accept (thrown in AstEditor$4.postVisit),x86_64,2016-12-06T07:40:22.914Z
AbstractDocument.java AstEditor.java AstEditor.java JavaInfo.java JavaInfo.java BindingsProperty.java AbstractBindingsProperty.java AbstractBindingsProperty.java PropertyTable.java PropertyTable.java PropertyTable.java PropertyTable.java PropertyTable.java EventTable.java Display.java Widget.java Widget.java Widget.java Composite.java Control.java Canvas.java Display.java OS.java Control.java Control.java DesignerExceptionUtils.java DesignPage.java DesignPage.java DesignPage.java ExecutionUtils.java EditCommand.java EditDomain.java Tool.java AbstractCreationTool.java Tool.java EditDomain.java TreeEventManager.java EventManager.java TypedListener.java EventTable.java Display.java Widget.java Display.java Display.java PartRenderingEngine.java Realm.java PartRenderingEngine.java E4Workbench.java Workbench.java Realm.java Workbench.java PlatformUI.java IDEApplication.java EclipseAppHandle.java EclipseAppLauncher.java EclipseAppLauncher.java EclipseStarter.java EclipseStarter.java Main.java Main.java Main.java,BadLocationException below AstEditor.getSource (thrown in AbstractDocument.get),x86_64,2016-11-09T17:00:25.644Z
Assert.java ThisCreationSupport.java ThisCreationSupport.java ThisCreationSupport.java JavaInfoEvaluationHelper.java JavaInfoParser.java JavaInfoParser.java JavaInfoParser.java JavaInfoParser.java JavaInfoParser.java ExecutionUtils.java JavaInfoParser.java DesignPage.java DesignPage.java DesignPage.java Synchronizer.java UISynchronizer.java Display.java DesignPage.java ModalContext.java ModalContext.java ProgressMonitorDialog.java DesignPage.java DesignPage.java UndoManager.java UndoManager.java DesignPage.java DesignPage.java DefaultMultiMode.java DefaultMultiMode.java TypedListener.java EventTable.java Display.java Widget.java Widget.java Widget.java Widget.java CTabFolder.java CTabFolder.java CTabFolder.java EventTable.java Display.java Widget.java Display.java Display.java PartRenderingEngine.java Realm.java PartRenderingEngine.java E4Workbench.java Workbench.java Realm.java Workbench.java PlatformUI.java IDEApplication.java EclipseAppHandle.java EclipseAppLauncher.java EclipseAppLauncher.java EclipseStarter.java EclipseStarter.java Main.java Main.java Main.java,DesignerException in ThisCreationSupport.create_usingCGLib,x86_64,2016-12-04T07:42:56.345Z
Assert.java Assert.java CompositeChange.java CompositeChange.java CompositeChange.java CompositeChange.java CompositeChange.java CompositeChange.java PerformChangeOperation.java Workspace.java PerformChangeOperation.java UIPerformChangeOperation.java PerformChangeOperation.java Workspace.java WorkbenchRunnableAdapter.java ModalContext.java,AssertionFailedException in CompositeChange.add,x86_64,2016-10-05T06:36:21.729Z
LogListener.java LogListener.java RuntimeLog.java PlatformLogWriter.java ExtendedLogReaderServiceFactory.java ExtendedLogReaderServiceFactory.java ExtendedLogReaderServiceFactory.java ExtendedLogServiceFactory.java ExtendedLogServiceImpl.java LoggerImpl.java Log.java HelpBasePlugin.java PluginIndex.java PluginIndex.java PrebuiltIndexes.java PrebuiltIndexes.java IndexingOperation.java IndexingOperation.java IndexingOperation.java LocalSearchManager.java LocalSearchManager.java IndexerJob.java Worker.java,RuntimeException in PluginIndex.resolve,x86_64,2016-12-10T07:41:17.169Z
DOMParser.java DocumentBuilderImpl.java DocumentReader.java XMLProcessor.java DynamicXHTMLProcessor.java XHTMLSearchParticipant.java SearchParticipantXML.java HTMLSearchParticipant.java SearchIndex.java IndexingOperation.java IndexingOperation.java IndexingOperation.java LocalSearchManager.java LocalSearchManager.java IndexerJob.java Worker.java,HIDDEN below DocumentReader.read (thrown in DOMParser.parse),x86_64,2016-12-13T09:18:53.158Z
LogListener.java LogListener.java RuntimeLog.java PlatformLogWriter.java ExtendedLogReaderServiceFactory.java ExtendedLogReaderServiceFactory.java ExtendedLogReaderServiceFactory.java ExtendedLogServiceFactory.java ExtendedLogServiceImpl.java LoggerImpl.java Log.java HelpBasePlugin.java IndexingOperation.java IndexingOperation.java IndexingOperation.java LocalSearchManager.java LocalSearchManager.java IndexerJob.java Worker.java,RuntimeException in IndexingOperation.addDocuments,x86_64,2016-12-13T07:42:16.951Z
Widget.java Control.java Display.java OS.java Widget.java Widget.java Shell.java Display.java OS.java Display.java Display.java OS.java NSApplication.java Display.java PartRenderingEngine.java Realm.java PartRenderingEngine.java E4Workbench.java Workbench.java Realm.java Workbench.java PlatformUI.java IDEApplication.java EclipseAppHandle.java EclipseAppLauncher.java EclipseAppLauncher.java EclipseStarter.java EclipseStarter.java NativeMethodAccessorImpl.java NativeMethodAccessorImpl.java DelegatingMethodAccessorImpl.java Method.java Main.java Main.java Main.java,NullPointerException in Widget.filters,x86_64,2016-12-13T13:49:35.583Z
ResourceMergeHandler.java SynchronizationOperation.java JobRunnableContext.java JobRunnableContext.java InternalWorkspaceJob.java Worker.java,CoreException in ResourceMergeHandler$1.execute,x86_64,2016-12-13T10:35:03.900Z
NestingNotifyingWorkspaceCommandStack.java AbstractTransactionalCommandStack.java NestingNotifyingWorkspaceCommandStack.java NestingNotifyingWorkspaceCommandStack.java NestingNotifyingWorkspaceCommandStack.java NestingNotifyingWorkspaceCommandStack.java NestingNotifyingWorkspaceCommandStack.java NestingNotifyingWorkspaceCommandStack.java NestingNotifyingWorkspaceCommandStack.java NestingNotifyingWorkspaceCommandStack.java EObjectAdapterFactory.java MultipleValueEditor.java MultipleValueEditor.java TypedListener.java EventTable.java Display.java Widget.java Widget.java Widget.java Widget.java Display.java Display.java PartRenderingEngine.java Realm.java PartRenderingEngine.java E4Workbench.java Workbench.java Realm.java Workbench.java PlatformUI.java IDEApplication.java EclipseAppHandle.java EclipseAppLauncher.java EclipseAppLauncher.java EclipseStarter.java EclipseStarter.java NativeMethodAccessorImpl.java NativeMethodAccessorImpl.java DelegatingMethodAccessorImpl.java Method.java Main.java Main.java Main.java,OperationCanceledException in NestingNotifyingWorkspaceCommandStack.handleError,x86_64,2016-12-13T07:42:36.298Z
BigInteger.java BigInteger.java WQKP58M3WmepTDBh Uzbu/SajtZMptwx/ fSb6uUzNWEmRmE+W Evt4q4Xj5leTgxSi JQBlNnRRhs1efcDi fxtBLfbUX9TcESj2 XwfriXW1A3j3plFi FS0UmMAmlRHHaJM+ bE+KqF0pUfMfKS7v WGZZe3TQfa0i1acg OEITNdog3ix8XbJ7 N0UaGTrsyrSM12xe Projector.java SimplePlanner.java SimplePlanner.java PlannerResolutionJob.java ProfileChangeOperation.java PrepareInstallProfileJob.java PrepareInstallProfileJob.java ModalContext.java,3rd party caused OutOfMemoryError below PrepareInstallProfileJob.resolve,x86_64,2016-09-19T08:39:39.745Z
PrepareInstallProfileJob.java PrepareInstallProfileJob.java ModalContext.java,CoreException in PrepareInstallProfileJob.resolve,x86_64,2016-12-12T07:45:08.664Z
RegistryStrategyOSGI.java RegistryStrategyOSGI.java ExtensionRegistry.java ConfigurationElement.java ConfigurationElementHandle.java TabbedPropertyRegistry.java TabbedPropertyRegistryFactory.java TabbedPropertySheetPage.java TabbedPropertySheetPage.java TabbedPropertySheetPage.java TabbedPropertySheetAdapterFactory.java AdapterFactoryProxy.java AdapterManager.java WorkbenchPart.java CommonNavigator.java ViewsPlugin.java PropertySheet.java PageBookView.java PageBookView.java PropertySheet.java PageBookView.java PageBookView.java PropertySheet.java CompatibilityPart.java CompatibilityView.java CompatibilityPart.java NativeMethodAccessorImpl.java NativeMethodAccessorImpl.java DelegatingMethodAccessorImpl.java Method.java MethodRequestor.java InjectorImpl.java InjectorImpl.java InjectorImpl.java InjectorImpl.java InjectorImpl.java ContextInjectionFactory.java ReflectionContributionFactory.java ReflectionContributionFactory.java ReflectionContributionFactory.java ContributedPartRenderer.java PartRenderingEngine.java PartRenderingEngine.java PartRenderingEngine.java SafeRunner.java PartRenderingEngine.java ElementReferenceRenderer.java PartRenderingEngine.java PartRenderingEngine.java PartRenderingEngine.java PartRenderingEngine.java PartRenderingEngine.java SafeRunner.java PartRenderingEngine.java StackRenderer.java LazyStackRenderer.java PartRenderingEngine.java PartRenderingEngine.java PartRenderingEngine.java PartRenderingEngine.java SafeRunner.java PartRenderingEngine.java SWTPartRenderer.java SashRenderer.java PartRenderingEngine.java PartRenderingEngine.java PartRenderingEngine.java PartRenderingEngine.java SafeRunner.java PartRenderingEngine.java SWTPartRenderer.java SashRenderer.java PartRenderingEngine.java PartRenderingEngine.java PartRenderingEngine.java PartRenderingEngine.java SafeRunner.java PartRenderingEngine.java SWTPartRenderer.java PerspectiveRenderer.java PartRenderingEngine.java PartRenderingEngine.java PartRenderingEngine.java PartRenderingEngine.java SafeRunner.java PartRenderingEngine.java PerspectiveStackRenderer.java LazyStackRenderer.java UIEventHandler.java Synchronizer.java UISynchronizer.java Display.java E4Application.java UIEventHandler.java EventHandlerWrapper.java EventHandlerTracker.java EventHandlerTracker.java EventManager.java ListenerQueue.java EventAdminImpl.java EventAdminImpl.java EventComponent.java EventBroker.java UIEventPublisher.java BasicNotifierImpl.java PerspectiveStackImpl.java PerspectiveStackImpl.java WorkbenchPage.java BasicNewProjectResourceWizard.java BasicNewProjectResourceWizard.java BasicNewProjectResourceWizard.java EcoreModelerWizard.java WizardDialog.java WizardDialog.java Dialog.java TypedListener.java EventTable.java Display.java Widget.java Widget.java Widget.java Widget.java Display.java Display.java Window.java Window.java WizardHandler.java WizardHandler.java HandlerProxy.java E4HandlerProxy.java NativeMethodAccessorImpl.java NativeMethodAccessorImpl.java DelegatingMethodAccessorImpl.java Method.java MethodRequestor.java InjectorImpl.java InjectorImpl.java ContextInjectionFactory.java HandlerServiceHandler.java Command.java ParameterizedCommand.java HandlerServiceImpl.java LegacyHandlerService.java CommandAction.java ActionContributionItem.java ActionContributionItem.java ActionContributionItem.java EventTable.java Display.java Widget.java Widget.java Widget.java Widget.java Display.java Display.java PartRenderingEngine.java Realm.java PartRenderingEngine.java E4Workbench.java Workbench.java Realm.java Workbench.java PlatformUI.java IDEApplication.java EclipseAppHandle.java EclipseAppLauncher.java EclipseAppLauncher.java EclipseStarter.java EclipseStarter.java NativeMethodAccessorImpl.java NativeMethodAccessorImpl.java DelegatingMethodAccessorImpl.java Method.java Main.java Main.java Main.java,NullPointerException in TabbedPropertySheetTitleProvider.<init>,x86_64,2016-12-13T07:42:47.641Z
ResourceSetImpl.java ResourceSetImpl.java ResourceSetImpl.java DAnalysisSessionImpl.java DAnalysisSessionImpl.java AddSemanticResourceCommand.java RecordingCommand.java EMFCommandOperation.java AbstractEMFOperation.java DefaultOperationHistory.java WorkspaceCommandStackImpl.java AbstractTransactionalCommandStack.java AbstractTransactionalCommandStack.java NewSessionWizard.java WorkspaceModifyOperation.java Workspace.java WorkspaceModifyOperation.java ModalContext.java,FeatureNotFoundException below DAnalysisSessionImpl.addSemanticResource (thrown in XMLHandler.reportUnknownFeature),x86_64,2016-09-19T08:39:39.787Z
LogListener.java LogListener.java RuntimeLog.java PlatformLogWriter.java ExtendedLogReaderServiceFactory.java ExtendedLogReaderServiceFactory.java ExtendedLogReaderServiceFactory.java ExtendedLogServiceFactory.java ExtendedLogServiceImpl.java LoggerImpl.java Log.java WorkbenchPlugin.java PluginAction.java PluginAction.java ActionContributionItem.java ActionContributionItem.java ActionContributionItem.java EventTable.java Display.java Widget.java Display.java Display.java PartRenderingEngine.java Realm.java PartRenderingEngine.java E4Workbench.java Workbench.java Realm.java Workbench.java PlatformUI.java IDEApplication.java EclipseAppHandle.java EclipseAppLauncher.java EclipseAppLauncher.java EclipseStarter.java EclipseStarter.java Main.java Main.java Main.java Main.java,RuntimeException in PluginAction.createDelegate,x86_64,2016-12-13T07:42:57.763Z
EditPartService.java Service.java ExecutionStrategy.java Service.java ExecutionStrategy.java Service.java EditPartService.java EditPartService.java DiagramEditor.java EcoreDiagramEditor.java DiagramEditor.java GraphicalEditor.java DiagramEditor.java DiagramEditorWithFlyOutPalette.java DiagramDocumentEditor.java CompatibilityPart.java CompatibilityEditor.java CompatibilityPart.java NativeMethodAccessorImpl.java NativeMethodAccessorImpl.java DelegatingMethodAccessorImpl.java Method.java MethodRequestor.java InjectorImpl.java InjectorImpl.java InjectorImpl.java InjectorImpl.java InjectorImpl.java ContextInjectionFactory.java ReflectionContributionFactory.java ReflectionContributionFactory.java ReflectionContributionFactory.java ContributedPartRenderer.java PartRenderingEngine.java PartRenderingEngine.java PartRenderingEngine.java PartRenderingEngine.java PartRenderingEngine.java SafeRunner.java PartRenderingEngine.java PartServiceImpl.java UIEventHandler.java Synchronizer.java UISynchronizer.java Display.java E4Application.java UIEventHandler.java EventHandlerWrapper.java EventHandlerTracker.java EventHandlerTracker.java EventManager.java ListenerQueue.java EventAdminImpl.java EventAdminImpl.java EventComponent.java EventBroker.java UIEventPublisher.java BasicNotifierImpl.java ElementContainerImpl.java ModelServiceImpl.java ModelServiceImpl.java PartServiceImpl.java PartServiceImpl.java PartServiceImpl.java WorkbenchPage.java WorkbenchPage.java WorkbenchPage.java BusyIndicator.java WorkbenchPage.java WorkbenchPage.java WorkbenchPage.java EcoreDiagramEditorUtil.java EcoreNewDiagramFileWizard.java WizardDialog.java WizardDialog.java Dialog.java TypedListener.java EventTable.java Display.java Widget.java Display.java Display.java Window.java Window.java EcoreDiagramEditorUtil.java EcoreInitDiagramFileAction.java PluginAction.java ActionContributionItem.java ActionContributionItem.java ActionContributionItem.java EventTable.java Display.java Widget.java Display.java Display.java PartRenderingEngine.java Realm.java PartRenderingEngine.java E4Workbench.java Workbench.java Realm.java Workbench.java PlatformUI.java IDEApplication.java EclipseAppHandle.java EclipseAppLauncher.java EclipseAppLauncher.java EclipseStarter.java EclipseStarter.java NativeMethodAccessorImpl.java NativeMethodAccessorImpl.java DelegatingMethodAccessorImpl.java Method.java Main.java Main.java Main.java Main.java,NullPointerException in EditPartService$ProviderDescriptor.provides,x86_64,2016-11-26T23:23:22.511Z
ImageDescriptor.java DeviceResourceManager.java AbstractResourceManager.java LocalResourceManager.java AbstractResourceManager.java ResourceManager.java WorkbenchLabelProvider.java WrappedViewerLabelProvider.java WrappedViewerLabelProvider.java ViewerColumn.java AbstractTreeViewer.java AbstractTreeViewer.java SafeRunner.java JFaceUtil.java SafeRunnable.java AbstractTreeViewer.java StructuredViewer.java SafeRunner.java JFaceUtil.java SafeRunnable.java StructuredViewer.java AbstractTreeViewer.java AbstractTreeViewer.java BusyIndicator.java AbstractTreeViewer.java TreeViewer.java AbstractTreeViewer.java AbstractTreeViewer.java AbstractTreeViewer.java NewWizardNewPage.java NewWizardNewPage.java NewWizardNewPage.java NewWizardSelectionPage.java Wizard.java WizardDialog.java WizardDialog.java Window.java Dialog.java WizardHandler.java WizardHandler.java HandlerProxy.java E4HandlerProxy.java NativeMethodAccessorImpl.java NativeMethodAccessorImpl.java DelegatingMethodAccessorImpl.java Method.java MethodRequestor.java InjectorImpl.java InjectorImpl.java ContextInjectionFactory.java HandlerServiceHandler.java Command.java ParameterizedCommand.java HandlerServiceImpl.java LegacyHandlerService.java CommandAction.java ActionContributionItem.java ActionContributionItem.java ActionContributionItem.java EventTable.java Display.java Widget.java Display.java Display.java PartRenderingEngine.java Realm.java PartRenderingEngine.java E4Workbench.java Workbench.java Realm.java Workbench.java PlatformUI.java IDEApplication.java EclipseAppHandle.java EclipseAppLauncher.java EclipseAppLauncher.java EclipseStarter.java EclipseStarter.java NativeMethodAccessorImpl.java NativeMethodAccessorImpl.java DelegatingMethodAccessorImpl.java Method.java Main.java Main.java Main.java Main.java,DeviceResourceException below WorkbenchLabelProvider.getImage (thrown in ImageDescriptor.createResource),x86_64,2016-12-13T09:20:32.635Z
ViewEditorPart.java ViewEditorPart.java CompatibilityPart.java CompatibilityEditor.java CompatibilityPart.java NativeMethodAccessorImpl.java NativeMethodAccessorImpl.java DelegatingMethodAccessorImpl.java Method.java MethodRequestor.java InjectorImpl.java InjectorImpl.java InjectorImpl.java InjectorImpl.java InjectorImpl.java ContextInjectionFactory.java ReflectionContributionFactory.java ReflectionContributionFactory.java ReflectionContributionFactory.java ContributedPartRenderer.java PartRenderingEngine.java PartRenderingEngine.java PartRenderingEngine.java PartRenderingEngine.java PartRenderingEngine.java SafeRunner.java PartRenderingEngine.java StackRenderer.java LazyStackRenderer.java UIEventHandler.java Synchronizer.java UISynchronizer.java Display.java E4Application.java UIEventHandler.java EventHandlerWrapper.java EventHandlerTracker.java EventHandlerTracker.java EventManager.java ListenerQueue.java EventAdminImpl.java EventAdminImpl.java EventComponent.java EventBroker.java UIEventPublisher.java BasicNotifierImpl.java ElementContainerImpl.java ModelServiceImpl.java ModelServiceImpl.java PartServiceImpl.java PartServiceImpl.java PartServiceImpl.java WorkbenchPage.java WorkbenchPage.java WorkbenchPage.java BusyIndicator.java WorkbenchPage.java WorkbenchPage.java OpenWithMenu.java OpenWithMenu.java EventTable.java Display.java Widget.java Widget.java Widget.java Widget.java Display.java Display.java PartRenderingEngine.java Realm.java PartRenderingEngine.java E4Workbench.java Workbench.java Realm.java Workbench.java PlatformUI.java IDEApplication.java EclipseAppHandle.java EclipseAppLauncher.java EclipseAppLauncher.java EclipseStarter.java EclipseStarter.java NativeMethodAccessorImpl.java NativeMethodAccessorImpl.java DelegatingMethodAccessorImpl.java Method.java Main.java Main.java Main.java,ClassCastException in ViewEditorPart.getView,x86_64,2016-09-19T08:39:39.824Z
PushCommand.java PushOperation.java PushOperationUI.java PushOperationUI.java Worker.java,RemoteRepositoryException in BasePackConnection.readAdvertisedRefsImpl,x86_64,2016-12-13T12:13:21.477Z
Transport.java PushOperation.java PushOperationUI.java SimpleConfigurePushDialog.java ModalContext.java ModalContext.java ProgressMonitorDialog.java SimpleConfigurePushDialog.java Dialog.java TypedListener.java EventTable.java Display.java Widget.java Display.java Display.java Window.java Window.java PushResultDialog.java RunnableLock.java Synchronizer.java Display.java Display.java Window.java Window.java LogListener.java RunnableLock.java Synchronizer.java Display.java Display.java PartRenderingEngine.java Realm.java PartRenderingEngine.java E4Workbench.java Workbench.java Realm.java Workbench.java PlatformUI.java IDEApplication.java EclipseAppHandle.java EclipseAppLauncher.java EclipseAppLauncher.java EclipseStarter.java EclipseStarter.java NativeMethodAccessorImpl.java NativeMethodAccessorImpl.java DelegatingMethodAccessorImpl.java Method.java Main.java Main.java Main.java Main.java,TransportException in Transport.push,x86_64,2016-12-13T07:43:17.818Z
RepositoryAction.java RepositoryAction.java PluginAction.java ActionContributionItem.java ActionContributionItem.java ActionContributionItem.java EventTable.java Display.java Widget.java Display.java Display.java PartRenderingEngine.java Realm.java PartRenderingEngine.java E4Workbench.java Workbench.java Realm.java Workbench.java PlatformUI.java IDEApplication.java EclipseAppHandle.java EclipseAppLauncher.java EclipseAppLauncher.java EclipseStarter.java EclipseStarter.java Main.java Main.java Main.java Main.java,NullPointerException in RepositoryAction.createExecutionEvent,x86_64,2016-09-19T08:39:39.850Z
LogListener.java LogListener.java RuntimeLog.java PlatformLogWriter.java ExtendedLogReaderServiceFactory.java ExtendedLogReaderServiceFactory.java ExtendedLogReaderServiceFactory.java ExtendedLogServiceFactory.java ExtendedLogServiceImpl.java LoggerImpl.java EquinoxLogFactory.java LogHelper.java UpdateSite.java UpdateSite.java RemoteFeaturesAction.java RemoteUpdateSiteAction.java Publisher.java Publisher.java UpdateSiteMetadataRepositoryFactory.java UpdateSiteMetadataRepositoryFactory.java UpdateSiteMetadataRepositoryFactory.java ExtensionUpdateSite.java ExtensionUtility.java,RuntimeException below ExtensionUpdateSite.getExtensions (thrown in UpdateSite.loadFeaturesFromSite),x86,2016-12-13T07:43:27.724Z
LogListener.java LogListener.java RuntimeLog.java PlatformLogWriter.java ExtendedLogReaderServiceFactory.java ExtendedLogReaderServiceFactory.java ExtendedLogReaderServiceFactory.java ExtendedLogServiceFactory.java ExtendedLogServiceImpl.java LoggerImpl.java EquinoxLogFactory.java LogHelper.java FeaturesAction.java FeaturesAction.java RemoteFeaturesAction.java FeaturesAction.java RemoteFeaturesAction.java RemoteUpdateSiteAction.java Publisher.java Publisher.java UpdateSiteMetadataRepositoryFactory.java UpdateSiteMetadataRepositoryFactory.java UpdateSiteMetadataRepositoryFactory.java ExtensionUpdateSite.java ExtensionUtility.java,RuntimeException below ExtensionUpdateSite.getExtensions (thrown in FeaturesAction.generateSiteReference),x86,2016-12-13T07:43:38.171Z
AntRunner.java AntRunner.java AntLaunchDelegate.java AntLaunchDelegate.java LaunchConfiguration.java LaunchConfiguration.java LaunchConfiguration.java ExternalToolBuilder.java ExternalToolBuilder.java ExternalToolBuilder.java BuildManager.java SafeRunner.java BuildManager.java BuildManager.java BuildManager.java SafeRunner.java BuildManager.java BuildManager.java BuildManager.java AutoBuildJob.java AutoBuildJob.java Worker.java,BuildException below InternalAntRunner.parseBuildFile (thrown in ImportTask.importResource),x86_64,2016-12-09T22:20:41.336Z
ProjectPreferences.java ProjectPreferences.java EclipsePreferences.java EclipsePreferences.java EclipsePreferences.java EclipsePreferences.java ProjectPreferences.java ProjectPreferences.java Resource.java ResourceTree.java ResourceTree.java ResourceTree.java Resource.java Resource.java Resource.java NEJI/ri/kuFsnoRK hrrigMX16qJ9h3dl aasaDSzqdC+LKwRm Eh+u+N8mu6c4pHMS JobRunnableContext.java JobRunnableContext.java InternalWorkspaceJob.java Worker.java,3rd party caused BackingStoreException below JobRunnableContext.run,x86_64,2016-12-08T17:39:15.983Z
Resource.java BatchImageBuilder.java JavaBuilder.java BuildManager.java SafeRunner.java BuildManager.java BuildManager.java BuildManager.java SafeRunner.java BuildManager.java BuildManager.java BuildManager.java Workspace.java Workspace.java CleanDialog.java CleanDialog.java InternalWorkspaceJob.java Worker.java,ResourceException below BatchImageBuilder.cleanOutputFolders (thrown in Resource.delete),x86_64,2016-12-13T14:30:23.175Z
MethodRequestor.java InjectorImpl.java InjectorImpl.java ContextInjectionFactory.java HandlerServiceHandler.java Command.java ParameterizedCommand.java HandlerServiceImpl.java KeyBindingDispatcher.java KeyBindingDispatcher.java KeyBindingDispatcher.java KeyBindingDispatcher.java KeyBindingDispatcher.java KeyBindingDispatcher.java EventTable.java Display.java Display.java Widget.java Widget.java Widget.java Widget.java Widget.java Canvas.java Control.java Display.java OS.java NSResponder.java Composite.java Display.java OS.java Widget.java Widget.java Shell.java Display.java OS.java Display.java Display.java OS.java NSApplication.java Display.java PartRenderingEngine.java Realm.java PartRenderingEngine.java E4Workbench.java Workbench.java Realm.java Workbench.java PlatformUI.java IDEApplication.java EclipseAppHandle.java EclipseAppLauncher.java EclipseAppLauncher.java EclipseStarter.java EclipseStarter.java NativeMethodAccessorImpl.java NativeMethodAccessorImpl.java DelegatingMethodAccessorImpl.java Method.java Main.java Main.java Main.java,3rd party caused ClassCastException below HandlerProxy.execute,x86_64,2016-12-10T07:42:18.733Z
LogListener.java LogListener.java RuntimeLog.java PlatformLogWriter.java ExtendedLogReaderServiceFactory.java ExtendedLogReaderServiceFactory.java ExtendedLogReaderServiceFactory.java ExtendedLogServiceFactory.java ExtendedLogServiceImpl.java LoggerImpl.java Log.java lY6dgty4WIMLSlCS fcnk+mZK7YS4n1sk CompletionProposalComputerDescriptor.java CompletionProposalCategory.java ContentAssistProcessor.java ContentAssistProcessor.java ContentAssistant.java CompletionProposalPopup.java CompletionProposalPopup.java CompletionProposalPopup.java BusyIndicator.java CompletionProposalPopup.java ContentAssistant.java CompilationUnitEditor.java ContentAssistAction.java BusyIndicator.java ContentAssistAction.java Action.java ActionHandler.java E4HandlerProxy.java DelegatingMethodAccessorImpl.java Method.java MethodRequestor.java InjectorImpl.java InjectorImpl.java ContextInjectionFactory.java HandlerServiceHandler.java Command.java ParameterizedCommand.java HandlerServiceImpl.java KeyBindingDispatcher.java KeyBindingDispatcher.java KeyBindingDispatcher.java KeyBindingDispatcher.java KeyBindingDispatcher.java KeyBindingDispatcher.java EventTable.java Display.java Display.java Widget.java Widget.java Widget.java Widget.java Widget.java Canvas.java Control.java Display.java OS.java NSResponder.java Composite.java Display.java OS.java Widget.java Widget.java Shell.java Display.java OS.java Display.java Display.java OS.java NSApplication.java Display.java PartRenderingEngine.java Realm.java PartRenderingEngine.java E4Workbench.java Workbench.java Realm.java Workbench.java PlatformUI.java IDEApplication.java EclipseAppHandle.java EclipseAppLauncher.java EclipseAppLauncher.java EclipseStarter.java EclipseStarter.java NativeMethodAccessorImpl.java NativeMethodAccessorImpl.java DelegatingMethodAccessorImpl.java Method.java Main.java Main.java Main.java,3rd party caused RuntimeException below CompletionProposalComputerDescriptor.computeCompletionProposals,x86_64,2016-12-13T07:44:26.032Z
LogListener.java LogListener.java RuntimeLog.java PlatformLogWriter.java ExtendedLogReaderServiceFactory.java ExtendedLogReaderServiceFactory.java ExtendedLogReaderServiceFactory.java ExtendedLogServiceFactory.java ExtendedLogServiceImpl.java LoggerImpl.java Log.java EclipseLogAppender.java EclipseLogAppender.java UnsynchronizedAppenderBase.java AppenderAttachableImpl.java Logger.java Logger.java Logger.java Logger.java Logger.java AbstractJavaProjectConfigurator.java AbstractJavaProjectConfigurator.java AbstractJavaProjectConfigurator.java AbstractLifecycleMapping.java ProjectConfigurationManager.java ProjectConfigurationManager.java MavenExecutionContext.java MavenExecutionContext.java ProjectConfigurationManager.java ProjectConfigurationManager.java ProjectConfigurationManager.java ProjectConfigurationManager.java MavenExecutionContext.java MavenExecutionContext.java MavenExecutionContext.java MavenImpl.java ProjectConfigurationManager.java UpdateMavenProjectJob.java InternalWorkspaceJob.java Worker.java,RuntimeException in AbstractJavaProjectConfigurator.addResourceDirs,x86_64,2016-12-01T07:45:16.028Z
Workbench.java Workbench.java Workbench.java Workbench.java UIJob.java RunnableLock.java Synchronizer.java Display.java Display.java PartRenderingEngine.java Realm.java PartRenderingEngine.java E4Workbench.java Workbench.java Realm.java Workbench.java PlatformUI.java IDEApplication.java EclipseAppHandle.java EclipseAppLauncher.java EclipseAppLauncher.java EclipseStarter.java EclipseStarter.java Main.java Main.java Main.java Main.java,ClassCastException in Workbench.persistWorkbenchModel,x86_64,2016-12-10T07:42:28.219Z
AbstractDocument.java SynchronizableDocument.java JavaSourceHover.java JavaSourceHover.java AbstractJavaEditorTextHover.java BestMatchHover.java BestMatchHover.java JavaEditorTextHoverProxy.java TextViewerHoverManager.java,BadLocationException below JavaSourceHover.getBracketHoverInfo (thrown in AbstractDocument.getChar),x86_64,2016-12-13T07:44:37.630Z
StandInStacktraceProvider.java LogListener.java RuntimeLog.java PlatformLogWriter.java ExtendedLogReaderServiceFactory.java ExtendedLogReaderServiceFactory.java ExtendedLogReaderServiceFactory.java ExtendedLogServiceFactory.java ExtendedLogServiceImpl.java LoggerImpl.java Log.java PDECore.java PDECore.java PDE.java iIW+ArwgBn6ELOTF JavaModelManager.java ReconcileWorkingCopyOperation.java ReconcileWorkingCopyOperation.java JavaModelOperation.java JavaModelOperation.java CompilationUnit.java CompilationUnit.java JavaModelUtil.java CompilationUnitDocumentProvider.java CompilationUnitDocumentProvider.java CompilationUnitDocumentProvider.java AbstractTextEditor.java StatusTextEditor.java AbstractDecoratedTextEditor.java JavaEditor.java JavaEditor.java CompilationUnitEditor.java JavaMergeViewer.java AbstractTextEditor.java ModalContext.java ModalContext.java WorkbenchWindow.java BusyIndicator.java WorkbenchWindow.java AbstractTextEditor.java AbstractTextEditor.java JavaMergeViewer.java JavaMergeViewer.java TextMergeViewer.java TextMergeViewer.java ContentMergeViewer.java ContentMergeViewer.java ContentViewer.java JavaMergeViewer.java CompareViewerSwitchingPane.java CompareContentViewerSwitchingPane.java CompareEditorInput.java CompareEditorInput.java CompareEditorInput.java BusyIndicator.java CompareEditorInput.java CompareEditorInput.java CompareEditorInput.java CompareEditor.java CompareEditor.java CompareEditor.java UILockListener.java UISynchronizer.java RunnableLock.java Synchronizer.java Display.java Display.java PartRenderingEngine.java Realm.java PartRenderingEngine.java E4Workbench.java Workbench.java Realm.java Workbench.java PlatformUI.java IDEApplication.java EclipseAppHandle.java EclipseAppLauncher.java EclipseAppLauncher.java EclipseStarter.java EclipseStarter.java NativeMethodAccessorImpl.java NativeMethodAccessorImpl.java DelegatingMethodAccessorImpl.java Method.java Main.java Main.java Main.java,NoStackTrace in PDE.hasPluginNature,x86_64,2016-12-03T07:40:35.475Z
AbstractHistoryCommandHandler.java AbstractHistoryCommandHandler.java OpenInCommitViewerHandler.java HandlerProxy.java E4HandlerProxy.java DelegatingMethodAccessorImpl.java Method.java MethodRequestor.java InjectorImpl.java InjectorImpl.java ContextInjectionFactory.java HandlerServiceHandler.java Command.java ParameterizedCommand.java HandlerServiceImpl.java LegacyHandlerService.java CommandContributionItem.java CommandContributionItem.java CommandContributionItem.java EventTable.java Display.java Widget.java Widget.java Widget.java Widget.java Display.java Display.java PartRenderingEngine.java Realm.java PartRenderingEngine.java E4Workbench.java Workbench.java Realm.java Workbench.java PlatformUI.java IDEApplication.java EclipseAppHandle.java EclipseAppLauncher.java EclipseAppLauncher.java EclipseStarter.java EclipseStarter.java NativeMethodAccessorImpl.java NativeMethodAccessorImpl.java DelegatingMethodAccessorImpl.java Method.java Main.java Main.java Main.java,ExecutionException in AbstractHistoryCommandHandler.getInput,x86_64,2016-12-09T07:43:49.089Z
GenModelActionBarContributor.java EditorActionBars.java WorkbenchPage.java WorkbenchPage.java WorkbenchPage.java PartServiceImpl.java SafeRunner.java PartServiceImpl.java PartServiceImpl.java PartServiceImpl.java PartServiceImpl.java WorkbenchPage.java WorkbenchPage.java WorkbenchPage.java BusyIndicator.java WorkbenchPage.java WorkbenchPage.java OpenWithMenu.java OpenWithMenu.java EventTable.java Display.java Widget.java Widget.java Widget.java Widget.java Display.java Display.java PartRenderingEngine.java Realm.java PartRenderingEngine.java E4Workbench.java Workbench.java Realm.java Workbench.java PlatformUI.java IDEApplication.java EclipseAppHandle.java EclipseAppLauncher.java EclipseAppLauncher.java EclipseStarter.java EclipseStarter.java NativeMethodAccessorImpl.java NativeMethodAccessorImpl.java DelegatingMethodAccessorImpl.java Method.java Main.java Main.java Main.java,NullPointerException below EditorActionBars.partChanged (thrown in GenModelActionBarContributor.setActiveEditor),x86_64,2016-11-29T18:47:52.167Z
AdapterFactoryMappingDomain.java RestoreInitialStateCommand.java MappingEditor.java MultiPageEditorPart.java CompatibilityPart.java CompatibilityEditor.java CompatibilityPart.java NativeMethodAccessorImpl.java NativeMethodAccessorImpl.java DelegatingMethodAccessorImpl.java Method.java MethodRequestor.java InjectorImpl.java InjectorImpl.java InjectorImpl.java InjectorImpl.java InjectorImpl.java ContextInjectionFactory.java ReflectionContributionFactory.java ReflectionContributionFactory.java ReflectionContributionFactory.java ContributedPartRenderer.java PartRenderingEngine.java PartRenderingEngine.java PartRenderingEngine.java PartRenderingEngine.java PartRenderingEngine.java SafeRunner.java PartRenderingEngine.java StackRenderer.java LazyStackRenderer.java UIEventHandler.java Synchronizer.java UISynchronizer.java Display.java E4Application.java UIEventHandler.java EventHandlerWrapper.java EventHandlerTracker.java EventHandlerTracker.java EventManager.java ListenerQueue.java EventAdminImpl.java EventAdminImpl.java EventComponent.java EventBroker.java UIEventPublisher.java BasicNotifierImpl.java ElementContainerImpl.java ModelServiceImpl.java ModelServiceImpl.java PartServiceImpl.java PartServiceImpl.java PartServiceImpl.java WorkbenchPage.java WorkbenchPage.java WorkbenchPage.java BusyIndicator.java WorkbenchPage.java WorkbenchPage.java OpenWithMenu.java OpenWithMenu.java EventTable.java Display.java Widget.java Widget.java Widget.java Widget.java Display.java Display.java PartRenderingEngine.java Realm.java PartRenderingEngine.java E4Workbench.java Workbench.java Realm.java Workbench.java PlatformUI.java IDEApplication.java EclipseAppHandle.java EclipseAppLauncher.java EclipseAppLauncher.java EclipseStarter.java EclipseStarter.java NativeMethodAccessorImpl.java NativeMethodAccessorImpl.java DelegatingMethodAccessorImpl.java Method.java Main.java Main.java Main.java,NullPointerException in AdapterFactoryMappingDomain.createCommand,x86_64,2016-12-11T07:44:46.219Z
DiagramEditor.java DiagramEditor.java DiagramEditor.java DiagramEditor.java ContentOutline.java PageBookView.java PageBookView.java PageBookView.java WorkbenchPage.java SafeRunner.java WorkbenchPage.java WorkbenchPage.java WorkbenchPage.java PartServiceImpl.java SafeRunner.java PartServiceImpl.java PartServiceImpl.java PartServiceImpl.java PartServiceImpl.java WorkbenchPage.java WorkbenchPage.java WorkbenchPage.java BusyIndicator.java WorkbenchPage.java WorkbenchPage.java OpenWithMenu.java OpenWithMenu.java EventTable.java Display.java Widget.java Widget.java Widget.java Widget.java Display.java Display.java PartRenderingEngine.java Realm.java PartRenderingEngine.java E4Workbench.java Workbench.java Realm.java Workbench.java PlatformUI.java IDEApplication.java EclipseAppHandle.java EclipseAppLauncher.java EclipseAppLauncher.java EclipseStarter.java EclipseStarter.java NativeMethodAccessorImpl.java NativeMethodAccessorImpl.java DelegatingMethodAccessorImpl.java Method.java Main.java Main.java Main.java,NullPointerException in DiagramEditor$DiagramOutlinePage.initializeOverview,x86_64,2016-11-30T14:02:03.967Z
EditorInputPropertyTester.java Property.java TestExpression.java CompositeExpression.java WithExpression.java CompositeExpression.java OrExpression.java ReferenceExpression.java EvaluationReference.java EvaluationReference.java EvaluationReference.java TrackableComputationExt.java EclipseContext.java EclipseContext.java EclipseContext.java EclipseContext.java PartActivationHistory.java PartServiceImpl.java PartServiceImpl.java AbstractPartRenderer.java ContributedPartRenderer.java EventTable.java Display.java Widget.java Widget.java Widget.java Shell.java Control.java Tree.java Control.java Composite.java Control.java Display.java OS.java Widget.java Widget.java Shell.java Display.java OS.java Display.java Display.java OS.java NSApplication.java Display.java PartRenderingEngine.java Realm.java PartRenderingEngine.java E4Workbench.java Workbench.java Realm.java Workbench.java PlatformUI.java IDEApplication.java EclipseAppHandle.java EclipseAppLauncher.java EclipseAppLauncher.java EclipseStarter.java EclipseStarter.java NativeMethodAccessorImpl.java NativeMethodAccessorImpl.java DelegatingMethodAccessorImpl.java Method.java Main.java Main.java Main.java,NullPointerException in EditorInputPropertyTester.test,x86_64,2016-12-11T07:44:54.415Z
EventObject.java euQyjAXL8Emz7Zob XR7bswaaCrJGDF9c iv1vcapnwqgqifGQ B6Toa7k1jJ0N68/R G3u6MVQo0ibBtw6B ResourceDelta.java ResourceDelta.java ResourceDelta.java ResourceDelta.java ResourceDelta.java NBs+1trdgtCiVqgA NotificationManager.java SafeRunner.java NotificationManager.java NotificationManager.java Workspace.java AutoBuildJob.java AutoBuildJob.java Worker.java,3rd party caused IllegalArgumentException below ResourceDelta.accept,x86_64,2016-12-13T14:47:33.350Z
ModalContext.java ProgressMonitorDialog.java ProgressMonitorJobsDialog.java ProgressManager.java CreateRepresentationAction.java CreateRepresentationWizard.java WizardDialog.java WizardDialog.java Dialog.java TypedListener.java EventTable.java Display.java Widget.java Widget.java Widget.java Widget.java Display.java Display.java Window.java Window.java CreateRepresentationFromSessionAction.java Action.java ActionContributionItem.java ActionContributionItem.java ActionContributionItem.java EventTable.java Display.java Widget.java Widget.java Widget.java Widget.java Display.java Display.java PartRenderingEngine.java Realm.java PartRenderingEngine.java E4Workbench.java Workbench.java Realm.java Workbench.java PlatformUI.java IDEApplication.java EclipseAppHandle.java EclipseAppLauncher.java EclipseAppLauncher.java EclipseStarter.java EclipseStarter.java NativeMethodAccessorImpl.java NativeMethodAccessorImpl.java DelegatingMethodAccessorImpl.java Method.java Main.java Main.java Main.java,NullPointerException in DAnalysisSessionHelper$1.apply,x86_64,2016-09-19T08:39:40.179Z
ToolItem.java Display.java OS.java Widget.java Widget.java Shell.java Display.java OS.java Display.java Display.java OS.java NSApplication.java Display.java PartRenderingEngine.java Realm.java PartRenderingEngine.java E4Workbench.java Workbench.java Realm.java Workbench.java PlatformUI.java IDEApplication.java EclipseAppHandle.java EclipseAppLauncher.java EclipseAppLauncher.java EclipseStarter.java EclipseStarter.java NativeMethodAccessorImpl.java NativeMethodAccessorImpl.java DelegatingMethodAccessorImpl.java Method.java Main.java Main.java Main.java,NullPointerException in ToolItem.mouseDown,x86_64,2016-11-09T06:36:04.597Z
DefaultOperationHistory.java DDiagramCommandStack.java DDiagramCommandStack.java DiagramCommandStack.java AbstractTool.java AbstractTool.java CreationTool.java CreationTool.java AbstractTool.java EditDomain.java DomainEventDispatcher.java LightweightSystem.java TypedListener.java EventTable.java Display.java Widget.java Display.java Display.java PartRenderingEngine.java Realm.java PartRenderingEngine.java E4Workbench.java Workbench.java Realm.java Workbench.java PlatformUI.java IDEApplication.java EclipseAppHandle.java EclipseAppLauncher.java EclipseAppLauncher.java EclipseStarter.java EclipseStarter.java Main.java Main.java Main.java Main.java,ClassCastException in SiriusDiagramHelper.addNodeInContainer,x86_64,2016-11-26T07:47:10.621Z
MethodRequestor.java InjectorImpl.java InjectorImpl.java ContextInjectionFactory.java HandlerServiceHandler.java Command.java HandlerServiceImpl.java HandlerServiceImpl.java CommandProvider.java QuickAccessProvider.java QuickAccessContents.java QuickAccessContents.java QuickAccessContents.java TypedListener.java EventTable.java Display.java Widget.java Widget.java Widget.java Text.java Control.java Control.java Display.java OS.java OS.java Text.java Control.java Text.java Display.java OS.java OS.java Display.java PartRenderingEngine.java Realm.java PartRenderingEngine.java E4Workbench.java Workbench.java Realm.java Workbench.java PlatformUI.java IDEApplication.java EclipseAppHandle.java EclipseAppLauncher.java EclipseAppLauncher.java EclipseStarter.java EclipseStarter.java Main.java Main.java Main.java,NullPointerException in SaveCurrentColumnAxisProvidersHandler.setEnabled,x86_64,2016-09-19T08:39:40.232Z
SWT.java SWT.java SWT.java Widget.java Widget.java Control.java SearchField.java QuickAccessContents.java QuickAccessContents.java QuickAccessContents.java TypedListener.java EventTable.java Display.java Widget.java Display.java Display.java PartRenderingEngine.java Realm.java PartRenderingEngine.java E4Workbench.java Workbench.java Realm.java Workbench.java PlatformUI.java IDEApplication.java EclipseAppHandle.java EclipseAppLauncher.java EclipseAppLauncher.java EclipseStarter.java EclipseStarter.java Main.java Main.java Main.java,SWTException below SearchField$2.handleElementSelected (thrown in Widget.checkWidget),x86_64,2016-11-21T07:44:03.712Z
SWT.java SWT.java SWT.java Widget.java Widget.java Tree.java TreeViewer.java TreeViewer.java AbstractTreeViewer.java AbstractTreeViewer.java StructuredViewer.java TreeViewer.java StructuredViewer.java StructuredViewer.java ColumnViewer.java FilteredTree.java StructuredViewer.java FilteredTree.java XtvBchdrPosDLk1t UILockListener.java UILockListener.java LockManager.java ThreadJob.java ThreadJob.java ImplicitJobs.java JobManager.java WorkManager.java Workspace.java Workspace.java AbstractMergedModelProvider.java AbstractMergedModelProvider.java AbstractMergedModelProvider.java JEE5ContentProvider.java Web25ContentProvider.java SafeDelegateTreeContentProvider.java NavigatorContentServiceContentProvider.java SafeRunner.java NavigatorContentServiceContentProvider.java NavigatorContentServiceContentProvider.java JEE5ContentProvider.java RunnableLock.java Synchronizer.java Display.java Display.java ModalContext.java ModalContext.java RefactoringWizardDialog2.java RefactoringWizard.java UserInputWizardPage.java RenameResourceWizard.java RefactoringWizard.java RefactoringWizardDialog2.java Dialog.java Dialog.java TypedListener.java EventTable.java Display.java Widget.java Display.java Display.java Window.java Window.java RefactoringWizardOpenOperation.java BusyIndicator.java RefactoringWizardOpenOperation.java RefactoringWizardOpenOperation.java RenameResourceHandler.java HandlerProxy.java E4HandlerProxy.java NativeMethodAccessorImpl.java NativeMethodAccessorImpl.java DelegatingMethodAccessorImpl.java Method.java MethodRequestor.java InjectorImpl.java InjectorImpl.java ContextInjectionFactory.java HandlerServiceHandler.java Command.java ParameterizedCommand.java HandlerServiceImpl.java LegacyHandlerService.java LTKLauncher.java LTKLauncher.java RenameResourceAction.java baMhb8KLpQS3XMRi BaseSelectionListenerAction.java ActionContributionItem.java ActionContributionItem.java ActionContributionItem.java EventTable.java Display.java Widget.java Display.java Display.java PartRenderingEngine.java Realm.java PartRenderingEngine.java E4Workbench.java Workbench.java Realm.java Workbench.java PlatformUI.java IDEApplication.java EclipseAppHandle.java EclipseAppLauncher.java EclipseAppLauncher.java EclipseStarter.java EclipseStarter.java NativeMethodAccessorImpl.java NativeMethodAccessorImpl.java DelegatingMethodAccessorImpl.java Method.java Main.java Main.java Main.java,SWTException below FilteredTree$NotifyingTreeViewer.refresh (thrown in Widget.checkWidget),x86_64,2016-12-10T07:42:45.580Z
StandInStacktraceProvider.java LogListener.java RuntimeLog.java PlatformLogWriter.java ExtendedLogReaderServiceFactory.java ExtendedLogReaderServiceFactory.java ExtendedLogReaderServiceFactory.java ExtendedLogServiceFactory.java ExtendedLogServiceImpl.java LoggerImpl.java Log.java EclipseLogAppender.java EclipseLogAppender.java UnsynchronizedAppenderBase.java AppenderAttachableImpl.java Logger.java Logger.java Logger.java Logger.java Logger.java LaunchingUtils.java MavenLaunchMainTab.java MavenLaunchMainTab.java LaunchConfigurationTabGroupViewer.java LaunchConfigurationsDialog.java LaunchConfigurationsDialog.java LaunchConfigurationTabGroupViewer.java LaunchConfigurationTabGroupViewer.java BusyIndicator.java LaunchConfigurationTabGroupViewer.java LaunchConfigurationTabGroupViewer.java LaunchConfigurationTabGroupViewer.java LaunchConfigurationsDialog.java LaunchConfigurationsDialog.java StructuredViewer.java SafeRunner.java JFaceUtil.java SafeRunnable.java StructuredViewer.java StructuredViewer.java TreeViewer.java Viewer.java LaunchConfigurationsDialog.java LaunchConfigurationsDialog.java LaunchConfigurationsDialog.java Window.java Dialog.java LaunchConfigurationsDialog.java Window.java LaunchConfigurationsDialog.java DebugUITools.java BusyIndicator.java DebugUITools.java DebugUITools.java OpenLaunchDialogAction.java Action.java ActionContributionItem.java ActionContributionItem.java ActionContributionItem.java EventTable.java Display.java Widget.java Widget.java Widget.java Widget.java Display.java Display.java PartRenderingEngine.java Realm.java PartRenderingEngine.java E4Workbench.java Workbench.java Realm.java Workbench.java PlatformUI.java IDEApplication.java EclipseAppHandle.java EclipseAppLauncher.java EclipseAppLauncher.java EclipseStarter.java EclipseStarter.java NativeMethodAccessorImpl.java NativeMethodAccessorImpl.java DelegatingMethodAccessorImpl.java Method.java Main.java Main.java Main.java,NoStackTrace in LaunchingUtils.substituteVar,x86_64,2016-09-19T08:39:40.642Z
hJgWzpa1XErEoE6T dUk67L7R9vmvJdNN HyperlinkDetectorRegistry.java HyperlinkManager.java HyperlinkManager.java HyperlinkManager.java TypedListener.java EventTable.java Widget.java Display.java Display.java PartRenderingEngine.java Realm.java PartRenderingEngine.java E4Workbench.java Workbench.java Realm.java Workbench.java PlatformUI.java IDEApplication.java EclipseAppHandle.java EclipseAppLauncher.java EclipseAppLauncher.java EclipseStarter.java EclipseStarter.java NativeMethodAccessorImpl.java NativeMethodAccessorImpl.java DelegatingMethodAccessorImpl.java Method.java Main.java Main.java Main.java Main.java,3rd party caused NullPointerException below HyperlinkDetectorRegistry$HyperlinkDetectorDelegate.detectHyperlinks,x86_64,2016-12-13T07:45:01.462Z
SWT.java SWT.java SWT.java TextLayout.java TextLayout.java StyledText.java StyledText.java X4bv4ZTD/ZXLBwPW mHC5Grf87bI9wven PL8fPQ0yLj4XXIcJ StyledTextListener.java EventTable.java Display.java Widget.java Widget.java Widget.java Widget.java StyledText.java StyledText.java StyledText.java DefaultDocumentAdapter.java DefaultDocumentAdapter.java AbstractDocument.java ProjectionDocument.java ProjectionDocument.java ProjectionViewer.java ProjectionViewer.java ProjectionViewer.java ProjectionViewer.java ProjectionViewer.java RunnableLock.java Synchronizer.java Display.java Display.java PartRenderingEngine.java Realm.java PartRenderingEngine.java E4Workbench.java Workbench.java Realm.java Workbench.java PlatformUI.java IDEApplication.java EclipseAppHandle.java EclipseAppLauncher.java EclipseAppLauncher.java EclipseStarter.java EclipseStarter.java NativeMethodAccessorImpl.java NativeMethodAccessorImpl.java DelegatingMethodAccessorImpl.java Method.java Main.java Main.java Main.java Main.java,3rd party caused IllegalArgumentException below TextLayout._getOffset,x86_64,2016-12-13T07:45:13.009Z
SWT.java SWT.java Synchronizer.java Display.java Display.java PartRenderingEngine.java Realm.java PartRenderingEngine.java E4Workbench.java Workbench.java Realm.java Workbench.java PlatformUI.java IDEApplication.java EclipseAppHandle.java EclipseAppLauncher.java EclipseAppLauncher.java EclipseStarter.java EclipseStarter.java NativeMethodAccessorImpl.java NativeMethodAccessorImpl.java DelegatingMethodAccessorImpl.java Method.java Main.java Main.java Main.java,3rd party caused NoClassDefFoundError below ExtensionFactory.loadExtension,x86_64,2016-09-19T08:39:40.678Z
GitProjectData.java GitProjectData.java GitProvider.java GitProvider.java MoveDeleteManager.java MoveDeleteManager.java Resource.java Resource.java Project.java DeleteResourceChange.java CompositeChange.java CompositeChange.java PerformChangeOperation.java Workspace.java PerformChangeOperation.java UIPerformChangeOperation.java PerformChangeOperation.java Workspace.java WorkbenchRunnableAdapter.java ModalContext.java,FileNotFoundException below GitProjectData.load (thrown in FileInputStream.open),x86_64,2016-12-13T07:45:27.520Z
SelectEcorePage.java TypedListener.java EventTable.java Display.java Widget.java Display.java Display.java Window.java Window.java NewProjectAction.java Action.java ActionContributionItem.java ActionContributionItem.java ActionContributionItem.java EventTable.java Display.java Widget.java Display.java Display.java PartRenderingEngine.java Realm.java PartRenderingEngine.java E4Workbench.java Workbench.java Realm.java Workbench.java PlatformUI.java IDEApplication.java EclipseAppHandle.java EclipseAppLauncher.java EclipseAppLauncher.java EclipseStarter.java EclipseStarter.java Main.java Main.java Main.java Main.java,NullPointerException in SelectEcorePage$2.widgetSelected,x86_64,2016-09-19T08:39:40.702Z
InterpreterRegistry.java InterpreterUtil.java ContainerCreationCommandBuilder.java ContainerCreationCommandBuilder.java ContainerCreationCommandBuilder.java UndoRedoCapableEMFCommandFactory.java CreationUtil.java ContainerCreationEditPolicy.java ContainerCreationEditPolicy.java ContainerEditPolicy.java ContainerEditPolicy.java AbstractEditPart.java GraphicalEditPart.java GraphicalEditPart.java TransactionalEditingDomainImpl.java GraphicalEditPart.java AbstractDDiagramEditPart.java PopupBarTool.java AbstractPopupBarTool.java SiriusPopupBarEditPolicy.java SiriusPopupBarEditPolicy.java SiriusPopupBarEditPolicy.java SiriusPopupBarEditPolicy.java PopupBarEditPolicy.java PopupBarEditPolicy.java DiagramAssistantEditPolicy.java AbstractEditPart.java AbstractEditPart.java GraphicalViewerImpl.java GraphicalViewerImpl.java TypedListener.java EventTable.java Display.java Widget.java Widget.java Widget.java Control.java Widget.java Control.java Canvas.java Control.java Canvas.java Display.java OS.java Control.java Control.java Decorations.java Decorations.java Shell.java Control.java Canvas.java Decorations.java Shell.java Display.java OS.java Control.java Shell.java Widget.java Widget.java Decorations.java Shell.java Window.java Dialog.java WizardDialog.java WizardDialog.java WizardDialog.java Dialog.java TypedListener.java EventTable.java Display.java Widget.java Display.java Display.java Window.java Window.java LogListener.java RunnableLock.java Synchronizer.java Display.java Display.java PartRenderingEngine.java Realm.java PartRenderingEngine.java E4Workbench.java Workbench.java Realm.java Workbench.java PlatformUI.java IDEApplication.java EclipseAppHandle.java EclipseAppLauncher.java EclipseAppLauncher.java EclipseStarter.java EclipseStarter.java Main.java Main.java Main.java,RuntimeException in InterpreterRegistry.getInterpreter,x86_64,2016-12-12T07:47:00.193Z
ModelingProjectManagerImpl.java ModelingProjectManagerImpl.java EcoreModelingProjectCreationOperation.java EcoreModelingProjectCreationOperation.java WorkspaceModifyOperation.java Workspace.java WorkspaceModifyOperation.java ModalContext.java,CoreException in ModelingProjectManagerImpl.doAddModelingNature,x86_64,2016-12-01T07:46:22.311Z
ProjectPreferences.java ProjectPreferences.java EclipsePreferences.java EclipsePreferences.java EclipsePreferences.java ProjectScope.java JavaEditor.java JavaEditor.java ChainedPreferenceStore.java ChainedPreferenceStore.java ChainedPreferenceStore.java ChainedPreferenceStore.java JavaEditor.java JavaEditor.java RunnableLock.java Synchronizer.java Display.java Display.java ModalContext.java ModalContext.java RefactoringWizardDialog2.java RefactoringWizard.java ErrorWizardPage.java RefactoringWizard.java RefactoringWizardDialog2.java Dialog.java Dialog.java TypedListener.java EventTable.java Display.java Widget.java Display.java Display.java Window.java Window.java RefactoringWizardOpenOperation.java BusyIndicator.java RefactoringWizardOpenOperation.java RefactoringWizardOpenOperation.java DeleteResourcesHandler.java HandlerProxy.java E4HandlerProxy.java MethodRequestor.java InjectorImpl.java InjectorImpl.java ContextInjectionFactory.java HandlerServiceHandler.java Command.java ParameterizedCommand.java HandlerServiceImpl.java LegacyHandlerService.java LTKLauncher.java LTKLauncher.java DeleteResourceAction.java DeleteAction.java SelectionDispatchAction.java SelectionDispatchAction.java Action.java ActionHandler.java E4HandlerProxy.java MethodRequestor.java InjectorImpl.java InjectorImpl.java ContextInjectionFactory.java HandlerServiceHandler.java Command.java ParameterizedCommand.java HandlerServiceImpl.java KeyBindingDispatcher.java KeyBindingDispatcher.java KeyBindingDispatcher.java OutOfOrderListener.java EventTable.java Display.java Widget.java Widget.java Widget.java Widget.java Widget.java Widget.java Control.java Tree.java Control.java Tree.java Display.java OS.java OS.java Display.java PartRenderingEngine.java Realm.java PartRenderingEngine.java E4Workbench.java Workbench.java Realm.java Workbench.java PlatformUI.java IDEApplication.java EclipseAppHandle.java EclipseAppLauncher.java EclipseAppLauncher.java EclipseStarter.java EclipseStarter.java Main.java Main.java Main.java Main.java,BackingStoreException below JavaEditor$EclipsePreferencesAdapter.getNode (thrown in ProjectPreferences.load),x86_64,2016-12-13T14:26:35.093Z
SWT.java SWT.java Synchronizer.java Display.java Display.java PartRenderingEngine.java Realm.java PartRenderingEngine.java E4Workbench.java Workbench.java Realm.java Workbench.java PlatformUI.java IDEApplication.java EclipseAppHandle.java EclipseAppLauncher.java EclipseAppLauncher.java EclipseStarter.java EclipseStarter.java Main.java Main.java Main.java Main.java,NullPointerException in ParserBasedContentAssistContextFactory$StatefulFactory.create,x86_64,2016-09-19T08:39:40.752Z
SWT.java SWT.java Synchronizer.java Display.java Display.java PartRenderingEngine.java Realm.java PartRenderingEngine.java E4Workbench.java Workbench.java Realm.java Workbench.java PlatformUI.java IDEApplication.java EclipseAppHandle.java EclipseAppLauncher.java EclipseAppLauncher.java EclipseStarter.java EclipseStarter.java NativeMethodAccessorImpl.java NativeMethodAccessorImpl.java DelegatingMethodAccessorImpl.java Method.java Main.java Main.java Main.java,SWTException below FigureCanvas$2.propertyChange (thrown in Widget.checkWidget),x86_64,2016-12-12T07:47:16.059Z
ErrorEditorPart.java CompatibilityPart.java DelegatingMethodAccessorImpl.java Method.java MethodRequestor.java InjectorImpl.java InjectorImpl.java InjectorImpl.java ContextInjectionFactory.java PartRenderingEngine.java PartServiceImpl.java PartServiceImpl.java PartServiceImpl.java WorkbenchPage.java WorkbenchPage.java WorkbenchPage.java BusyIndicator.java WorkbenchPage.java WorkbenchPage.java OpenWithMenu.java OpenWithMenu.java EventTable.java Display.java Widget.java Widget.java Widget.java Widget.java Display.java Display.java PartRenderingEngine.java Realm.java PartRenderingEngine.java E4Workbench.java Workbench.java Realm.java Workbench.java PlatformUI.java IDEApplication.java EclipseAppHandle.java EclipseAppLauncher.java EclipseAppLauncher.java EclipseStarter.java EclipseStarter.java NativeMethodAccessorImpl.java NativeMethodAccessorImpl.java DelegatingMethodAccessorImpl.java Method.java Main.java Main.java Main.java,NullPointerException in ErrorEditorPart.setFocus,x86_64,2016-12-11T07:45:51.634Z
Assert.java Assert.java EditorPart.java ErrorEditorPart.java EditorReference.java CompatibilityPart.java CompatibilityEditor.java CompatibilityPart.java DelegatingMethodAccessorImpl.java Method.java MethodRequestor.java InjectorImpl.java InjectorImpl.java InjectorImpl.java InjectorImpl.java InjectorImpl.java ContextInjectionFactory.java ReflectionContributionFactory.java ReflectionContributionFactory.java ReflectionContributionFactory.java ContributedPartRenderer.java PartRenderingEngine.java PartRenderingEngine.java PartRenderingEngine.java PartRenderingEngine.java PartRenderingEngine.java SafeRunner.java PartRenderingEngine.java StackRenderer.java LazyStackRenderer.java UIEventHandler.java Synchronizer.java UISynchronizer.java Display.java E4Application.java UIEventHandler.java EventHandlerWrapper.java EventHandlerTracker.java EventHandlerTracker.java EventManager.java ListenerQueue.java EventAdminImpl.java EventAdminImpl.java EventComponent.java EventBroker.java UIEventPublisher.java BasicNotifierImpl.java ElementContainerImpl.java ModelServiceImpl.java ModelServiceImpl.java PartServiceImpl.java PartServiceImpl.java PartServiceImpl.java WorkbenchPage.java WorkbenchPage.java WorkbenchPage.java BusyIndicator.java WorkbenchPage.java WorkbenchPage.java OpenWithMenu.java OpenWithMenu.java EventTable.java Display.java Widget.java Widget.java Widget.java Widget.java Display.java Display.java PartRenderingEngine.java Realm.java PartRenderingEngine.java E4Workbench.java Workbench.java Realm.java Workbench.java PlatformUI.java IDEApplication.java EclipseAppHandle.java EclipseAppLauncher.java EclipseAppLauncher.java EclipseStarter.java EclipseStarter.java NativeMethodAccessorImpl.java NativeMethodAccessorImpl.java DelegatingMethodAccessorImpl.java Method.java Main.java Main.java Main.java,IllegalArgumentException in EditorPart.setInput,x86_64,2016-12-12T21:49:28.929Z
SWT.java SWT.java Synchronizer.java Display.java Display.java PartRenderingEngine.java Realm.java PartRenderingEngine.java E4Workbench.java Workbench.java Realm.java Workbench.java PlatformUI.java IDEApplication.java EclipseAppHandle.java EclipseAppLauncher.java EclipseAppLauncher.java EclipseStarter.java EclipseStarter.java NativeMethodAccessorImpl.java NativeMethodAccessorImpl.java DelegatingMethodAccessorImpl.java Method.java Main.java Main.java Main.java,NullPointerException in NavigationHistory.createEntry,x86_64,2016-12-11T07:46:05.617Z
AbstractDeleteFromAction.java AbstractDeleteFromAction.java DiagramAction.java AbstractActionHandler.java DeleteFromModelAction.java DiagramEditor.java DiagramEditor.java DiagramEditor.java ContentOutline.java PageBookView.java PageBookView.java ContentOutline.java PageBookView.java WorkbenchPage.java SafeRunner.java WorkbenchPage.java WorkbenchPage.java WorkbenchPage.java PartServiceImpl.java SafeRunner.java PartServiceImpl.java PartServiceImpl.java PartServiceImpl.java UIEventHandler.java Synchronizer.java UISynchronizer.java Display.java E4Application.java UIEventHandler.java EventHandlerWrapper.java EventHandlerTracker.java EventHandlerTracker.java EventManager.java ListenerQueue.java EventAdminImpl.java EventAdminImpl.java EventComponent.java EventBroker.java UIEventPublisher.java BasicNotifierImpl.java ElementContainerImpl.java ModelServiceImpl.java ModelServiceImpl.java PartServiceImpl.java PartServiceImpl.java PartServiceImpl.java WorkbenchPage.java WorkbenchPage.java WorkbenchPage.java BusyIndicator.java WorkbenchPage.java WorkbenchPage.java OpenWithMenu.java OpenWithMenu.java EventTable.java Display.java Widget.java Widget.java Widget.java Widget.java Display.java Display.java PartRenderingEngine.java Realm.java PartRenderingEngine.java E4Workbench.java Workbench.java Realm.java Workbench.java PlatformUI.java IDEApplication.java EclipseAppHandle.java EclipseAppLauncher.java EclipseAppLauncher.java EclipseStarter.java EclipseStarter.java NativeMethodAccessorImpl.java NativeMethodAccessorImpl.java DelegatingMethodAccessorImpl.java Method.java Main.java Main.java Main.java,NullPointerException in AbstractDeleteFromAction.getDestroyElementRequest,x86_64,2016-11-30T14:02:01.647Z
DiagramDocumentEditor.java CompatibilityPart.java CompatibilityEditor.java CompatibilityPart.java DelegatingMethodAccessorImpl.java Method.java MethodRequestor.java InjectorImpl.java InjectorImpl.java InjectorImpl.java InjectorImpl.java InjectorImpl.java ContextInjectionFactory.java ReflectionContributionFactory.java ReflectionContributionFactory.java ReflectionContributionFactory.java ContributedPartRenderer.java PartRenderingEngine.java PartRenderingEngine.java PartRenderingEngine.java PartRenderingEngine.java PartRenderingEngine.java SafeRunner.java PartRenderingEngine.java StackRenderer.java LazyStackRenderer.java UIEventHandler.java Synchronizer.java UISynchronizer.java Display.java E4Application.java UIEventHandler.java EventHandlerWrapper.java EventHandlerTracker.java EventHandlerTracker.java EventManager.java ListenerQueue.java EventAdminImpl.java EventAdminImpl.java EventComponent.java EventBroker.java UIEventPublisher.java BasicNotifierImpl.java ElementContainerImpl.java ModelServiceImpl.java ModelServiceImpl.java PartServiceImpl.java PartServiceImpl.java PartServiceImpl.java WorkbenchPage.java WorkbenchPage.java WorkbenchPage.java BusyIndicator.java WorkbenchPage.java WorkbenchPage.java OpenWithMenu.java OpenWithMenu.java EventTable.java Display.java Widget.java Widget.java Widget.java Widget.java Display.java Display.java PartRenderingEngine.java Realm.java PartRenderingEngine.java E4Workbench.java Workbench.java Realm.java Workbench.java PlatformUI.java IDEApplication.java EclipseAppHandle.java EclipseAppLauncher.java EclipseAppLauncher.java EclipseStarter.java EclipseStarter.java NativeMethodAccessorImpl.java NativeMethodAccessorImpl.java DelegatingMethodAccessorImpl.java Method.java Main.java Main.java Main.java,CoreException in DiagramDocumentEditor.createPartControl,x86_64,2016-12-11T07:46:11.673Z
NavigationHistory.java NavigationHistory.java WorkbenchPage.java SafeRunner.java WorkbenchPage.java CompatibilityPart.java UIEventHandler.java Synchronizer.java UISynchronizer.java Display.java E4Application.java UIEventHandler.java EventHandlerWrapper.java EventHandlerTracker.java EventHandlerTracker.java EventManager.java ListenerQueue.java EventAdminImpl.java EventAdminImpl.java EventComponent.java EventBroker.java UIEventPublisher.java BasicNotifierImpl.java UIElementImpl.java SWTPartRenderer.java SWTPartRenderer.java ContributedPartRenderer.java PartRenderingEngine.java PartRenderingEngine.java PartRenderingEngine.java SafeRunner.java PartRenderingEngine.java PartRenderingEngine.java UIEventHandler.java Synchronizer.java UISynchronizer.java Display.java E4Application.java UIEventHandler.java EventHandlerWrapper.java EventHandlerTracker.java EventHandlerTracker.java EventManager.java ListenerQueue.java EventAdminImpl.java EventAdminImpl.java EventComponent.java EventBroker.java UIEventPublisher.java BasicNotifierImpl.java UIElementImpl.java PartServiceImpl.java PartServiceImpl.java StackRenderer.java StackRenderer.java StackRenderer.java CTabFolder.java CTabFolder.java EventTable.java Display.java Widget.java Widget.java Widget.java Widget.java Display.java Display.java PartRenderingEngine.java Realm.java PartRenderingEngine.java E4Workbench.java Workbench.java Realm.java Workbench.java PlatformUI.java IDEApplication.java EclipseAppHandle.java EclipseAppLauncher.java EclipseAppLauncher.java EclipseStarter.java EclipseStarter.java NativeMethodAccessorImpl.java NativeMethodAccessorImpl.java DelegatingMethodAccessorImpl.java Method.java Main.java Main.java Main.java,NullPointerException in NavigationHistory$1.updateNavigationHistory,x86_64,2016-12-11T07:46:17.766Z
SWTEventDispatcher.java DomainEventDispatcher.java LightweightSystem.java TypedListener.java EventTable.java Display.java Widget.java Display.java Display.java PartRenderingEngine.java Realm.java PartRenderingEngine.java E4Workbench.java Workbench.java Realm.java Workbench.java PlatformUI.java IDEApplication.java EclipseAppHandle.java EclipseAppLauncher.java EclipseAppLauncher.java EclipseStarter.java EclipseStarter.java NativeMethodAccessorImpl.java NativeMethodAccessorImpl.java DelegatingMethodAccessorImpl.java Method.java Main.java Main.java Main.java,NullPointerException in SWTEventDispatcher.dispatchMousePressed,x86,2016-10-09T01:52:36.135Z
TreeLineTracker.java TreeLineTracker.java TreeLineTracker.java AbstractLineTracker.java AbstractDocument.java SynchronizableDocument.java BreakpointMarkerUpdater.java AbstractMarkerAnnotationModel.java AbstractMarkerAnnotationModel.java AbstractMarkerAnnotationModel.java ResourceTextFileBuffer.java ResourceFileBuffer.java DocumentAdapter.java CommitWorkingCopyOperation.java JavaModelOperation.java Workspace.java JavaModelOperation.java CompilationUnit.java CompilationUnitDocumentProvider.java CompilationUnitDocumentProvider.java TextFileDocumentProvider.java WorkspaceModifyDelegatingOperation.java WorkspaceModifyOperation.java Workspace.java WorkspaceModifyOperation.java WorkspaceOperationRunner.java WorkspaceOperationRunner.java TextFileDocumentProvider.java TextFileDocumentProvider.java AbstractTextEditor.java CompilationUnitEditor.java CompilationUnitEditor.java DesignerEditor.java AbstractTextEditor.java Saveable.java SaveableHelper.java SaveablesList.java SaveableHelper.java ModalContext.java ModalContext.java WorkbenchWindow.java BusyIndicator.java WorkbenchWindow.java SaveableHelper.java SaveablesList.java Workbench.java IDE.java SafeRunner.java IDE.java SaveScopeResourcesHandler.java SaveScopeResourcesHandler.java Prompter.java UILockListener.java UISynchronizer.java RunnableLock.java Synchronizer.java Display.java Display.java PartRenderingEngine.java Realm.java PartRenderingEngine.java E4Workbench.java Workbench.java Realm.java Workbench.java PlatformUI.java IDEApplication.java EclipseAppHandle.java EclipseAppLauncher.java EclipseAppLauncher.java EclipseStarter.java EclipseStarter.java NativeMethodAccessorImpl.java NativeMethodAccessorImpl.java DelegatingMethodAccessorImpl.java Method.java Main.java Main.java Main.java,BadLocationException below BreakpointMarkerUpdater.updateMarker (thrown in TreeLineTracker.fail),x86_64,2016-12-13T13:18:38.078Z
SpXPpQSGJdGAdCMs VnqmBvwos8rfKr3B Projector.java SimplePlanner.java RequestFlexer.java RequestFlexer.java RemediationOperation.java RemediationOperation.java RemediationOperation.java RemediationOperation.java RemediationResolutionJob.java ProfileChangeOperation.java ProfileChangeOperationComputer.java ModalContext.java,3rd party caused IllegalArgumentException below ProfileChangeOperationComputer.run,x86_64,2016-12-13T10:26:55.078Z
MirrorImpl.java ObjectReferenceImpl.java JDIThread.java JDIThread.java JDIThread.java JDIDebugTarget.java JDIDebugTarget.java JDIDebugTarget.java EventDispatcher.java EventDispatcher.java EventDispatcher.java Worker.java,VMOutOfMemoryException in MirrorImpl.defaultReplyErrorHandler,x86_64,2016-12-13T09:49:14.928Z
TrimPaneLayout.java TrimPaneLayout.java TypedListener.java EventTable.java Display.java Widget.java Widget.java Widget.java Widget.java Display.java Display.java PartRenderingEngine.java Realm.java PartRenderingEngine.java E4Workbench.java Workbench.java Realm.java Workbench.java PlatformUI.java IDEApplication.java EclipseAppHandle.java EclipseAppLauncher.java EclipseAppLauncher.java EclipseStarter.java EclipseStarter.java NativeMethodAccessorImpl.java NativeMethodAccessorImpl.java DelegatingMethodAccessorImpl.java Method.java Main.java Main.java Main.java,NullPointerException in TrimPaneLayout.setCursor,x86_64,2016-12-13T11:30:18.242Z
TrimPaneLayout.java TypedListener.java EventTable.java Display.java Widget.java Widget.java Widget.java Widget.java Display.java Display.java EventLoopProgressMonitor.java EventLoopProgressMonitor.java ProgressMonitorWrapper.java SubProgressMonitor.java SubProgressMonitor.java SubMonitor.java SubMonitor.java ProgressMonitorWrapper.java EventLoopProgressMonitor.java Workspace.java WorkspaceModifyOperation.java WorkspaceOperationRunner.java WorkspaceOperationRunner.java TextFileDocumentProvider.java TextFileDocumentProvider.java AbstractTextEditor.java CompilationUnitEditor.java CompilationUnitEditor.java AbstractTextEditor.java Saveable.java SaveableHelper.java SaveableHelper.java SaveableHelper.java ModalContext.java ModalContext.java WorkbenchWindow.java BusyIndicator.java WorkbenchWindow.java SaveableHelper.java SaveableHelper.java SaveableHelper.java SaveableHelper.java WorkbenchPage.java WorkbenchPage.java SaveHandler.java HandlerProxy.java E4HandlerProxy.java DelegatingMethodAccessorImpl.java Method.java MethodRequestor.java InjectorImpl.java InjectorImpl.java ContextInjectionFactory.java HandlerServiceHandler.java Command.java ParameterizedCommand.java HandlerServiceImpl.java KeyBindingDispatcher.java KeyBindingDispatcher.java KeyBindingDispatcher.java KeyBindingDispatcher.java KeyBindingDispatcher.java KeyBindingDispatcher.java EventTable.java Display.java Display.java Widget.java Widget.java Widget.java Widget.java Widget.java Canvas.java Control.java Display.java OS.java NSResponder.java Composite.java Display.java OS.java Widget.java Widget.java Shell.java Display.java OS.java Display.java Display.java OS.java NSApplication.java Display.java PartRenderingEngine.java Realm.java PartRenderingEngine.java E4Workbench.java Workbench.java Realm.java Workbench.java PlatformUI.java IDEApplication.java EclipseAppHandle.java EclipseAppLauncher.java EclipseAppLauncher.java EclipseStarter.java EclipseStarter.java NativeMethodAccessorImpl.java NativeMethodAccessorImpl.java DelegatingMethodAccessorImpl.java Method.java Main.java Main.java Main.java,NullPointerException in TrimPaneLayout$2.mouseDown,x86_64,2016-12-13T11:39:10.389Z
GitCloneTaskImpl.java SetupTaskPerformer.java SetupUIPlugin.java SetupUIPlugin.java SetupUIPlugin.java Worker.java,RepositoryNotFoundException below GitCloneTaskImpl.isNeeded (thrown in BaseRepositoryBuilder.build),x86_64,2016-12-09T07:44:50.086Z
is3+hdJDjqfDu4tl iYY3SwWr229WCEte VAxu4NL7o3gedOkh JavaCorrectionProcessor.java JavaCorrectionProcessor.java SafeRunner.java JavaCorrectionProcessor.java JavaCorrectionProcessor.java JavaCorrectionProcessor.java JavaCorrectionProcessor.java QuickAssistAssistant.java ContentAssistant.java CompletionProposalPopup.java CompletionProposalPopup.java CompletionProposalPopup.java BusyIndicator.java CompletionProposalPopup.java ContentAssistant.java QuickAssistAssistant.java JavaCorrectionAssistant.java CompilationUnitEditor.java TextOperationAction.java BusyIndicator.java TextOperationAction.java Action.java ActionHandler.java E4HandlerProxy.java MethodRequestor.java InjectorImpl.java InjectorImpl.java ContextInjectionFactory.java HandlerServiceHandler.java Command.java ParameterizedCommand.java HandlerServiceImpl.java KeyBindingDispatcher.java KeyBindingDispatcher.java KeyBindingDispatcher.java KeyBindingDispatcher.java KeyBindingDispatcher.java KeyBindingDispatcher.java EventTable.java Display.java Widget.java Widget.java Widget.java Widget.java Widget.java Widget.java Control.java Canvas.java Control.java Canvas.java Display.java OS.java OS.java Display.java PartRenderingEngine.java Realm.java PartRenderingEngine.java E4Workbench.java Workbench.java Realm.java Workbench.java PlatformUI.java IDEApplication.java EclipseAppHandle.java EclipseAppLauncher.java EclipseAppLauncher.java EclipseStarter.java EclipseStarter.java Main.java Main.java Main.java,3rd party caused NullPointerException below JavaCorrectionProcessor$SafeCorrectionCollector.safeRun,x86,2016-12-13T07:46:12.510Z
Bo+cP2M60Z4iDpF/ MethodDeclaration.java ASTNode.java ASTNode.java TypeDeclaration.java ASTNode.java ASTNode.java CompilationUnit.java ASTNode.java d0rZbEbR6cFaZiQ3 jKOmXyxCyDUGsrAU JavaCorrectionProcessor.java JavaCorrectionProcessor.java SafeRunner.java JavaCorrectionProcessor.java JavaCorrectionProcessor.java JavaCorrectionProcessor.java JavaCorrectionProcessor.java QuickAssistAssistant.java ContentAssistant.java CompletionProposalPopup.java CompletionProposalPopup.java CompletionProposalPopup.java BusyIndicator.java CompletionProposalPopup.java ContentAssistant.java QuickAssistAssistant.java JavaCorrectionAssistant.java CompilationUnitEditor.java TextOperationAction.java BusyIndicator.java TextOperationAction.java Action.java ActionHandler.java E4HandlerProxy.java MethodRequestor.java InjectorImpl.java InjectorImpl.java ContextInjectionFactory.java HandlerServiceHandler.java Command.java ParameterizedCommand.java HandlerServiceImpl.java KeyBindingDispatcher.java KeyBindingDispatcher.java KeyBindingDispatcher.java KeyBindingDispatcher.java KeyBindingDispatcher.java KeyBindingDispatcher.java EventTable.java Display.java Widget.java Widget.java Widget.java Widget.java Widget.java Widget.java Control.java Canvas.java Control.java Canvas.java Display.java OS.java OS.java Display.java PartRenderingEngine.java Realm.java PartRenderingEngine.java E4Workbench.java Workbench.java Realm.java Workbench.java PlatformUI.java IDEApplication.java EclipseAppHandle.java EclipseAppLauncher.java EclipseAppLauncher.java EclipseStarter.java EclipseStarter.java Main.java Main.java Main.java,3rd party caused NullPointerException below MethodDeclaration.accept0,x86,2016-12-12T07:47:51.865Z
JDIDebugElement.java JDIDebugElement.java JDIDebugElement.java JDIDebugTarget.java JDIDebugTarget.java JDIDebugTarget.java JDIDebugTarget.java JavaBreakpoint.java JavaBreakpoint.java JavaLineBreakpoint.java JavaMethodBreakpoint.java JDIDebugTarget.java BreakpointManager.java SafeRunner.java BreakpointManager.java BreakpointManager.java SkipAllBreakpointsAction.java Worker.java,DebugException in JDIDebugElement.throwDebugException,x86,2016-12-13T12:57:20.352Z
PacketSendManager.java MirrorImpl.java MirrorImpl.java VirtualMachineImpl.java VirtualMachineImpl.java JDIDebugTarget.java JavaBreakpoint.java JavaBreakpoint.java JavaBreakpoint.java JavaLineBreakpoint.java JDIDebugTarget.java JDIDebugTarget.java JavaHotCodeReplaceManager.java JavaHotCodeReplaceManager.java JavaHotCodeReplaceManager.java JavaHotCodeReplaceManager.java DebugPlugin.java SafeRunner.java DebugPlugin.java DebugPlugin.java Worker.java,VMDisconnectedException in PacketSendManager.sendPacket,x86,2016-12-13T04:52:20.740Z
MavenClasspathContainerInitializer.java JavaModelManager.java JavaModelManager.java Workspace.java JavaModelManager.java JavaModelManager.java JavaCore.java JavaProject.java JavaProject.java JavaProject.java JavaProject.java Openable.java JavaElement.java JavaElement.java JavaElement.java JavaElement.java JavaProject.java B1V1eg2ZwGUkooe0 NaCuurfKcRFOPsX9 NBdHrr1p6GRT9NBJ l8NruMQVySqjMJV0 B8lxIdYW4mqo8sr8 DrrNQWS3uHol4JAb W4lwJetqSMSYFMt7 cgOIEMDEDWLtkQaL ZAmi42fRPQ4/yvnh QMbwwhSsZJ0xC0xg iw2IyVubNYJPGhRH G2ib7OvFHA1ROMIT ahJMj/ZCkpF/qLJf JK46yKO0lzElne7f hdXIEr1CQCv7bkyg LightweightDecoratorDefinition.java LightweightDecoratorManager.java SafeRunner.java LightweightDecoratorManager.java LightweightDecoratorManager.java DecorationScheduler.java DecorationScheduler.java Worker.java,NullPointerException in MavenClasspathContainerInitializer.initialize,x86_64,2016-12-13T11:49:14.870Z
LogListener.java LogListener.java RuntimeLog.java PlatformLogWriter.java ExtendedLogReaderServiceFactory.java ExtendedLogReaderServiceFactory.java ExtendedLogReaderServiceFactory.java ExtendedLogServiceFactory.java ExtendedLogServiceImpl.java LoggerImpl.java Log.java WorkbenchPlugin.java LightweightDecoratorManager.java SafeRunner.java SafeRunner.java LightweightDecoratorManager.java LightweightDecoratorManager.java DecorationScheduler.java DecorationScheduler.java Worker.java,RuntimeException below LightweightDecoratorManager.decorate (thrown in SafeRunner.run),x86_64,2016-12-13T07:46:34.812Z
SWT.java SWT.java SWT.java Widget.java Widget.java Shell.java DiscoveryItem.java EventTable.java Display.java Widget.java Display.java Display.java Window.java Window.java MarketplaceWizardCommand.java HandlerProxy.java E4HandlerProxy.java MethodRequestor.java InjectorImpl.java InjectorImpl.java ContextInjectionFactory.java HandlerServiceHandler.java Command.java ParameterizedCommand.java HandlerServiceImpl.java HandledContributionItem.java HandledContributionItem.java HandledContributionItem.java HandledContributionItem.java EventTable.java Display.java Widget.java Display.java Display.java PartRenderingEngine.java Realm.java PartRenderingEngine.java E4Workbench.java Workbench.java Realm.java Workbench.java PlatformUI.java IDEApplication.java EclipseAppHandle.java EclipseAppLauncher.java EclipseAppLauncher.java EclipseStarter.java EclipseStarter.java Main.java Main.java Main.java,SWTException below DiscoveryItem$15.handleEvent (thrown in Widget.checkWidget),x86_64,2016-09-19T08:39:41.017Z
faxpQxWYSkpgR5X9 IGdI0XYx8sUmsUxl LflT/v9cKbr3XcGx GFklo2k9gXsfVdsG cqganIcZYWyvQyfp RT45tjCS9wDAP4WW XGhagOXfMWiyDNrz lbG6Zz3IcgaZzAVM BCaL+AXbldspt4y+ KEk72bxi1CHYKjA/ fXmBImbCzYsFwo4A Y49ltIx+VPnZWgZ6 AJBuilder.java BuildManager.java SafeRunner.java BuildManager.java BuildManager.java BuildManager.java SafeRunner.java BuildManager.java BuildManager.java BuildManager.java AutoBuildJob.java AutoBuildJob.java Worker.java,3rd party caused HIDDEN below AJBuilder.build,x86,2016-12-09T07:45:09.393Z
MethodRequestor.java InjectorImpl.java InjectorImpl.java ContextInjectionFactory.java HandlerServiceHandler.java Command.java ParameterizedCommand.java HandlerServiceImpl.java KeyBindingDispatcher.java KeyBindingDispatcher.java KeyBindingDispatcher.java KeyBindingDispatcher.java KeyBindingDispatcher.java KeyBindingDispatcher.java EventTable.java Display.java Display.java Widget.java Widget.java Widget.java Widget.java Text.java Widget.java Text.java Control.java Display.java OS.java Widget.java Widget.java Widget.java Control.java Display.java OS.java Widget.java Widget.java Shell.java Display.java OS.java Display.java Display.java OS.java NSApplication.java Display.java PartRenderingEngine.java Realm.java PartRenderingEngine.java E4Workbench.java Workbench.java Realm.java Workbench.java PlatformUI.java IDEApplication.java EclipseAppHandle.java EclipseAppLauncher.java EclipseAppLauncher.java EclipseStarter.java EclipseStarter.java NativeMethodAccessorImpl.java NativeMethodAccessorImpl.java DelegatingMethodAccessorImpl.java Method.java Main.java Main.java Main.java,AssertionFailedException in AbstractJavaCompletionProposal.setReplacementLength,x86_64,2016-12-13T11:09:31.346Z
DiagramEditor.java DiagramEditor.java DiagramDocumentEditor.java DDiagramEditorImpl.java CompatibilityPart.java CompatibilityEditor.java CompatibilityPart.java DelegatingMethodAccessorImpl.java Method.java MethodRequestor.java InjectorImpl.java InjectorImpl.java InjectorImpl.java InjectorImpl.java InjectorImpl.java ContextInjectionFactory.java ReflectionContributionFactory.java ReflectionContributionFactory.java ReflectionContributionFactory.java ContributedPartRenderer.java PartRenderingEngine.java PartRenderingEngine.java PartRenderingEngine.java PartRenderingEngine.java PartRenderingEngine.java SafeRunner.java PartRenderingEngine.java StackRenderer.java LazyStackRenderer.java UIEventHandler.java Synchronizer.java UISynchronizer.java Display.java E4Application.java UIEventHandler.java EventHandlerWrapper.java EventHandlerTracker.java EventHandlerTracker.java EventManager.java ListenerQueue.java EventAdminImpl.java EventAdminImpl.java EventComponent.java EventBroker.java UIEventPublisher.java BasicNotifierImpl.java ElementContainerImpl.java ModelServiceImpl.java ModelServiceImpl.java PartServiceImpl.java PartServiceImpl.java PartServiceImpl.java WorkbenchPage.java WorkbenchPage.java WorkbenchPage.java BusyIndicator.java WorkbenchPage.java WorkbenchPage.java WorkbenchPage.java DiagramDialectUIServices.java Synchronizer.java UISynchronizer.java Display.java DiagramDialectUIServices.java DiagramDialectUIServices.java DialectUIManagerImpl.java OpenRepresentationsAction.java OpenRepresentationsAction.java OpenRepresentationsAction.java ModalContext.java ModalContext.java ProgressMonitorDialog.java ProgressManager.java BusyIndicator.java ProgressManager.java Synchronizer.java UISynchronizer.java Display.java ProgressManager.java OpenRepresentationsAction.java OpenRepresentationListener.java StructuredViewer.java SafeRunner.java JFaceUtil.java SafeRunnable.java StructuredViewer.java AbstractTreeViewer.java CommonViewer.java StructuredViewer.java OpenStrategy.java OpenStrategy.java OpenStrategy.java EventTable.java Display.java Widget.java Widget.java Widget.java Widget.java Display.java Display.java PartRenderingEngine.java Realm.java PartRenderingEngine.java E4Workbench.java Workbench.java Realm.java Workbench.java PlatformUI.java IDEApplication.java EclipseAppHandle.java EclipseAppLauncher.java EclipseAppLauncher.java EclipseStarter.java EclipseStarter.java NativeMethodAccessorImpl.java NativeMethodAccessorImpl.java DelegatingMethodAccessorImpl.java Method.java Main.java Main.java Main.java,NullPointerException in DiagramEditor.persistViewerSettings,x86_64,2016-12-12T07:48:19.232Z
DDiagramSynchronizer.java DDiagramSynchronizer.java DDiagramSynchronizer.java DDiagramSynchronizer.java DDiagramSynchronizer.java DiagramDialectServices.java DialectManagerImpl.java RefreshDiagramOnOpeningCommand.java RecordingCommand.java CompoundCommand.java EMFCommandOperation.java AbstractEMFOperation.java DefaultOperationHistory.java WorkspaceCommandStackImpl.java AbstractTransactionalCommandStack.java AbstractTransactionalCommandStack.java DDiagramEditorImpl.java DDiagramEditorImpl.java DDiagramEditorImpl.java DDiagramEditorImpl.java DDiagramEditorImpl.java GraphicalEditor.java DiagramEditor.java DiagramEditorWithFlyOutPalette.java DiagramDocumentEditor.java DDiagramEditorImpl.java CompatibilityPart.java CompatibilityEditor.java CompatibilityPart.java DelegatingMethodAccessorImpl.java Method.java MethodRequestor.java InjectorImpl.java InjectorImpl.java InjectorImpl.java InjectorImpl.java InjectorImpl.java ContextInjectionFactory.java ReflectionContributionFactory.java ReflectionContributionFactory.java ReflectionContributionFactory.java ContributedPartRenderer.java PartRenderingEngine.java PartRenderingEngine.java PartRenderingEngine.java PartRenderingEngine.java PartRenderingEngine.java SafeRunner.java PartRenderingEngine.java StackRenderer.java LazyStackRenderer.java UIEventHandler.java Synchronizer.java UISynchronizer.java Display.java E4Application.java UIEventHandler.java EventHandlerWrapper.java EventHandlerTracker.java EventHandlerTracker.java EventManager.java ListenerQueue.java EventAdminImpl.java EventAdminImpl.java EventComponent.java EventBroker.java UIEventPublisher.java BasicNotifierImpl.java ElementContainerImpl.java ModelServiceImpl.java ModelServiceImpl.java PartServiceImpl.java PartServiceImpl.java PartServiceImpl.java WorkbenchPage.java WorkbenchPage.java WorkbenchPage.java BusyIndicator.java WorkbenchPage.java WorkbenchPage.java WorkbenchPage.java DiagramDialectUIServices.java Synchronizer.java UISynchronizer.java Display.java DiagramDialectUIServices.java DiagramDialectUIServices.java DialectUIManagerImpl.java OpenRepresentationsAction.java OpenRepresentationsAction.java OpenRepresentationsAction.java ModalContext.java ModalContext.java ProgressMonitorDialog.java ProgressManager.java BusyIndicator.java ProgressManager.java Synchronizer.java UISynchronizer.java Display.java ProgressManager.java OpenRepresentationsAction.java OpenRepresentationListener.java StructuredViewer.java SafeRunner.java JFaceUtil.java SafeRunnable.java StructuredViewer.java AbstractTreeViewer.java CommonViewer.java StructuredViewer.java OpenStrategy.java OpenStrategy.java OpenStrategy.java EventTable.java Display.java Widget.java Widget.java Widget.java Widget.java Display.java Display.java PartRenderingEngine.java Realm.java PartRenderingEngine.java E4Workbench.java Workbench.java Realm.java Workbench.java PlatformUI.java IDEApplication.java EclipseAppHandle.java EclipseAppLauncher.java EclipseAppLauncher.java EclipseStarter.java EclipseStarter.java NativeMethodAccessorImpl.java NativeMethodAccessorImpl.java DelegatingMethodAccessorImpl.java Method.java Main.java Main.java Main.java,NullPointerException in DDiagramSynchronizer.getAllMandatoriesAdditionalLayers,x86_64,2016-12-13T10:55:34.496Z
InterpreterRegistry.java DDiagramEditorImpl.java DDiagramEditorImpl.java DDiagramEditorImpl.java DDiagramEditorImpl.java GraphicalEditor.java DiagramEditor.java DiagramEditorWithFlyOutPalette.java DiagramDocumentEditor.java DDiagramEditorImpl.java CompatibilityPart.java CompatibilityEditor.java CompatibilityPart.java DelegatingMethodAccessorImpl.java Method.java MethodRequestor.java InjectorImpl.java InjectorImpl.java InjectorImpl.java InjectorImpl.java InjectorImpl.java ContextInjectionFactory.java ReflectionContributionFactory.java ReflectionContributionFactory.java ReflectionContributionFactory.java ContributedPartRenderer.java PartRenderingEngine.java PartRenderingEngine.java PartRenderingEngine.java PartRenderingEngine.java PartRenderingEngine.java SafeRunner.java PartRenderingEngine.java StackRenderer.java LazyStackRenderer.java UIEventHandler.java Synchronizer.java UISynchronizer.java Display.java E4Application.java UIEventHandler.java EventHandlerWrapper.java EventHandlerTracker.java EventHandlerTracker.java EventManager.java ListenerQueue.java EventAdminImpl.java EventAdminImpl.java EventComponent.java EventBroker.java UIEventPublisher.java BasicNotifierImpl.java ElementContainerImpl.java ModelServiceImpl.java ModelServiceImpl.java PartServiceImpl.java PartServiceImpl.java PartServiceImpl.java WorkbenchPage.java WorkbenchPage.java WorkbenchPage.java BusyIndicator.java WorkbenchPage.java WorkbenchPage.java WorkbenchPage.java DiagramDialectUIServices.java Synchronizer.java UISynchronizer.java Display.java DiagramDialectUIServices.java DiagramDialectUIServices.java DialectUIManagerImpl.java OpenRepresentationsAction.java OpenRepresentationsAction.java OpenRepresentationsAction.java ModalContext.java ModalContext.java ProgressMonitorDialog.java ProgressManager.java BusyIndicator.java ProgressManager.java Synchronizer.java UISynchronizer.java Display.java ProgressManager.java OpenRepresentationsAction.java OpenRepresentationListener.java StructuredViewer.java SafeRunner.java JFaceUtil.java SafeRunnable.java StructuredViewer.java AbstractTreeViewer.java CommonViewer.java StructuredViewer.java OpenStrategy.java OpenStrategy.java OpenStrategy.java EventTable.java Display.java Widget.java Widget.java Widget.java Widget.java Display.java Display.java PartRenderingEngine.java Realm.java PartRenderingEngine.java E4Workbench.java Workbench.java Realm.java Workbench.java PlatformUI.java IDEApplication.java EclipseAppHandle.java EclipseAppLauncher.java EclipseAppLauncher.java EclipseStarter.java EclipseStarter.java NativeMethodAccessorImpl.java NativeMethodAccessorImpl.java DelegatingMethodAccessorImpl.java Method.java Main.java Main.java Main.java,RuntimeException in InterpreterRegistry.getInterpreter,x86_64,2016-12-11T07:47:11.855Z
XYLayoutEditPolicy.java AirXYLayoutEditPolicy.java XYLayoutEditPolicy.java ConstrainedLayoutEditPolicy.java XYLayoutEditPolicy.java ConstrainedLayoutEditPolicy.java LayoutEditPolicy.java ConstrainedLayoutEditPolicy.java XYLayoutEditPolicy.java AbstractEditPart.java GraphicalEditPart.java GraphicalEditPart.java TransactionalEditingDomainImpl.java GraphicalEditPart.java AbstractDDiagramEditPart.java DragEditPartsTracker.java DragEditPartsTracker.java AbstractTool.java SelectionTool.java EditDomain.java DomainEventDispatcher.java LightweightSystem.java TypedListener.java EventTable.java Display.java Widget.java Widget.java Widget.java Widget.java Display.java Display.java PartRenderingEngine.java Realm.java PartRenderingEngine.java E4Workbench.java Workbench.java Realm.java Workbench.java PlatformUI.java IDEApplication.java EclipseAppHandle.java EclipseAppLauncher.java EclipseAppLauncher.java EclipseStarter.java EclipseStarter.java NativeMethodAccessorImpl.java NativeMethodAccessorImpl.java DelegatingMethodAccessorImpl.java Method.java Main.java Main.java Main.java,ClassCastException in XYLayoutEditPolicy.getCurrentConstraintFor,x86_64,2016-12-13T11:11:07.210Z
DiagramEditor.java DDiagramEditorImpl.java DDiagramEditorImpl.java ViewsPlugin.java ContentOutline.java PageBookView.java PageBookView.java PageBookView.java WorkbenchPage.java SafeRunner.java WorkbenchPage.java WorkbenchPage.java WorkbenchPage.java PartServiceImpl.java SafeRunner.java PartServiceImpl.java PartServiceImpl.java PartServiceImpl.java AbstractPartRenderer.java StackRenderer.java TypedListener.java EventTable.java Display.java Widget.java Widget.java Widget.java Widget.java CTabFolder.java CTabFolder.java CTabFolder.java EventTable.java Display.java Widget.java Widget.java Widget.java Widget.java Display.java Display.java PartRenderingEngine.java Realm.java PartRenderingEngine.java E4Workbench.java Workbench.java Realm.java Workbench.java PlatformUI.java IDEApplication.java EclipseAppHandle.java EclipseAppLauncher.java EclipseAppLauncher.java EclipseStarter.java EclipseStarter.java NativeMethodAccessorImpl.java NativeMethodAccessorImpl.java DelegatingMethodAccessorImpl.java Method.java Main.java Main.java Main.java,NullPointerException in DiagramEditor.getDiagramEditPart,x86_64,2016-12-01T07:47:18.802Z
BrokenWorkbenchWindowPulldownDelegate.java WWinPluginPulldown.java SafeRunner.java WWinPluginPulldown.java ActionContributionItem.java ActionContributionItem.java ActionContributionItem.java EventTable.java Display.java Widget.java Widget.java Widget.java Control.java Control.java Canvas.java Decorations.java Shell.java Display.java OS.java OS.java Shell.java Control.java Canvas.java Decorations.java Shell.java Display.java OS.java OS.java Shell.java Control.java Canvas.java Decorations.java Shell.java Display.java OS.java OS.java Display.java PartRenderingEngine.java Realm.java PartRenderingEngine.java E4Workbench.java Workbench.java Realm.java Workbench.java PlatformUI.java IDEApplication.java EclipseAppHandle.java EclipseAppLauncher.java EclipseAppLauncher.java EclipseStarter.java EclipseStarter.java Main.java Main.java Main.java Main.java,ForcedException in BrokenWorkbenchWindowPulldownDelegate.getMenu,x86_64,2016-12-13T07:46:43.307Z
LogListener.java LogListener.java RuntimeLog.java PlatformLogWriter.java ExtendedLogReaderServiceFactory.java ExtendedLogReaderServiceFactory.java ExtendedLogReaderServiceFactory.java ExtendedLogReaderServiceFactory.java ExtendedLogReaderServiceFactory.java ExtendedLogServiceFactory.java ExtendedLogServiceImpl.java LoggerImpl.java Log.java Util.java Util.java JarPackageFragmentRoot.java PackageFragmentRoot.java Openable.java JavaElement.java JavaElement.java JavaElement.java JavaElement.java StandardJavaElementContentProvider.java PackageExplorerContentProvider.java StandardJavaElementContentProvider.java PackageExplorerContentProvider.java JavaNavigatorContentProvider.java SafeDelegateTreeContentProvider.java SafeDelegateTreeContentProvider.java SafeDelegateTreeContentProvider.java NavigatorContentServiceContentProvider.java SafeRunner.java NavigatorContentServiceContentProvider.java NavigatorContentServiceContentProvider.java AbstractTreeViewer.java TreeViewer.java StructuredViewer.java AbstractTreeViewer.java AbstractTreeViewer.java BusyIndicator.java AbstractTreeViewer.java TreeViewer.java AbstractTreeViewer.java AbstractTreeViewer.java TreeViewer.java AbstractTreeViewer.java TypedListener.java EventTable.java Display.java Widget.java Widget.java Widget.java Tree.java Control.java Composite.java Control.java Control.java Display.java OS.java OS.java Tree.java Tree.java Control.java Tree.java Display.java OS.java OS.java Display.java PartRenderingEngine.java Realm.java PartRenderingEngine.java E4Workbench.java Workbench.java Realm.java Workbench.java PlatformUI.java IDEApplication.java EclipseAppHandle.java EclipseAppLauncher.java EclipseAppLauncher.java EclipseStarter.java EclipseStarter.java Main.java Main.java Main.java,RuntimeException below JarPackageFragmentRoot.computeChildren (thrown in AccessController.doPrivileged),x86_64,2016-12-13T07:46:52.125Z
MethodRequestor.java InjectorImpl.java InjectorImpl.java ContextInjectionFactory.java HandlerServiceHandler.java Command.java ParameterizedCommand.java HandlerServiceImpl.java KeyBindingDispatcher.java KeyBindingDispatcher.java KeyBindingDispatcher.java KeyBindingDispatcher.java KeyBindingDispatcher.java KeyBindingDispatcher.java EventTable.java Display.java Widget.java Widget.java Widget.java Widget.java Widget.java Control.java Composite.java Widget.java Control.java Display.java OS.java OS.java Display.java OS.java OS.java Display.java PartRenderingEngine.java Realm.java PartRenderingEngine.java E4Workbench.java Workbench.java Realm.java Workbench.java PlatformUI.java IDEApplication.java EclipseAppHandle.java EclipseAppLauncher.java EclipseAppLauncher.java EclipseStarter.java EclipseStarter.java NativeMethodAccessorImpl.java NativeMethodAccessorImpl.java DelegatingMethodAccessorImpl.java Method.java Main.java Main.java Main.java Main.java,IllegalArgumentException in ASTParser.<init>,x86_64,2016-09-19T08:39:41.146Z
ECPUtil.java DomainModelReferenceControlSWTRenderer.java TypedListener.java EventTable.java Display.java Widget.java Display.java Display.java PartRenderingEngine.java Realm.java PartRenderingEngine.java E4Workbench.java Workbench.java Realm.java Workbench.java PlatformUI.java IDEApplication.java EclipseAppHandle.java EclipseAppLauncher.java EclipseAppLauncher.java EclipseStarter.java EclipseStarter.java Main.java Main.java Main.java,NullPointerException in ECPUtil.getSubClasses,x86_64,2016-09-19T08:39:41.154Z
StandInStacktraceProvider.java LogListener.java RuntimeLog.java PlatformLogWriter.java ExtendedLogReaderServiceFactory.java ExtendedLogReaderServiceFactory.java ExtendedLogReaderServiceFactory.java ExtendedLogServiceFactory.java ExtendedLogServiceImpl.java LoggerImpl.java Log.java CoreFFDC.aj PluginFFDC.aj PluginFFDC.aj FFDC.aj FFDC.aj AJBuilder.java Resource.java Resource.java ElementTreeIterator.java ElementTreeIterator.java ElementTreeIterator.java Resource.java Resource.java Resource.java Resource.java AJBuilder.java AJBuilder.java AJBuilder.java AJBuilder.java BuildManager.java SafeRunner.java BuildManager.java BuildManager.java BuildManager.java SafeRunner.java BuildManager.java BuildManager.java BuildManager.java AutoBuildJob.java AutoBuildJob.java Worker.java,NoStackTrace in PluginFFDC.processNonStaticFFDC,x86,2016-12-13T14:04:23.412Z
Menu.java MenuItem.java Widget.java Widget.java ActionContributionItem.java ActionMenuManager.java AbstractContributionItemProvider.java MenuManager.java DiagramEditorContextMenuProvider.java AbstractEditPartViewer.java GraphicalViewerImpl.java DiagramGraphicalViewer.java AbstractEditPartViewer.java AbstractEditPartViewer.java GraphicalViewerImpl.java AbstractEditPartViewer.java TypedListener.java EventTable.java Display.java Widget.java Widget.java Widget.java Widget.java Control.java Composite.java Widget.java Control.java Composite.java Widget.java Control.java Composite.java Widget.java Control.java Composite.java Widget.java Control.java Composite.java Widget.java Control.java Composite.java Widget.java Control.java Widget.java SWTPartRenderer.java ContributedPartRenderer.java PartRenderingEngine.java PartRenderingEngine.java PartRenderingEngine.java SafeRunner.java PartRenderingEngine.java PartRenderingEngine.java UIEventHandler.java Synchronizer.java UISynchronizer.java Display.java E4Application.java UIEventHandler.java EventHandlerWrapper.java EventHandlerTracker.java EventHandlerTracker.java EventManager.java ListenerQueue.java EventAdminImpl.java EventAdminImpl.java EventComponent.java EventBroker.java UIEventPublisher.java BasicNotifierImpl.java UIElementImpl.java PartServiceImpl.java PartServiceImpl.java StackRenderer.java StackRenderer.java StackRenderer.java CTabFolder.java CTabFolder.java EventTable.java Display.java Widget.java Widget.java Widget.java Widget.java Display.java Display.java PartRenderingEngine.java Realm.java PartRenderingEngine.java E4Workbench.java Workbench.java Realm.java Workbench.java PlatformUI.java IDEApplication.java EclipseAppHandle.java EclipseAppLauncher.java EclipseAppLauncher.java EclipseStarter.java EclipseStarter.java NativeMethodAccessorImpl.java NativeMethodAccessorImpl.java DelegatingMethodAccessorImpl.java Method.java Main.java Main.java Main.java,NullPointerException below ActionMenuManager.dispose (thrown in Menu.destroyItem),x86_64,2016-12-06T10:43:58.006Z
SWT.java SWT.java SWT.java Widget.java Widget.java Control.java RulerComposite.java RulerComposite.java RulerComposite.java EventTable.java Display.java Widget.java Widget.java Widget.java Control.java Composite.java Control.java Display.java OS.java NSView.java Control.java Control.java FillLayout.java Composite.java Composite.java Control.java Display.java OS.java NSView.java Control.java Control.java GridLayout.java GridLayout.java Composite.java Composite.java Composite.java Composite.java Composite.java Composite.java Composite.java Composite.java Composite.java Composite.java Composite.java Composite.java Composite.java Composite.java Display.java Display.java PartRenderingEngine.java Realm.java PartRenderingEngine.java E4Workbench.java Workbench.java Realm.java Workbench.java PlatformUI.java IDEApplication.java EclipseAppHandle.java EclipseAppLauncher.java EclipseAppLauncher.java EclipseStarter.java EclipseStarter.java NativeMethodAccessorImpl.java NativeMethodAccessorImpl.java DelegatingMethodAccessorImpl.java Method.java Main.java Main.java Main.java,SWTException below RulerComposite.doLayout (thrown in Widget.checkWidget),x86_64,2016-09-28T14:30:45.447Z
ResourceUpdateService.java ResourceDelta.java ResourceDelta.java ResourceDelta.java ResourceDelta.java ResourceDelta.java ResourceUpdateService.java NotificationManager.java SafeRunner.java NotificationManager.java NotificationManager.java Workspace.java Workspace.java AutoBuildJob.java AutoBuildJob.java Worker.java,NullPointerException in ResourceUpdateService$3$1ResourceDeltaVisitor.visit,x86_64,2016-12-13T07:46:58.949Z
SessionFactoryImpl.java SessionFactoryImpl.java SessionFactoryImpl.java SessionEditorInput.java SessionEditorInputFactory.java DDiagramEditorImpl.java DDiagramEditorImpl.java EditorReference.java CompatibilityPart.java DelegatingMethodAccessorImpl.java Method.java MethodRequestor.java InjectorImpl.java InjectorImpl.java InjectorImpl.java InjectorImpl.java InjectorImpl.java ContextInjectionFactory.java ReflectionContributionFactory.java ReflectionContributionFactory.java ReflectionContributionFactory.java ContributedPartRenderer.java PartRenderingEngine.java PartRenderingEngine.java PartRenderingEngine.java PartRenderingEngine.java PartRenderingEngine.java SafeRunner.java PartRenderingEngine.java PartServiceImpl.java UIEventHandler.java Synchronizer.java UISynchronizer.java Display.java E4Application.java UIEventHandler.java EventHandlerWrapper.java EventHandlerTracker.java EventHandlerTracker.java EventManager.java ListenerQueue.java EventAdminImpl.java EventAdminImpl.java EventComponent.java EventBroker.java UIEventPublisher.java BasicNotifierImpl.java ElementContainerImpl.java ModelServiceImpl.java ModelServiceImpl.java PartServiceImpl.java PartServiceImpl.java PartServiceImpl.java WorkbenchPage.java WorkbenchPage.java WorkbenchPage.java BusyIndicator.java WorkbenchPage.java WorkbenchPage.java OpenWithMenu.java OpenWithMenu.java EventTable.java Display.java Widget.java Widget.java Widget.java Widget.java Display.java Display.java PartRenderingEngine.java Realm.java PartRenderingEngine.java E4Workbench.java Workbench.java Realm.java Workbench.java PlatformUI.java IDEApplication.java EclipseAppHandle.java EclipseAppLauncher.java EclipseAppLauncher.java EclipseStarter.java EclipseStarter.java NativeMethodAccessorImpl.java NativeMethodAccessorImpl.java DelegatingMethodAccessorImpl.java Method.java Main.java Main.java Main.java,ClassCastException in SessionFactoryImpl.createSessionResource,x86_64,2016-12-13T07:47:06.033Z
Arrays.java String.java XMLString.java XMLAttributesImpl.java AbstractSAXParser.java XMLParser.java MetadataParser.java MetadataParser.java XMLParser.java AbstractSAXParser.java AbstractXMLDocumentParser.java XMLNSDocumentScannerImpl.java XMLDocumentFragmentScannerImpl.java XMLDocumentScannerImpl.java XMLNSDocumentScannerImpl.java XMLDocumentFragmentScannerImpl.java XML11Configuration.java XML11Configuration.java XMLParser.java AbstractSAXParser.java SAXParserImpl.java SimpleProfileRegistry.java SimpleProfileRegistry.java SimpleProfileRegistry.java SimpleProfileRegistry.java SimpleProfileRegistry.java SimpleProfileRegistry.java Activator.java Activator.java BundlePoolFilteredListener.java SiteListener.java ExtensionLocationMetadataRepository.java,OutOfMemoryError below XMLParser$AbstractHandler.parseAttributes (thrown in Arrays.copyOfRange),x86_64,2016-09-19T08:39:41.193Z
FileInputStream.java FileInputStream.java LocalFile.java FileSystemResourceManager.java File.java WorkspaceModelManager.java WorkspaceFeatureModelManager.java WorkspaceModelManager.java ResourceDelta.java ResourceDelta.java ResourceDelta.java ResourceDelta.java WorkspaceModelManager.java WorkspaceModelManager.java NotificationManager.java SafeRunner.java NotificationManager.java NotificationManager.java Workspace.java Workspace.java XtextBuilder.java XtextBuilder.java XtextBuilder.java BuildManager.java SafeRunner.java BuildManager.java BuildManager.java BuildManager.java SafeRunner.java BuildManager.java BuildManager.java BuildManager.java AutoBuildJob.java AutoBuildJob.java Worker.java,FileNotFoundException below WorkspaceModelManager.loadModel (thrown in FileInputStream.open),x86_64,2016-11-25T07:41:23.952Z
Util.java EMFCoreUtil.java UMLViewProvider.java UMLViewProvider.java UMLViewProvider.java ViewService.java Service.java Service.java ViewService.java ViewService.java UmlActivityDiagramForMultiEditor.java DiagramEditor.java UmlActivityDiagramForMultiEditor.java GraphicalEditor.java DiagramEditor.java DiagramEditorWithFlyOutPalette.java DiagramDocumentEditor.java UmlGmfDiagramEditor.java EditorPart.java EditorPart.java TabFolderPart.java TabFolderPart.java TabFolderPart.java RootPart.java SashWindowsContainer.java SashWindowsContainer.java SashWindowsContainer.java AbstractMultiPageSashEditor.java CoreMultiDiagramEditor.java PapyrusMultiDiagramEditor.java AbstractMultiPageSashEditor.java CoreMultiDiagramEditor.java CompatibilityPart.java CompatibilityEditor.java CompatibilityPart.java NativeMethodAccessorImpl.java NativeMethodAccessorImpl.java DelegatingMethodAccessorImpl.java Method.java MethodRequestor.java InjectorImpl.java InjectorImpl.java InjectorImpl.java InjectorImpl.java InjectorImpl.java ContextInjectionFactory.java ReflectionContributionFactory.java ReflectionContributionFactory.java ReflectionContributionFactory.java ContributedPartRenderer.java PartRenderingEngine.java PartRenderingEngine.java PartRenderingEngine.java PartRenderingEngine.java PartRenderingEngine.java SafeRunner.java PartRenderingEngine.java StackRenderer.java LazyStackRenderer.java UIEventHandler.java Synchronizer.java UISynchronizer.java Display.java E4Application.java UIEventHandler.java EventHandlerWrapper.java EventHandlerTracker.java EventHandlerTracker.java EventManager.java ListenerQueue.java EventAdminImpl.java EventAdminImpl.java EventComponent.java EventBroker.java UIEventPublisher.java BasicNotifierImpl.java ElementContainerImpl.java ModelServiceImpl.java ModelServiceImpl.java PartServiceImpl.java PartServiceImpl.java PartServiceImpl.java WorkbenchPage.java WorkbenchPage.java WorkbenchPage.java BusyIndicator.java WorkbenchPage.java WorkbenchPage.java PapyrusModelActionProvider.java RetargetAction.java CommonNavigatorManager.java OpenAndLinkWithEditorHelper.java StructuredViewer.java SafeRunner.java JFaceUtil.java SafeRunnable.java StructuredViewer.java StructuredViewer.java CommonViewer.java StructuredViewer.java OpenStrategy.java OpenStrategy.java OpenStrategy.java EventTable.java Display.java Widget.java Widget.java Widget.java Widget.java Display.java Display.java PartRenderingEngine.java Realm.java PartRenderingEngine.java E4Workbench.java Workbench.java Realm.java Workbench.java PlatformUI.java IDEApplication.java EclipseAppHandle.java EclipseAppLauncher.java EclipseAppLauncher.java EclipseStarter.java EclipseStarter.java NativeMethodAccessorImpl.java NativeMethodAccessorImpl.java DelegatingMethodAccessorImpl.java Method.java Main.java Main.java Main.java,NullPointerException in Util.resolve,x86_64,2016-11-17T07:46:40.838Z
ManageSessionActionProvider.java NavigatorActionService.java CommonNavigatorManager.java CommonNavigator.java CompatibilityPart.java CompatibilityPart.java NativeMethodAccessorImpl.java NativeMethodAccessorImpl.java DelegatingMethodAccessorImpl.java Method.java MethodRequestor.java InjectorImpl.java InjectorImpl.java InjectorImpl.java Requestor.java ContextObjectSupplier.java TrackableComputationExt.java EclipseContext.java ContextInjectionFactory.java PartRenderingEngine.java PartRenderingEngine.java PartRenderingEngine.java SafeRunner.java PartRenderingEngine.java ElementReferenceRenderer.java PartRenderingEngine.java PartRenderingEngine.java PartRenderingEngine.java SafeRunner.java PartRenderingEngine.java PartRenderingEngine.java PartRenderingEngine.java PartRenderingEngine.java SafeRunner.java PartRenderingEngine.java PartRenderingEngine.java PartRenderingEngine.java PartRenderingEngine.java SafeRunner.java PartRenderingEngine.java PartRenderingEngine.java PartRenderingEngine.java PartRenderingEngine.java SafeRunner.java PartRenderingEngine.java PartRenderingEngine.java PartRenderingEngine.java PartRenderingEngine.java SafeRunner.java PartRenderingEngine.java PartRenderingEngine.java PartRenderingEngine.java PartRenderingEngine.java SafeRunner.java PartRenderingEngine.java PartRenderingEngine.java PartRenderingEngine.java PartRenderingEngine.java SafeRunner.java PartRenderingEngine.java PartRenderingEngine.java PartRenderingEngine.java PartRenderingEngine.java SafeRunner.java PartRenderingEngine.java PartRenderingEngine.java PartRenderingEngine.java PartRenderingEngine.java SafeRunner.java PartRenderingEngine.java WorkbenchWindow.java WorkbenchWindow.java WorkbenchWindow.java WorkbenchWindow.java BusyIndicator.java WorkbenchWindow.java Workbench.java SafeRunner.java Workbench.java Workbench.java Workbench.java BusyIndicator.java Workbench.java Workbench.java WorkbenchWindow.java WorkbenchWindow.java WorkbenchWindow.java BusyIndicator.java WorkbenchWindow.java WorkbenchWindow.java WorkbenchWindow.java WBWRenderer.java TypedListener.java EventTable.java Display.java Widget.java Widget.java Widget.java Shell.java Shell.java Widget.java Control.java Display.java OS.java OS.java Display.java OS.java OS.java Display.java PartRenderingEngine.java Realm.java PartRenderingEngine.java E4Workbench.java Workbench.java Realm.java Workbench.java PlatformUI.java IDEApplication.java EclipseAppHandle.java EclipseAppLauncher.java EclipseAppLauncher.java EclipseStarter.java EclipseStarter.java NativeMethodAccessorImpl.java NativeMethodAccessorImpl.java DelegatingMethodAccessorImpl.java Method.java Main.java Main.java Main.java Main.java,NullPointerException in ManageSessionActionProvider.dispose,x86_64,2016-09-19T08:39:41.640Z
History.java History.java History.java OpenTypeHistory.java OpenTypeHistory.java JavaScriptPlugin.java InitializeAfterLoadJob.java Worker.java,HIDDEN below History.load (thrown in DOMParser.parse),x86_64,2016-12-13T07:47:14.760Z
GenFeatureItemProvider.java MetaclassViewer.java WrappedViewerLabelProvider.java WrappedViewerLabelProvider.java ViewerColumn.java AbstractTreeViewer.java AbstractTreeViewer.java SafeRunner.java JFaceUtil.java SafeRunnable.java AbstractTreeViewer.java StructuredViewer.java SafeRunner.java JFaceUtil.java SafeRunnable.java StructuredViewer.java AbstractTreeViewer.java AbstractTreeViewer.java BusyIndicator.java AbstractTreeViewer.java TreeViewer.java AbstractTreeViewer.java AbstractTreeViewer.java TreeViewer.java AbstractTreeViewer.java StructuredViewer.java TreeViewer.java StructuredViewer.java AbstractTreeViewer.java ContentViewer.java StructuredViewer.java MetaclassViewer.java EcoreBrowser.java UILockListener.java UISynchronizer.java RunnableLock.java Synchronizer.java Display.java Display.java PartRenderingEngine.java Realm.java PartRenderingEngine.java E4Workbench.java Workbench.java Realm.java Workbench.java PlatformUI.java IDEApplication.java EclipseAppHandle.java EclipseAppLauncher.java EclipseAppLauncher.java EclipseStarter.java EclipseStarter.java NativeMethodAccessorImpl.java NativeMethodAccessorImpl.java DelegatingMethodAccessorImpl.java Method.java Main.java Main.java Main.java,NullPointerException below MetaclassViewer$MetaclassLabelProvider.getImage (thrown in GenFeatureItemProvider.getImage),x86_64,2016-11-25T14:31:49.929Z
SWT.java SWT.java Synchronizer.java Display.java Display.java Window.java Window.java AddDependencyAction.java PluginAction.java ActionContributionItem.java ActionContributionItem.java ActionContributionItem.java EventTable.java Display.java Widget.java Display.java Display.java PartRenderingEngine.java Realm.java PartRenderingEngine.java E4Workbench.java Workbench.java Realm.java Workbench.java PlatformUI.java IDEApplication.java EclipseAppHandle.java EclipseAppLauncher.java EclipseAppLauncher.java EclipseStarter.java EclipseStarter.java NativeMethodAccessorImpl.java NativeMethodAccessorImpl.java DelegatingMethodAccessorImpl.java Method.java Main.java Main.java Main.java Main.java,TooManyClauses below NexusIndexManager.search (thrown in BooleanQuery.add),x86_64,2016-12-01T08:14:43.429Z
LogListener.java LogListener.java RuntimeLog.java PlatformLogWriter.java ExtendedLogReaderServiceFactory.java ExtendedLogReaderServiceFactory.java ExtendedLogReaderServiceFactory.java ExtendedLogServiceFactory.java ExtendedLogServiceImpl.java LoggerImpl.java Log.java NavigatorPlugin.java CommonViewerSorter.java CommonViewerSorter.java AbstractTreeViewer.java AbstractTreeViewer.java AbstractTreeViewer.java AbstractTreeViewer.java TreeViewer.java AbstractTreeViewer.java CommonViewer.java AbstractTreeViewer.java PackageExplorerContentProvider.java PackageExplorerContentProvider.java PackageExplorerContentProvider.java PackageExplorerContentProvider.java DeltaProcessor.java SafeRunner.java DeltaProcessor.java DeltaProcessor.java DeltaProcessor.java DeltaProcessor.java DeltaProcessingState.java NotificationManager.java SafeRunner.java NotificationManager.java NotificationManager.java Workspace.java Workspace.java File.java File.java PlatformResourceURIHandlerImpl.java StreamEncoder.java StreamEncoder.java OutputStreamWriter.java XMLSaveImpl.java XMLSaveImpl.java XMLResourceImpl.java ResourceImpl.java ResourceImpl.java EMFLogicalModel.java ModelSet.java CreateModelWizard.java CreateModelWizard.java CreateModelWizard.java CreateModelWizard.java WizardDialog.java WizardDialog.java Dialog.java TypedListener.java EventTable.java Display.java Widget.java Widget.java Widget.java Widget.java Display.java Display.java Window.java Window.java WizardHandler.java WizardHandler.java HandlerProxy.java E4HandlerProxy.java NativeMethodAccessorImpl.java NativeMethodAccessorImpl.java DelegatingMethodAccessorImpl.java Method.java MethodRequestor.java InjectorImpl.java InjectorImpl.java ContextInjectionFactory.java HandlerServiceHandler.java Command.java ParameterizedCommand.java HandlerServiceImpl.java LegacyHandlerService.java CommandAction.java ActionContributionItem.java ActionContributionItem.java ActionContributionItem.java EventTable.java Display.java Widget.java Widget.java Widget.java Widget.java Display.java Display.java PartRenderingEngine.java Realm.java PartRenderingEngine.java E4Workbench.java Workbench.java Realm.java Workbench.java PlatformUI.java IDEApplication.java EclipseAppHandle.java EclipseAppLauncher.java EclipseAppLauncher.java EclipseStarter.java EclipseStarter.java NativeMethodAccessorImpl.java NativeMethodAccessorImpl.java DelegatingMethodAccessorImpl.java Method.java Main.java Main.java Main.java,RuntimeException in CommonViewerSorter.logMissingExtension,x86_64,2016-12-13T07:47:21.940Z
DetachedDropAgent.java DragAgent.java PartDragAgent.java DnDManager.java DnDManager.java DnDManager.java TypedListener.java EventTable.java Display.java Widget.java Display.java Display.java PartRenderingEngine.java Realm.java PartRenderingEngine.java E4Workbench.java Workbench.java Realm.java Workbench.java PlatformUI.java IDEApplication.java EclipseAppHandle.java EclipseAppLauncher.java EclipseAppLauncher.java EclipseStarter.java EclipseStarter.java NativeMethodAccessorImpl.java NativeMethodAccessorImpl.java DelegatingMethodAccessorImpl.java Method.java Main.java Main.java Main.java Main.java,NullPointerException in DetachedDropAgent.drop,x86_64,2016-12-13T07:47:31.140Z
MethodRequestor.java InjectorImpl.java InjectorImpl.java ContextInjectionFactory.java HandlerServiceHandler.java Command.java ParameterizedCommand.java HandlerServiceImpl.java KeyBindingDispatcher.java KeyBindingDispatcher.java KeyBindingDispatcher.java KeyBindingDispatcher.java KeyBindingDispatcher.java KeyBindingDispatcher.java EventTable.java Display.java Widget.java Widget.java Widget.java Control.java Control.java Composite.java Display.java Display.java Display.java PartRenderingEngine.java Realm.java PartRenderingEngine.java E4Workbench.java Workbench.java Realm.java Workbench.java PlatformUI.java IDEApplication.java EclipseAppHandle.java EclipseAppLauncher.java EclipseAppLauncher.java EclipseStarter.java EclipseStarter.java Main.java Main.java Main.java,IllegalStateException in AbstractInterestManipulationAction.getContext,x86,2016-12-12T07:48:40.927Z
MethodRequestor.java InjectorImpl.java InjectorImpl.java ContextInjectionFactory.java HandlerServiceHandler.java Command.java HandlerServiceImpl.java MenuManagerRendererFilter.java MenuManagerShowProcessor.java MenuManagerShowProcessor.java MenuManagerEventHelper.java MenuManager.java MenuManager.java MenuManager.java TypedListener.java EventTable.java Display.java Widget.java Widget.java Widget.java Menu.java Display.java OS.java NSMenu.java Menu.java Display.java Display.java PartRenderingEngine.java Realm.java PartRenderingEngine.java E4Workbench.java Workbench.java Realm.java Workbench.java PlatformUI.java IDEApplication.java EclipseAppHandle.java EclipseAppLauncher.java EclipseAppLauncher.java EclipseStarter.java EclipseStarter.java NativeMethodAccessorImpl.java NativeMethodAccessorImpl.java DelegatingMethodAccessorImpl.java Method.java Main.java Main.java Main.java,NullPointerException in TransactionUtil.getEditingDomain,x86_64,2016-12-06T07:01:02.037Z
FileReader.java ResourceProvider.java AbstractResourceRunnable.java AbstractResourceRunnable.java,InterruptedIOException below ResourceProvider.putResource (thrown in PipedInputStream.read),x86_64,2016-11-28T07:45:54.760Z
PhpTokenContainer.java PhpTokenContainer.java PhpTokenContainer.java PhpScriptRegion.java DefaultIndentationStrategy.java DefaultIndentationStrategy.java DefaultIndentationStrategy.java DefaultIndentationStrategy.java DefaultIndentationStrategy.java IndentLineAutoEditStrategy.java IndentLineAutoEditStrategy.java IndentLineAutoEditStrategy.java MainAutoEditStrategy.java TextViewer.java TextViewer.java ProjectionViewer.java StructuredTextViewer.java TextViewer.java TypedListener.java EventTable.java Display.java Widget.java Widget.java Widget.java Widget.java StyledText.java StyledText.java StyledText.java StyledText.java StyledText.java StyledText.java EventTable.java Display.java Widget.java Widget.java Widget.java Widget.java Widget.java Control.java Composite.java Widget.java Control.java Display.java OS.java OS.java Display.java OS.java OS.java Display.java PartRenderingEngine.java Realm.java PartRenderingEngine.java E4Workbench.java Workbench.java Realm.java Workbench.java PlatformUI.java IDEApplication.java EclipseAppHandle.java EclipseAppLauncher.java EclipseAppLauncher.java EclipseStarter.java EclipseStarter.java NativeMethodAccessorImpl.java NativeMethodAccessorImpl.java DelegatingMethodAccessorImpl.java Method.java Main.java Main.java Main.java Main.java,BadLocationException in PhpTokenContainer.checkBadLocation,x86_64,2016-12-13T09:09:33.118Z
AbstractRepositoryManager.java AbstractRepositoryManager.java AbstractRepositoryManager.java AbstractRepositoryManager.java ProvisioningEventBus.java ProvisioningEventBus.java EventManager.java EventManager.java,IllegalArgumentException in AbstractRepositoryManager.checkValidLocation,x86_64,2016-12-13T09:23:19.679Z
SWT.java SWT.java Synchronizer.java Display.java Display.java PartRenderingEngine.java Realm.java PartRenderingEngine.java E4Workbench.java Workbench.java Realm.java Workbench.java PlatformUI.java IDEApplication.java EclipseAppHandle.java EclipseAppLauncher.java EclipseAppLauncher.java EclipseStarter.java EclipseStarter.java NativeMethodAccessorImpl.java NativeMethodAccessorImpl.java DelegatingMethodAccessorImpl.java Method.java Main.java Main.java Main.java Main.java,SWTException below SWTGraphics.restoreState (thrown in GC.getAdvanced),x86_64,2016-12-09T07:45:25.482Z
ViewerInputParser.java AbstractParser.java MethodInvocation.java ASTNode.java ASTNode.java ExpressionStatement.java ASTNode.java ASTNode.java Block.java ASTNode.java ASTNode.java MethodDeclaration.java ASTNode.java AbstractParser.java DatabindingParser.java DatabindingParser.java JFaceDatabindingsFactory.java DatabindingRootProcessor.java JavaInfoParser.java JavaInfoParser.java JavaInfoParser.java JavaInfoParser.java JavaInfoParser.java JavaInfoParser.java JavaInfoParser.java ExecutionUtils.java JavaInfoParser.java DesignPage.java DesignPage.java DesignPage.java Synchronizer.java UISynchronizer.java Display.java DesignPage.java ModalContext.java ModalContext.java ProgressMonitorDialog.java DesignPage.java DesignPage.java UndoManager.java UndoManager.java DesignPage.java DesignPage.java DefaultMultiMode.java DefaultMultiMode.java TypedListener.java EventTable.java Display.java Widget.java Widget.java Widget.java Widget.java CTabFolder.java CTabFolder.java CTabFolder.java EventTable.java Display.java Widget.java Widget.java Widget.java Widget.java Display.java Display.java PartRenderingEngine.java Realm.java PartRenderingEngine.java E4Workbench.java Workbench.java Realm.java Workbench.java PlatformUI.java IDEApplication.java EclipseAppHandle.java EclipseAppLauncher.java EclipseAppLauncher.java EclipseStarter.java EclipseStarter.java NativeMethodAccessorImpl.java NativeMethodAccessorImpl.java DelegatingMethodAccessorImpl.java Method.java Main.java Main.java Main.java,ClassCastException in ViewerInputParser.parseExpression,x86_64,2016-12-02T07:44:45.935Z
EditPart.java DesignRootEditPart.java DesignRootEditPart.java DelegatingMethodAccessorImpl.java Method.java BroadcastSupport.java <generated> ObjectInfo.java ObjectInfo.java ExecutionUtils.java DatabindingsProvider.java DatabindingsProvider.java DatabindingsProvider.java EditComposite.java EditComposite.java TypedListener.java EventTable.java Display.java Widget.java Widget.java Widget.java Widget.java Display.java Display.java PartRenderingEngine.java Realm.java PartRenderingEngine.java E4Workbench.java Workbench.java Realm.java Workbench.java PlatformUI.java IDEApplication.java EclipseAppHandle.java EclipseAppLauncher.java EclipseAppLauncher.java EclipseStarter.java EclipseStarter.java NativeMethodAccessorImpl.java NativeMethodAccessorImpl.java DelegatingMethodAccessorImpl.java Method.java Main.java Main.java Main.java,NullPointerException in EditPart.getViewer,x86_64,2016-12-13T11:34:24.735Z
JumpNode.java ControlFlowGraphBuilder.java ControlFlowGraphBuilder.java CxxControlFlowGraph.java CxxModelsCache.java ReturnChecker.java ReturnChecker.java ReturnChecker.java AbstractAstFunctionChecker.java CASTFunctionDefinition.java ASTTranslationUnit.java AbstractAstFunctionChecker.java AbstractIndexAstChecker.java CodanRunner.java CodanRunner.java CxxCodanReconciler.java CodanCReconciler.java CEditor.java CReconcilingStrategy.java CReconcilingStrategy.java CompositeReconcilingStrategy.java CCompositeReconcilingStrategy.java MonoReconciler.java CReconciler.java AbstractReconciler.java,ClassCastException in JumpNode.addOutgoing,x86_64,2016-09-19T08:39:42.018Z
ElementImportTreeSelectionDialog.java ColumnViewerToolTipSupport.java ToolTip.java ToolTip.java ToolTip.java EventTable.java Display.java Widget.java Widget.java Widget.java Widget.java Display.java Display.java Window.java Window.java ImportPackageFromUserModelHandler.java AbstractImportHandler.java AbstractTransactionalCommand.java AbstractEMFOperation.java GMFtoEMFCommandWrapper.java EMFCommandOperation.java AbstractEMFOperation.java DefaultOperationHistory.java CheckedOperationHistory.java NotifyingWorkspaceCommandStack.java AbstractTransactionalCommandStack.java AbstractTransactionalCommandStack.java NestingNotifyingWorkspaceCommandStack.java AbstractCommandHandler.java HandlerProxy.java E4HandlerProxy.java DelegatingMethodAccessorImpl.java Method.java MethodRequestor.java InjectorImpl.java InjectorImpl.java ContextInjectionFactory.java HandlerServiceHandler.java Command.java ParameterizedCommand.java HandlerServiceImpl.java HandledContributionItem.java HandledContributionItem.java HandledContributionItem.java HandledContributionItem.java EventTable.java Display.java Widget.java Widget.java Widget.java Widget.java Display.java Display.java PartRenderingEngine.java Realm.java PartRenderingEngine.java E4Workbench.java Workbench.java Realm.java Workbench.java PlatformUI.java IDEApplication.java EclipseAppHandle.java EclipseAppLauncher.java EclipseAppLauncher.java EclipseStarter.java EclipseStarter.java NativeMethodAccessorImpl.java NativeMethodAccessorImpl.java DelegatingMethodAccessorImpl.java Method.java Main.java Main.java Main.java,NullPointerException in ElementImportTreeSelectionDialog$2.getToolTipText,x86_64,2016-12-09T14:51:02.519Z
AbstractEMFOperation.java AbstractEMFOperation.java GMFUnsafe.java GMFUnsafe.java GMFUnsafe.java GMFUnsafe.java AppliedStereotypeCompartmentEditPolicy.java TransactionalEditingDomainImpl.java AppliedStereotypeCompartmentEditPolicy.java AppliedStereotypeCompartmentEditPolicy.java DiagramEventBroker.java DiagramEventBroker.java DiagramEventBrokerThreadSafe.java TransactionalEditingDomainImpl.java TransactionalEditingDomainImpl.java TransactionalEditingDomainImpl.java TransactionalEditingDomainImpl.java TransactionImpl.java TransactionImpl.java AbstractEMFOperation.java DefaultOperationHistory.java DefaultOperationHistory.java CheckedOperationHistory.java NotifyingWorkspaceCommandStack.java NestingNotifyingWorkspaceCommandStack.java UndoHandler.java HandlerProxy.java E4HandlerProxy.java DelegatingMethodAccessorImpl.java Method.java MethodRequestor.java InjectorImpl.java InjectorImpl.java ContextInjectionFactory.java HandlerServiceHandler.java Command.java ParameterizedCommand.java HandlerServiceImpl.java KeyBindingDispatcher.java KeyBindingDispatcher.java KeyBindingDispatcher.java KeyBindingDispatcher.java KeyBindingDispatcher.java KeyBindingDispatcher.java EventTable.java Display.java Display.java Widget.java Widget.java Widget.java Widget.java Widget.java Tree.java Control.java Composite.java Tree.java Display.java OS.java Widget.java Widget.java Shell.java Display.java OS.java Display.java Display.java OS.java NSApplication.java Display.java PartRenderingEngine.java Realm.java PartRenderingEngine.java E4Workbench.java Workbench.java Realm.java Workbench.java PlatformUI.java IDEApplication.java EclipseAppHandle.java EclipseAppLauncher.java EclipseAppLauncher.java EclipseStarter.java EclipseStarter.java NativeMethodAccessorImpl.java NativeMethodAccessorImpl.java DelegatingMethodAccessorImpl.java Method.java Main.java Main.java Main.java,NullPointerException in AbstractEMFOperation.inheritedOptions,x86_64,2016-12-13T10:19:28.507Z
ServiceUtilsForResource.java ServiceUtilsForEObject.java ServiceUtilsForEObject.java AbstractServiceUtils.java CommonDropAdapterAssistant.java CommonDropAdapterAssistant.java CommonDropAdapterAssistant.java CommonDropAdapterAssistant.java CommonDropAdapter.java SafeRunner.java CommonDropAdapter.java ViewerDropAdapter.java ViewerDropAdapter.java CommonDropAdapter.java DNDListener.java EventTable.java Display.java Widget.java Widget.java Widget.java Widget.java DropTarget.java DropTarget.java OS.java Widget.java Widget.java Tree.java Widget.java Control.java Tree.java Display.java OS.java Widget.java Widget.java Shell.java Display.java OS.java Display.java Display.java OS.java NSApplication.java Display.java PartRenderingEngine.java Realm.java PartRenderingEngine.java E4Workbench.java Workbench.java Realm.java Workbench.java PlatformUI.java IDEApplication.java EclipseAppHandle.java EclipseAppLauncher.java EclipseAppLauncher.java EclipseStarter.java EclipseStarter.java NativeMethodAccessorImpl.java NativeMethodAccessorImpl.java DelegatingMethodAccessorImpl.java Method.java Main.java Main.java Main.java,ServiceNotFoundException below CommonDropAdapter$2.run (thrown in ServiceUtilsForResource.getServiceRegistry),x86_64,2016-12-12T07:48:45.717Z
EMFLogicalModel.java EMFLogicalModel.java NotationModel.java ModelSet.java ModelSet.java CDOAwareModelSet.java ResourceSetImpl.java ResourceSetImpl.java ModelSet.java CDOAwareModelSet.java ProxyManager.java OnDemandLoadingModelSet.java CDOAwareModelSet.java DefaultObjectLocalizer.java CDOAwareObjectLocalizer.java DropTargetListener.java DiagramDropTargetListener.java DiagramDropTargetListener.java DelegatingDropAdapter.java DelegatingDropAdapter.java DNDListener.java EventTable.java Display.java Widget.java Widget.java Widget.java Widget.java DropTarget.java DropTarget.java OS.java Widget.java Widget.java Tree.java Widget.java Control.java Tree.java Display.java OS.java Widget.java Widget.java Shell.java Display.java OS.java Display.java Display.java OS.java NSApplication.java Display.java PartRenderingEngine.java Realm.java PartRenderingEngine.java E4Workbench.java Workbench.java Realm.java Workbench.java PlatformUI.java IDEApplication.java EclipseAppHandle.java EclipseAppLauncher.java EclipseAppLauncher.java EclipseStarter.java EclipseStarter.java NativeMethodAccessorImpl.java NativeMethodAccessorImpl.java DelegatingMethodAccessorImpl.java Method.java Main.java Main.java Main.java,NullPointerException in EMFLogicalModel.isRelatedResource,x86_64,2016-09-19T08:39:42.076Z
ServiceUtilsForResourceSet.java ServiceUtilsForResourceSet.java AbstractServiceUtils.java EMFModelElement.java UMLModelElement.java DataSource.java EnumCombo.java AbstractPropertyEditor.java AbstractPropertyEditor.java DelegatingMethodAccessorImpl.java Method.java BeanProperty.java ResourceLoader.java ResourceLoader.java ResourceLoader.java ResourceLoader.java ResourceLoader.java ResourceLoader.java ResourceLoader.java Core.java Core.java Core.java XWTLoader.java XWT.java DefaultDisplayEngine.java DefaultDisplayEngine.java XWTSection.java XWTSection.java TabContents.java SafeRunner.java JFaceUtil.java SafeRunnable.java TabContents.java TabbedPropertySheetPage.java Viewer.java SafeRunner.java JFaceUtil.java SafeRunnable.java Viewer.java StructuredViewer.java StructuredViewer.java StructuredViewer.java OpenStrategy.java OpenStrategy.java OpenStrategy.java EventTable.java Display.java Widget.java Widget.java Widget.java Widget.java TabbedPropertyList.java TabbedPropertyViewer.java StructuredViewer.java StructuredViewer.java Viewer.java TabbedPropertySheetPage.java TabbedPropertySheetPage.java PropertySheet.java SelectionService.java SelectionService.java SelectionService.java SelectionService.java SelectionAggregator.java SafeRunner.java SelectionAggregator.java SelectionAggregator.java SelectionAggregator.java RunAndTrack.java SelectionAggregator.java TrackableComputationExt.java EclipseContext.java EclipseContext.java SelectionServiceImpl.java CompatibilityPart.java PageBookView.java SafeRunner.java Platform.java PageBookView.java PageBookView.java PageBookView.java PageBookView.java PageBookView.java StructuredViewer.java SafeRunner.java JFaceUtil.java SafeRunnable.java StructuredViewer.java StructuredViewer.java CommonViewer.java StructuredViewer.java OpenStrategy.java OpenStrategy.java OpenStrategy.java RunnableLock.java Synchronizer.java Display.java Display.java OS.java Display.java Display.java OS.java Widget.java Widget.java Tree.java Widget.java Control.java Tree.java Display.java OS.java Widget.java Widget.java Shell.java Display.java OS.java Display.java Display.java OS.java NSApplication.java Display.java PartRenderingEngine.java Realm.java PartRenderingEngine.java E4Workbench.java Workbench.java Realm.java Workbench.java PlatformUI.java IDEApplication.java EclipseAppHandle.java EclipseAppLauncher.java EclipseAppLauncher.java EclipseStarter.java EclipseStarter.java NativeMethodAccessorImpl.java NativeMethodAccessorImpl.java DelegatingMethodAccessorImpl.java Method.java Main.java Main.java Main.java,ServiceNotFoundException below TabContents$6.run (thrown in ServiceUtilsForResourceSet.getServiceRegistry),x86_64,2016-11-23T07:41:51.564Z
SWT.java SWT.java Synchronizer.java Display.java Display.java PartRenderingEngine.java Realm.java PartRenderingEngine.java E4Workbench.java Workbench.java Realm.java Workbench.java PlatformUI.java IDEApplication.java EclipseAppHandle.java EclipseAppLauncher.java EclipseAppLauncher.java EclipseStarter.java EclipseStarter.java NativeMethodAccessorImpl.java NativeMethodAccessorImpl.java DelegatingMethodAccessorImpl.java Method.java Main.java Main.java Main.java,SWTException below BranchSelectionDialog.checkPage (thrown in Widget.checkWidget),x86_64,2016-09-19T08:39:42.094Z
MethodRequestor.java InjectorImpl.java InjectorImpl.java ContextInjectionFactory.java HandlerServiceHandler.java Command.java ParameterizedCommand.java HandlerServiceImpl.java HandledContributionItem.java HandledContributionItem.java HandledContributionItem.java HandledContributionItem.java EventTable.java Display.java Widget.java Widget.java Widget.java Widget.java Display.java Display.java PartRenderingEngine.java Realm.java PartRenderingEngine.java E4Workbench.java Workbench.java Realm.java Workbench.java PlatformUI.java IDEApplication.java EclipseAppHandle.java EclipseAppLauncher.java EclipseAppLauncher.java EclipseStarter.java EclipseStarter.java NativeMethodAccessorImpl.java NativeMethodAccessorImpl.java DelegatingMethodAccessorImpl.java Method.java Main.java Main.java Main.java,NullPointerException in GraphicalCommandHandler.execute,x86_64,2016-11-24T07:45:51.530Z
MavenClasspathVariableInitializer.java JavaCore.java JavaModelManager.java JavaModelManager.java JavaProject.java JavaProject.java JavaProject.java DeltaProcessor.java DeltaProcessor.java DeltaProcessor.java DeltaProcessingState.java NotificationManager.java SafeRunner.java NotificationManager.java NotificationManager.java Workspace.java Resource.java SystemRemoteEditManager.java Activator.java Worker.java,NullPointerException in MavenClasspathVariableInitializer.initialize,x86,2016-12-13T08:12:07.845Z
SWT.java SWT.java Synchronizer.java Display.java Display.java PartRenderingEngine.java Realm.java PartRenderingEngine.java E4Workbench.java Workbench.java Realm.java Workbench.java PlatformUI.java IDEApplication.java EclipseAppHandle.java EclipseAppLauncher.java EclipseAppLauncher.java EclipseStarter.java EclipseStarter.java Main.java Main.java Main.java,3rd party caused IllegalArgumentException below StyledText.setStyleRanges,x86,2016-12-12T07:48:49.841Z
SWT.java SWT.java Synchronizer.java Display.java Display.java PartRenderingEngine.java Realm.java PartRenderingEngine.java E4Workbench.java Workbench.java Realm.java Workbench.java PlatformUI.java IDEApplication.java EclipseAppHandle.java EclipseAppLauncher.java EclipseAppLauncher.java EclipseStarter.java EclipseStarter.java Main.java Main.java Main.java,StringIndexOutOfBoundsException below BufferedRuleBasedScanner.shiftBuffer (thrown in String.getChars),x86,2016-12-09T22:45:35.875Z
MethodRequestor.java InjectorImpl.java InjectorImpl.java ContextInjectionFactory.java HandlerServiceHandler.java Command.java ParameterizedCommand.java HandlerServiceImpl.java HandledContributionItem.java HandledContributionItem.java HandledContributionItem.java HandledContributionItem.java EventTable.java Display.java Widget.java Widget.java Widget.java Widget.java Display.java Display.java PartRenderingEngine.java Realm.java PartRenderingEngine.java E4Workbench.java Workbench.java Realm.java Workbench.java PlatformUI.java IDEApplication.java EclipseAppHandle.java EclipseAppLauncher.java EclipseAppLauncher.java EclipseStarter.java EclipseStarter.java NativeMethodAccessorImpl.java NativeMethodAccessorImpl.java DelegatingMethodAccessorImpl.java Method.java Main.java Main.java Main.java,ClassCastException in AddToIndexCommand.execute,x86_64,2016-12-08T07:44:19.351Z
SWT.java SWT.java Synchronizer.java Display.java Display.java PartRenderingEngine.java Realm.java PartRenderingEngine.java E4Workbench.java Workbench.java Realm.java Workbench.java PlatformUI.java IDEApplication.java EclipseAppHandle.java EclipseAppLauncher.java EclipseAppLauncher.java EclipseStarter.java EclipseStarter.java NativeMethodAccessorImpl.java NativeMethodAccessorImpl.java DelegatingMethodAccessorImpl.java Method.java Main.java Main.java Main.java,IllegalArgumentException below AbstractAnnotationHover$AnnotationInformationControl.createAnnotationInformation (thrown in StyledText.setText),x86_64,2016-12-12T22:19:10.933Z
StandInStacktraceProvider.java LogListener.java RuntimeLog.java PlatformLogWriter.java ExtendedLogReaderServiceFactory.java ExtendedLogReaderServiceFactory.java ExtendedLogReaderServiceFactory.java ExtendedLogServiceFactory.java ExtendedLogServiceImpl.java LoggerImpl.java Log.java EclipseLogAppender.java EclipseLogAppender.java UnsynchronizedAppenderBase.java AppenderAttachableImpl.java Logger.java Logger.java Logger.java Logger.java Logger.java PomQuickAssistProcessor.java PomQuickAssistProcessor.java PomQuickAssistProcessor.java PomQuickAssistProcessor.java XmlUtils.java PomQuickAssistProcessor.java CompletionProposalPopup.java CompletionProposalPopup.java CompletionProposalPopup.java ContentAssistant.java TextViewer.java StyledTextListener.java EventTable.java Display.java Widget.java Widget.java Widget.java Widget.java StyledText.java StyledText.java EventTable.java Display.java Widget.java Widget.java Widget.java Widget.java Widget.java Canvas.java Control.java Display.java OS.java NSResponder.java Composite.java Display.java OS.java Widget.java Widget.java Shell.java Display.java OS.java Display.java Display.java OS.java NSApplication.java Display.java PartRenderingEngine.java Realm.java PartRenderingEngine.java E4Workbench.java Workbench.java Realm.java Workbench.java PlatformUI.java IDEApplication.java EclipseAppHandle.java EclipseAppLauncher.java EclipseAppLauncher.java EclipseStarter.java EclipseStarter.java NativeMethodAccessorImpl.java NativeMethodAccessorImpl.java DelegatingMethodAccessorImpl.java Method.java Main.java Main.java Main.java,NoStackTrace in PomQuickAssistProcessor$ManagedVersionRemovalProposal.processFix,x86_64,2016-12-08T14:20:56.262Z
GitSnippetRepository.java GitSnippetRepository.java EclipseGitSnippetRepository.java Worker.java,NoRemoteRepositoryException below GitSnippetRepository.fetch (thrown in TransportLocal$1.open),x86,2016-12-12T07:48:51.223Z
CCorePlugin.java CommandLauncher.java BuildRunnerHelper.java ExternalBuildRunner.java ExternalBuildRunner.java CommonBuilder.java CommonBuilder.java CommonBuilder.java BuildManager.java SafeRunner.java BuildManager.java BuildManager.java BuildManager.java SafeRunner.java BuildManager.java BuildManager.java BuildManager.java Workspace.java Workspace.java LaunchConfiguration.java LaunchConfiguration.java DebugUIPlugin.java DebugUIPlugin.java Worker.java,Exception in CCorePlugin.logStackTrace,x86_64,2016-12-13T00:11:43.532Z
File.java CatalogWriter.java CatalogWriter.java Catalog.java Catalog.java Catalog.java CatalogSet.java XMLCorePlugin.java XMLCatalogURIResolverExtension.java ExtensibleURIResolver.java ValidatorHelper.java ValidatorHelper.java XMLValidator.java Validator.java Validator.java AbstractNestedValidator.java AbstractNestedValidator.java DelegatingSourceValidator.java ReconcileStepForValidator.java ReconcileStepForValidator.java AbstractReconcileStep.java ValidatorStrategy.java DocumentRegionProcessor.java StructuredRegionProcessor.java DirtyRegionProcessor.java,NullPointerException below CatalogWriter.getOutputStream (thrown in File.<init>),x86_64,2016-12-12T07:49:20.864Z
HepmlmQQPchMwVdK CachedResourceVariant.java CachedResourceVariant.java RemoteResourceTypedElement.java StorageTypedElement.java SyncInfoModelElement.java AbstractSynchronizeParticipant.java SyncInfoCompareInput.java SaveableCompareEditorInput.java CompareEditorInput.java CompareUIPlugin.java CompareEditor.java Worker.java,3rd party caused ClientException below CachedResourceVariant.ensureContentsCached,x86_64,2016-12-12T08:18:59.414Z
StringSearchExpression.java MatchTypedStringSearchExpression.java IndexSearchEngine.java PomTemplateContext.java PomTemplateContext.java PomTemplateContext.java PomContentAssistProcessor.java PomContentAssistProcessor.java PomContentAssistProcessor.java PomContentAssistProcessor.java AbstractContentAssistProcessor.java AbstractContentAssistProcessor.java XMLContentAssistProcessor.java AbstractContentAssistProcessor.java XMLContentAssistProcessor.java CompoundContentAssistProcessor.java ContentAssistant.java CompletionProposalPopup.java CompletionProposalPopup.java CompletionProposalPopup.java BusyIndicator.java CompletionProposalPopup.java ContentAssistant.java StructuredTextViewer.java ContentAssistAction.java BusyIndicator.java ContentAssistAction.java Action.java ActionHandler.java E4HandlerProxy.java DelegatingMethodAccessorImpl.java Method.java MethodRequestor.java InjectorImpl.java InjectorImpl.java ContextInjectionFactory.java HandlerServiceHandler.java Command.java ParameterizedCommand.java HandlerServiceImpl.java KeyBindingDispatcher.java KeyBindingDispatcher.java KeyBindingDispatcher.java KeyBindingDispatcher.java KeyBindingDispatcher.java KeyBindingDispatcher.java EventTable.java Display.java Widget.java Widget.java Widget.java Widget.java Widget.java Control.java Composite.java Widget.java Control.java Display.java OS.java OS.java Display.java OS.java OS.java Display.java PartRenderingEngine.java Realm.java PartRenderingEngine.java E4Workbench.java Workbench.java Realm.java Workbench.java PlatformUI.java IDEApplication.java EclipseAppHandle.java EclipseAppLauncher.java EclipseAppLauncher.java EclipseStarter.java EclipseStarter.java NativeMethodAccessorImpl.java NativeMethodAccessorImpl.java DelegatingMethodAccessorImpl.java Method.java Main.java Main.java Main.java Main.java,RuntimeException in StringSearchExpression.<init>,x86_64,2016-12-12T14:59:34.535Z
SWT.java SWT.java SWT.java StyledText.java StyledText.java SpellcheckableMessageArea.java CommitEditorPage.java CommitEditorPage.java CommitEditorPage.java FormPage.java BusyIndicator.java FormPage.java FormEditor.java MultiPageEditorPart.java FormEditor.java SharedHeaderFormEditor.java MultiPageEditorPart.java CompatibilityPart.java CompatibilityEditor.java CompatibilityPart.java DelegatingMethodAccessorImpl.java Method.java MethodRequestor.java InjectorImpl.java InjectorImpl.java InjectorImpl.java InjectorImpl.java InjectorImpl.java ContextInjectionFactory.java ReflectionContributionFactory.java ReflectionContributionFactory.java ReflectionContributionFactory.java ContributedPartRenderer.java PartRenderingEngine.java PartRenderingEngine.java PartRenderingEngine.java PartRenderingEngine.java PartRenderingEngine.java SafeRunner.java PartRenderingEngine.java PartServiceImpl.java UIEventHandler.java Synchronizer.java UISynchronizer.java Display.java E4Application.java UIEventHandler.java EventHandlerWrapper.java EventHandlerTracker.java EventHandlerTracker.java EventManager.java ListenerQueue.java EventAdminImpl.java EventAdminImpl.java EventComponent.java EventBroker.java UIEventPublisher.java BasicNotifierImpl.java ElementContainerImpl.java ModelServiceImpl.java ModelServiceImpl.java PartServiceImpl.java PartServiceImpl.java PartServiceImpl.java WorkbenchPage.java WorkbenchPage.java WorkbenchPage.java BusyIndicator.java WorkbenchPage.java WorkbenchPage.java WorkbenchPage.java IDE.java CommitEditor.java CommitEditor.java OpenInCommitViewerHandler.java HandlerProxy.java E4HandlerProxy.java DelegatingMethodAccessorImpl.java Method.java MethodRequestor.java InjectorImpl.java InjectorImpl.java ContextInjectionFactory.java HandlerServiceHandler.java Command.java ParameterizedCommand.java HandlerServiceImpl.java LegacyHandlerService.java CommandContributionItem.java CommandContributionItem.java CommandContributionItem.java EventTable.java Display.java Widget.java Display.java Display.java PartRenderingEngine.java Realm.java PartRenderingEngine.java E4Workbench.java Workbench.java Realm.java Workbench.java PlatformUI.java IDEApplication.java EclipseAppHandle.java EclipseAppLauncher.java EclipseAppLauncher.java EclipseStarter.java EclipseStarter.java NativeMethodAccessorImpl.java NativeMethodAccessorImpl.java DelegatingMethodAccessorImpl.java Method.java Main.java Main.java Main.java Main.java,IllegalArgumentException below SpellcheckableMessageArea.<init> (thrown in StyledText.setStyleRanges),x86_64,2016-09-19T08:39:42.224Z
SWT.java SWT.java Synchronizer.java Display.java Display.java PartRenderingEngine.java Realm.java PartRenderingEngine.java E4Workbench.java Workbench.java Realm.java Workbench.java PlatformUI.java IDEApplication.java EclipseAppHandle.java EclipseAppLauncher.java EclipseAppLauncher.java EclipseStarter.java EclipseStarter.java Main.java Main.java Main.java Main.java,ConcurrentModificationException below AbstractDocument.getPositions (thrown in ArrayList$SubList.checkForComodification),x86_64,2016-12-12T13:19:33.337Z
V9kjAiLhsz2pw8l5 IlikcAQp5F98NOVq h4tOuBqRJys5hWKk NotificationManager.java SafeRunner.java NotificationManager.java NotificationManager.java Workspace.java Workspace.java Workspace.java WorkspaceModifyOperation.java WorkspaceOperationRunner.java WorkspaceOperationRunner.java TextFileDocumentProvider.java TextFileDocumentProvider.java AbstractTextEditor.java CompilationUnitEditor.java CompilationUnitEditor.java AbstractTextEditor.java Saveable.java SaveableHelper.java SaveableHelper.java SaveableHelper.java ModalContext.java ModalContext.java WorkbenchWindow.java BusyIndicator.java WorkbenchWindow.java SaveableHelper.java SaveableHelper.java SaveableHelper.java SaveableHelper.java WorkbenchPage.java WorkbenchPage.java SaveHandler.java HandlerProxy.java E4HandlerProxy.java MethodRequestor.java InjectorImpl.java InjectorImpl.java ContextInjectionFactory.java HandlerServiceHandler.java Command.java ParameterizedCommand.java HandlerServiceImpl.java KeyBindingDispatcher.java KeyBindingDispatcher.java KeyBindingDispatcher.java KeyBindingDispatcher.java KeyBindingDispatcher.java KeyBindingDispatcher.java EventTable.java Display.java Widget.java Widget.java Widget.java Widget.java Widget.java Widget.java Control.java Canvas.java Control.java Canvas.java Display.java OS.java OS.java Display.java PartRenderingEngine.java Realm.java PartRenderingEngine.java E4Workbench.java Workbench.java Realm.java Workbench.java PlatformUI.java IDEApplication.java EclipseAppHandle.java EclipseAppLauncher.java EclipseAppLauncher.java EclipseStarter.java EclipseStarter.java Main.java Main.java Main.java,3rd party caused InterruptedException below WorkspaceModifyOperation.run,x86_64,2016-12-11T07:47:32.261Z
AbstractOutlineNode.java AbstractOutlineNode.java XtextDocument.java XtextDocument.java XtextDocument.java AbstractOutlineNode.java AbstractOutlineNode.java XtendOutlineWithEditorLinker.java XtendOutlineWithEditorLinker.java XtendOutlineWithEditorLinker.java OutlineWithEditorLinker.java TextViewer.java TextViewer.java TextViewer.java Display.java Display.java OS.java Display.java Display.java OS.java NSApplication.java Display.java PartRenderingEngine.java Realm.java PartRenderingEngine.java E4Workbench.java Workbench.java Realm.java Workbench.java PlatformUI.java IDEApplication.java EclipseAppHandle.java EclipseAppLauncher.java EclipseAppLauncher.java EclipseStarter.java EclipseStarter.java NativeMethodAccessorImpl.java NativeMethodAccessorImpl.java DelegatingMethodAccessorImpl.java Method.java Main.java Main.java Main.java,NullPointerException in AbstractOutlineNode$2.exec,x86_64,2016-09-19T08:39:42.245Z
SWT.java SWT.java Synchronizer.java Display.java Display.java Window.java Window.java SetupWizard.java PerformHandler.java AbstractDropdownHandler.java HandlerProxy.java E4HandlerProxy.java MethodRequestor.java InjectorImpl.java InjectorImpl.java ContextInjectionFactory.java HandlerServiceHandler.java Command.java ParameterizedCommand.java HandlerServiceImpl.java HandledContributionItem.java HandledContributionItem.java HandledContributionItem.java HandledContributionItem.java EventTable.java Display.java Widget.java Display.java Display.java PartRenderingEngine.java Realm.java PartRenderingEngine.java E4Workbench.java Workbench.java Realm.java Workbench.java PlatformUI.java IDEApplication.java EclipseAppHandle.java EclipseAppLauncher.java EclipseAppLauncher.java EclipseStarter.java EclipseStarter.java Main.java Main.java Main.java,SWTException below SetupEditor$20$2.run (thrown in Widget.checkWidget),x86_64,2016-09-19T08:39:42.253Z
CopyUtils.java ResolutionResultsWizardPage.java ProvisioningWizardPage.java CopyPopup.java TypedListener.java EventTable.java Widget.java Display.java Display.java Window.java Window.java ProvisioningUI.java UninstallAction.java ProfileModificationAction.java RunnableLock.java Synchronizer.java Display.java Display.java PartRenderingEngine.java Realm.java PartRenderingEngine.java E4Workbench.java Workbench.java Realm.java Workbench.java PlatformUI.java IDEApplication.java EclipseAppHandle.java EclipseAppLauncher.java EclipseAppLauncher.java EclipseStarter.java EclipseStarter.java NativeMethodAccessorImpl.java NativeMethodAccessorImpl.java DelegatingMethodAccessorImpl.java Method.java Main.java Main.java Main.java Main.java,NullPointerException in CopyUtils.getIndentedClipboardText,x86_64,2016-12-09T07:45:30.327Z
LogListener.java LogListener.java RuntimeLog.java PlatformLogWriter.java ExtendedLogReaderServiceFactory.java ExtendedLogReaderServiceFactory.java ExtendedLogReaderServiceFactory.java ExtendedLogServiceFactory.java ExtendedLogServiceImpl.java LoggerImpl.java Log.java WorkbenchPlugin.java ModeledPageLayout.java ModeledPageLayout.java ModeledPageLayout.java ModeledPageLayout.java PerspectiveExtensionReader.java PerspectiveExtensionReader.java PerspectiveExtensionReader.java RegistryReader.java RegistryReader.java RegistryReader.java PerspectiveExtensionReader.java WorkbenchPage.java BasicNewProjectResourceWizard.java BasicNewProjectResourceWizard.java JavaProjectWizard.java WizardDialog.java WizardDialog.java Dialog.java TypedListener.java EventTable.java Display.java Widget.java Display.java Display.java Window.java Window.java NewProjectAction.java Action.java ActionContributionItem.java ActionContributionItem.java ActionContributionItem.java EventTable.java Display.java Widget.java Display.java Display.java PartRenderingEngine.java Realm.java PartRenderingEngine.java E4Workbench.java Workbench.java Realm.java Workbench.java PlatformUI.java IDEApplication.java EclipseAppHandle.java EclipseAppLauncher.java EclipseAppLauncher.java EclipseStarter.java EclipseStarter.java Main.java Main.java Main.java,RuntimeException in ModeledPageLayout.insertStack,x86_64,2016-12-10T07:44:06.883Z
huH1AVZRNpZeQ1La MSp7vf0+VXXxNmfa Lb5geBtO6Xbzw6yG LaunchConfiguration.java LaunchConfiguration.java LaunchConfiguration.java Server.java Server.java Server.java Worker.java,3rd party caused NullPointerException below LaunchConfiguration.launch,x86_64,2016-12-13T13:57:15.949Z
CompilationUnitProblemFinder.java CompilationUnit.java Openable.java JavaElement.java CompilationUnit.java ReconcileWorkingCopyOperation.java ReconcileWorkingCopyOperation.java JavaModelOperation.java JavaModelOperation.java CompilationUnit.java JavaReconcilingStrategy.java JavaReconcilingStrategy.java JavaReconcilingStrategy.java SafeRunner.java JavaReconcilingStrategy.java JavaReconcilingStrategy.java CompositeReconcilingStrategy.java JavaCompositeReconcilingStrategy.java MonoReconciler.java AbstractReconciler.java,ArrayIndexOutOfBoundsException in ParameterizedTypeBinding.collectSubstitutes,x86_64,2016-12-12T13:42:49.365Z
FileSystemResourceManager.java FileSystemResourceManager.java AliasManager.java Resource.java Resource.java MergeContext.java Workspace.java MergeContext.java MergeContext.java MergeContext.java MergeContext.java MergeContext.java Workspace.java MergeContext.java MergeContext.java ResourceMergeHandler.java SynchronizationOperation.java JobRunnableContext.java JobRunnableContext.java InternalWorkspaceJob.java Worker.java,ResourceException below MergeContext$5.run (thrown in FileSystemResourceManager.refreshResource),x86_64,2016-12-09T03:25:08.457Z
Bindings.java Bindings.java Bindings.java Bindings.java Bindings.java Bindings.java ModifierCorrectionSubProcessor.java ModifierCorrectionSubProcessor.java QuickFixProcessor.java QuickFixProcessor.java JavaCorrectionProcessor.java JavaCorrectionProcessor.java SafeRunner.java JavaCorrectionProcessor.java JavaCorrectionProcessor.java JavaCorrectionProcessor.java ProblemHover.java ProblemHover.java AbstractAnnotationHover.java AbstractAnnotationHover.java AbstractInformationControlManager.java AbstractInformationControlManager.java AbstractHoverInformationControlManager.java TextViewerHoverManager.java TextViewerHoverManager.java RunnableLock.java Synchronizer.java Display.java Display.java PartRenderingEngine.java Realm.java PartRenderingEngine.java E4Workbench.java Workbench.java Realm.java Workbench.java PlatformUI.java IDEApplication.java EclipseAppHandle.java EclipseAppLauncher.java EclipseAppLauncher.java EclipseStarter.java EclipseStarter.java Main.java Main.java Main.java Main.java,NullPointerException in Bindings.isSuperType,x86_64,2016-11-24T08:25:51.688Z
ResolvedFeature.java ResolvedFeature.java AbstractLinkingCandidate.java AbstractLinkingCandidate.java AbstractLinkingCandidate.java AbstractLinkingCandidate.java AbstractLinkingCandidate.java ResolvedFeature.java XbaseTypeComputer.java XbaseTypeComputer.java XbaseWithAnnotationsTypeComputer.java XtendTypeComputer.java AbstractTypeComputationState.java AbstractTypeComputationState.java AbstractLinkingCandidate.java AbstractLinkingCandidate.java AbstractLinkingCandidate.java AbstractLinkingCandidate.java AbstractLinkingCandidate.java AbstractLinkingCandidate.java XbaseTypeComputer.java XbaseTypeComputer.java XbaseWithAnnotationsTypeComputer.java XtendTypeComputer.java AbstractTypeComputationState.java AbstractTypeComputationState.java XbaseTypeComputer.java XbaseTypeComputer.java XbaseWithAnnotationsTypeComputer.java XtendTypeComputer.java AbstractTypeComputationState.java AbstractTypeComputationState.java XbaseTypeComputer.java XbaseTypeComputer.java XbaseWithAnnotationsTypeComputer.java XtendTypeComputer.java AbstractTypeComputationState.java AbstractTypeComputationState.java AbstractRootTypeComputationState.java LogicalContainerAwareReentrantTypeResolver.java XtendReentrantTypeResolver.java LogicalContainerAwareReentrantTypeResolver.java LogicalContainerAwareReentrantTypeResolver.java LogicalContainerAwareReentrantTypeResolver.java LogicalContainerAwareReentrantTypeResolver.java LogicalContainerAwareReentrantTypeResolver.java XtendReentrantTypeResolver.java DefaultReentrantTypeResolver.java DefaultReentrantTypeResolver.java DefaultBatchTypeResolver.java CompoundReentrantTypeResolver.java CachingBatchTypeResolver.java CachingBatchTypeResolver.java CachingBatchTypeResolver.java IUnitOfWork.java OnChangeEvictingCache.java CachingBatchTypeResolver.java AbstractBatchTypeResolver.java AbstractBatchTypeResolver.java OverrideIndicatorModelListener.java OverrideIndicatorModelListener.java OverrideIndicatorModelListener.java CancelableUnitOfWork.java XtextDocument.java XtextDocument.java XtextDocument.java OverrideIndicatorModelListener.java OverrideIndicatorModelListener.java OverrideIndicatorModelListener.java Worker.java,IllegalArgumentException in ResolvedFeature.resolveKnownArgumentType,x86_64,2016-09-19T08:39:42.312Z
DefaultBatchTypeResolver.java CachingBatchTypeResolver.java CachingBatchTypeResolver.java CachingBatchTypeResolver.java IUnitOfWork.java OnChangeEvictingCache.java CachingBatchTypeResolver.java AbstractBatchTypeResolver.java AbstractBatchTypeResolver.java OverrideIndicatorModelListener.java OverrideIndicatorModelListener.java OverrideIndicatorModelListener.java CancelableUnitOfWork.java XtextDocument.java XtextDocument.java XtextDocument.java OverrideIndicatorModelListener.java OverrideIndicatorModelListener.java OverrideIndicatorModelListener.java Worker.java,IllegalStateException in LogicalContainerAwareReentrantTypeResolver._computeTypes,x86_64,2016-10-18T10:25:23.498Z
Pattern.java Pattern.java ReplaceResolution.java AbstractDocumentResolution.java AbstractResolution.java PDEQuickAssistAssistant.java CompletionProposalPopup.java CompletionProposalPopup.java CompletionProposalPopup.java ContentAssistant.java TextViewer.java StyledTextListener.java EventTable.java Display.java Widget.java Widget.java Widget.java Widget.java StyledText.java StyledText.java EventTable.java Display.java Widget.java Widget.java Widget.java Widget.java Widget.java Control.java Composite.java Widget.java Control.java Display.java OS.java OS.java Display.java OS.java OS.java Display.java PartRenderingEngine.java Realm.java PartRenderingEngine.java E4Workbench.java Workbench.java Realm.java Workbench.java PlatformUI.java IDEApplication.java EclipseAppHandle.java EclipseAppLauncher.java EclipseAppLauncher.java EclipseStarter.java EclipseStarter.java NativeMethodAccessorImpl.java NativeMethodAccessorImpl.java DelegatingMethodAccessorImpl.java Method.java Main.java Main.java Main.java Main.java,NullPointerException below ReplaceResolution.apply (thrown in Pattern.<init>),x86_64,2016-09-19T08:39:42.354Z
SWT.java SWT.java SWT.java Widget.java Widget.java JavaOutlinePage.java DeltaProcessor.java SafeRunner.java DeltaProcessor.java DeltaProcessor.java DeltaProcessor.java DeltaProcessor.java DeltaProcessingState.java NotificationManager.java SafeRunner.java NotificationManager.java NotificationManager.java Workspace.java Workspace.java AutoBuildJob.java AutoBuildJob.java Worker.java,SWTException below JavaOutlinePage$ElementChangedListener.elementChanged (thrown in Widget.getDisplay),x86_64,2016-12-10T07:44:07.968Z
MultiPageEditorPart.java FormEditor.java MultiPageEditorPart.java TypedListener.java EventTable.java Widget.java Widget.java Widget.java Widget.java CTabFolder.java CTabFolder.java CTabFolder.java EventTable.java Widget.java Widget.java Widget.java Control.java Widget.java Control.java Control.java Display.java OS.java Control.java Control.java Composite.java CTabFolder.java Composite.java ErrorEditorPart.java CompatibilityPart.java MethodRequestor.java InjectorImpl.java InjectorImpl.java InjectorImpl.java ContextInjectionFactory.java PartRenderingEngine.java PartServiceImpl.java PartServiceImpl.java PartServiceImpl.java WorkbenchPage.java WorkbenchPage.java WorkbenchPage.java BusyIndicator.java WorkbenchPage.java WorkbenchPage.java WorkbenchPage.java SnippetsView.java SnippetsView.java SnippetsView.java StructuredViewer.java SafeRunner.java JFaceUtil.java SafeRunnable.java StructuredViewer.java StructuredViewer.java StructuredViewer.java OpenStrategy.java OpenStrategy.java OpenStrategy.java EventTable.java Widget.java Display.java Display.java PartRenderingEngine.java Realm.java PartRenderingEngine.java E4Workbench.java Workbench.java Realm.java Workbench.java PlatformUI.java IDEApplication.java EclipseAppHandle.java EclipseAppLauncher.java EclipseAppLauncher.java EclipseStarter.java EclipseStarter.java Main.java Main.java Main.java Main.java,NullPointerException in MultiPageEditorPart.pageChange,x86,2016-12-09T17:16:07.589Z
LogListener.java LogListener.java RuntimeLog.java PlatformLogWriter.java ExtendedLogReaderServiceFactory.java ExtendedLogReaderServiceFactory.java ExtendedLogReaderServiceFactory.java ExtendedLogServiceFactory.java ExtendedLogServiceImpl.java LoggerImpl.java Log.java MarkerUtil.java SessionManagerImpl.java SessionEditorInput.java SessionEditorInput.java URIEditorInput.java SessionEditorInput.java URIEditorInput.java URIEditorInputFactory.java EditorReference.java EditorReference.java EditorReference.java CompatibilityEditor.java CompatibilityPart.java MethodRequestor.java InjectorImpl.java InjectorImpl.java InjectorImpl.java InjectorImpl.java InjectorImpl.java ContextInjectionFactory.java ReflectionContributionFactory.java ReflectionContributionFactory.java ReflectionContributionFactory.java ContributedPartRenderer.java PartRenderingEngine.java PartRenderingEngine.java PartRenderingEngine.java PartRenderingEngine.java PartRenderingEngine.java SafeRunner.java PartRenderingEngine.java PartServiceImpl.java UIEventHandler.java Synchronizer.java UISynchronizer.java Display.java E4Application.java UIEventHandler.java EventHandlerWrapper.java EventHandlerTracker.java EventHandlerTracker.java EventManager.java ListenerQueue.java EventAdminImpl.java EventAdminImpl.java EventComponent.java EventBroker.java UIEventPublisher.java BasicNotifierImpl.java ElementContainerImpl.java PartServiceImpl.java WorkbenchPage.java WorkbenchPage.java WorkbenchPage.java WorkbenchPage.java EcoreEditor.java RunnableLock.java Synchronizer.java Display.java Display.java ModalContext.java ModalContext.java RefactoringWizardDialog2.java RefactoringWizard.java UserInputWizardPage.java DeleteResourcesWizard.java RefactoringWizard.java RefactoringWizardDialog2.java Dialog.java Dialog.java TypedListener.java EventTable.java Display.java Widget.java Display.java Display.java Window.java Window.java RefactoringWizardOpenOperation.java BusyIndicator.java RefactoringWizardOpenOperation.java RefactoringWizardOpenOperation.java DeleteResourcesHandler.java HandlerProxy.java E4HandlerProxy.java MethodRequestor.java InjectorImpl.java InjectorImpl.java ContextInjectionFactory.java HandlerServiceHandler.java Command.java ParameterizedCommand.java HandlerServiceImpl.java LegacyHandlerService.java LTKLauncher.java LTKLauncher.java DeleteResourceAction.java DeleteAction.java SelectionDispatchAction.java SelectionDispatchAction.java Action.java ActionHandler.java E4HandlerProxy.java MethodRequestor.java InjectorImpl.java InjectorImpl.java ContextInjectionFactory.java HandlerServiceHandler.java Command.java ParameterizedCommand.java HandlerServiceImpl.java KeyBindingDispatcher.java KeyBindingDispatcher.java KeyBindingDispatcher.java OutOfOrderListener.java EventTable.java Display.java Widget.java Widget.java Widget.java Widget.java Widget.java Widget.java Control.java Tree.java Control.java Tree.java Display.java OS.java OS.java Display.java PartRenderingEngine.java Realm.java PartRenderingEngine.java E4Workbench.java Workbench.java Realm.java Workbench.java PlatformUI.java IDEApplication.java EclipseAppHandle.java EclipseAppLauncher.java EclipseAppLauncher.java EclipseStarter.java EclipseStarter.java Main.java Main.java Main.java Main.java,RuntimeException in MarkerUtil.addMarkerFor,x86_64,2016-12-08T07:44:21.527Z
JavaElement.java Openable.java JavaElement.java JavaElement.java JavaElement.java CompilationUnit.java JavaElementSelections.java JavaElementSelections.java JavaElementSelections.java JavaElementSelections.java JavaElementSelectionService.java JavaElementSelectionService.java JavaElementSelectionService.java,JavaModelException below JavaElementSelections.isInvalidSelection (thrown in JavaElement.newJavaModelException),x86_64,2016-12-13T07:48:01.373Z
CancelableNameEnvironment.java CancelableNameEnvironment.java LookupEnvironment.java PackageBinding.java Scope.java Scope.java SingleTypeReference.java TypeReference.java TypeReference.java SourceTypeBinding.java SourceTypeBinding.java ReferenceBinding.java InternalExtendedCompletionContext.java InternalExtendedCompletionContext.java InternalExtendedCompletionContext.java InternalExtendedCompletionContext.java InternalCompletionContext.java ParameterGuessingProposal.java ParameterGuessingProposal.java ParameterGuessingProposal.java ParameterGuessingProposal.java LazyJavaCompletionProposal.java AbstractJavaCompletionProposal.java JavaMethodCompletionProposal.java ParameterGuessingProposal.java AbstractJavaCompletionProposal.java LazyJavaCompletionProposal.java CompletionProposalPopup.java CompletionProposalPopup.java CompletionProposalPopup.java ContentAssistant.java TextViewer.java StyledTextListener.java EventTable.java Widget.java Widget.java Widget.java Widget.java StyledText.java StyledText.java EventTable.java Widget.java Widget.java Widget.java Widget.java Widget.java Widget.java Control.java Canvas.java Control.java Canvas.java Display.java OS.java OS.java Display.java PartRenderingEngine.java Realm.java PartRenderingEngine.java E4Workbench.java Workbench.java Realm.java Workbench.java PlatformUI.java IDEApplication.java EclipseAppHandle.java EclipseAppLauncher.java EclipseAppLauncher.java EclipseStarter.java EclipseStarter.java Main.java Main.java Main.java,AbortCompilation below ParameterGuessingProposal.getAssignableElements (thrown in CancelableNameEnvironment.checkCanceled),x86,2016-12-13T07:48:08.920Z
SWT.java SWT.java SWT.java Widget.java Widget.java StyledText.java TextViewer.java TextViewer.java PresentationReconciler.java PresentationReconciler.java PresentationReconciler.java PresentationReconciler.java TextViewer.java TextViewer.java AbstractDocument.java AbstractDocument.java AbstractDocument.java AbstractDocument.java AbstractDocument.java SynchronizableDocument.java AbstractDocument.java SynchronizableDocument.java ReplaceResolution.java AbstractDocumentResolution.java AbstractResolution.java WorkbenchMarkerResolution.java AbstractResolution.java AbstractResolution.java Workspace.java Workspace.java AbstractResolution.java Worker.java,SWTException below ReplaceResolution.apply (thrown in Widget.checkWidget),x86_64,2016-09-19T08:39:42.944Z
SWT.java SWT.java SWT.java Widget.java Widget.java StyledText.java StyledText.java StyledText.java DefaultDocumentAdapter.java DefaultDocumentAdapter.java AbstractDocument.java AbstractDocument.java SynchronizableDocument.java AbstractDocument.java SynchronizableDocument.java ReplaceResolution.java AbstractDocumentResolution.java AbstractResolution.java WorkbenchMarkerResolution.java AbstractResolution.java AbstractResolution.java Workspace.java Workspace.java AbstractResolution.java Worker.java,SWTException below ReplaceResolution.apply (thrown in Widget.checkWidget),x86_64,2016-09-19T08:39:42.963Z
SWT.java SWT.java SWT.java Widget.java Widget.java IME.java StyledText.java StyledText.java DefaultDocumentAdapter.java DefaultDocumentAdapter.java AbstractDocument.java AbstractDocument.java AbstractDocument.java AbstractDocument.java AbstractDocument.java SynchronizableDocument.java AbstractDocument.java SynchronizableDocument.java ReplaceResolution.java AbstractDocumentResolution.java AbstractResolution.java WorkbenchMarkerResolution.java AbstractResolution.java AbstractResolution.java Workspace.java Workspace.java AbstractResolution.java Worker.java,SWTException below ReplaceResolution.apply (thrown in Widget.checkWidget),x86_64,2016-09-19T08:39:42.971Z
StandInStacktraceProvider.java LogListener.java RuntimeLog.java PlatformLogWriter.java ExtendedLogReaderServiceFactory.java ExtendedLogReaderServiceFactory.java ExtendedLogReaderServiceFactory.java ExtendedLogServiceFactory.java ExtendedLogServiceImpl.java LoggerImpl.java Log.java CompareUIPlugin.java CompareUIPlugin.java CompareEditor.java CompareEditor.java SaveablesList.java SaveablesList.java SaveablesList.java WorkbenchPage.java CompatibilityPart.java UIEventHandler.java Synchronizer.java UISynchronizer.java Display.java E4Application.java UIEventHandler.java EventHandlerWrapper.java EventHandlerTracker.java EventHandlerTracker.java EventManager.java ListenerQueue.java EventAdminImpl.java EventAdminImpl.java EventComponent.java EventBroker.java UIEventPublisher.java BasicNotifierImpl.java UIElementImpl.java SWTPartRenderer.java SWTPartRenderer.java ContributedPartRenderer.java PartRenderingEngine.java PartRenderingEngine.java PartRenderingEngine.java SafeRunner.java PartRenderingEngine.java PartRenderingEngine.java UIEventHandler.java Synchronizer.java UISynchronizer.java Display.java E4Application.java UIEventHandler.java EventHandlerWrapper.java EventHandlerTracker.java EventHandlerTracker.java EventManager.java ListenerQueue.java EventAdminImpl.java EventAdminImpl.java EventComponent.java EventBroker.java UIEventPublisher.java BasicNotifierImpl.java UIElementImpl.java PartServiceImpl.java PartServiceImpl.java StackRenderer.java StackRenderer.java StackRenderer.java CTabFolder.java CTabFolder.java EventTable.java Display.java Widget.java Display.java Display.java PartRenderingEngine.java Realm.java PartRenderingEngine.java E4Workbench.java Workbench.java Realm.java Workbench.java PlatformUI.java IDEApplication.java EclipseAppHandle.java EclipseAppLauncher.java EclipseAppLauncher.java EclipseStarter.java EclipseStarter.java Main.java Main.java Main.java,NoStackTrace in CompareUIPlugin.logErrorMessage,x86_64,2016-12-12T10:17:51.603Z
JDIStackFrame.java JDIStackFrame.java JDIStackFrame.java JavaDebugHover.java BestMatchHover.java BestMatchHover.java JavaEditorTextHoverProxy.java TextViewerHoverManager.java,DebugException below BestMatchHover.getHoverInfo2 (thrown in JDIStackFrame.getUnderlyingStackFrame),x86_64,2016-12-13T11:01:51.037Z
FXGraphActivator.java FXGraphActivator.java FXGraphExecutableExtensionFactory.java AbstractGuiceAwareExecutableExtensionFactory.java ConfigurationElement.java ConfigurationElementHandle.java WorkbenchPlugin.java WorkbenchPreferenceNode.java PreferenceDialog.java FilteredPreferenceDialog.java PreferenceDialog.java FilteredPreferenceDialog.java PreferenceDialog.java BusyIndicator.java PreferenceDialog.java StructuredViewer.java SafeRunner.java JFaceUtil.java SafeRunnable.java StructuredViewer.java StructuredViewer.java StructuredViewer.java OpenStrategy.java OpenStrategy.java OpenStrategy.java RunnableLock.java Synchronizer.java Display.java Display.java OS.java Display.java Display.java OS.java Widget.java Widget.java Tree.java Widget.java Control.java Tree.java Display.java OS.java Widget.java Widget.java Shell.java Display.java OS.java Display.java Display.java OS.java NSApplication.java Display.java Window.java Window.java WorkbenchPreferenceDialog.java ShowPreferencePageHandler.java HandlerProxy.java E4HandlerProxy.java DelegatingMethodAccessorImpl.java Method.java MethodRequestor.java InjectorImpl.java InjectorImpl.java ContextInjectionFactory.java HandlerServiceHandler.java Command.java ParameterizedCommand.java HandlerServiceImpl.java HandlerServiceImpl.java CocoaUIHandler.java CocoaUIHandler.java CocoaUIHandler.java TypedListener.java EventTable.java Display.java Widget.java Widget.java Widget.java Widget.java Display.java Display.java PartRenderingEngine.java Realm.java PartRenderingEngine.java E4Workbench.java Workbench.java Realm.java Workbench.java PlatformUI.java IDEApplication.java EclipseAppHandle.java EclipseAppLauncher.java EclipseAppLauncher.java EclipseStarter.java EclipseStarter.java NativeMethodAccessorImpl.java NativeMethodAccessorImpl.java DelegatingMethodAccessorImpl.java Method.java Main.java Main.java Main.java,3rd party caused CreationException below FXGraphActivator.createInjector,x86_64,2016-12-10T07:44:14.185Z
BranchDecorator.java BranchDecorator.java FullDecoratorDefinition.java FullTextDecoratorRunnable.java SafeRunner.java DecoratorManager.java DecoratorManager.java DecoratorManager.java DecoratingStyledCellLabelProvider.java NavigatorDecoratingLabelProvider.java ViewerComparator.java ViewerComparator.java RepositoriesViewSorter.java CommonViewerSorter.java TreePathViewerSorter.java TimSort.java TimSort.java TimSort.java Arrays.java TreePathViewerSorter.java AbstractTreeViewer.java AbstractTreeViewer.java BusyIndicator.java AbstractTreeViewer.java TreeViewer.java AbstractTreeViewer.java AbstractTreeViewer.java TreeViewer.java AbstractTreeViewer.java TypedListener.java EventTable.java Display.java Widget.java Widget.java Widget.java Tree.java Widget.java Display.java OS.java OS.java Display.java OS.java OS.java Display.java PartRenderingEngine.java Realm.java PartRenderingEngine.java E4Workbench.java Workbench.java Realm.java Workbench.java PlatformUI.java IDEApplication.java EclipseAppHandle.java EclipseAppLauncher.java EclipseAppLauncher.java EclipseStarter.java EclipseStarter.java NativeMethodAccessorImpl.java NativeMethodAccessorImpl.java DelegatingMethodAccessorImpl.java Method.java Main.java Main.java Main.java Main.java,NoSuchMethodError in BranchDecorator.getDecoration,x86_64,2016-09-19T08:39:43.054Z
LogListener.java LogListener.java RuntimeLog.java PlatformLogWriter.java ExtendedLogReaderServiceFactory.java ExtendedLogReaderServiceFactory.java ExtendedLogReaderServiceFactory.java ExtendedLogServiceFactory.java ExtendedLogServiceImpl.java LoggerImpl.java Log.java WorkbenchPlugin.java FullDecoratorRunnable.java FullTextDecoratorRunnable.java SafeRunner.java SafeRunner.java DecoratorManager.java DecoratorManager.java DecoratorManager.java DecoratingStyledCellLabelProvider.java NavigatorDecoratingLabelProvider.java ViewerComparator.java ViewerComparator.java RepositoriesViewSorter.java CommonViewerSorter.java TreePathViewerSorter.java TimSort.java TimSort.java TimSort.java Arrays.java TreePathViewerSorter.java AbstractTreeViewer.java AbstractTreeViewer.java BusyIndicator.java AbstractTreeViewer.java TreeViewer.java AbstractTreeViewer.java AbstractTreeViewer.java TreeViewer.java AbstractTreeViewer.java TypedListener.java EventTable.java Display.java Widget.java Widget.java Widget.java Tree.java Widget.java Display.java OS.java OS.java Display.java OS.java OS.java Display.java PartRenderingEngine.java Realm.java PartRenderingEngine.java E4Workbench.java Workbench.java Realm.java Workbench.java PlatformUI.java IDEApplication.java EclipseAppHandle.java EclipseAppLauncher.java EclipseAppLauncher.java EclipseStarter.java EclipseStarter.java NativeMethodAccessorImpl.java NativeMethodAccessorImpl.java DelegatingMethodAccessorImpl.java Method.java Main.java Main.java Main.java Main.java,RuntimeException below DecoratorManager.safeDecorateText (thrown in SafeRunner.run),x86_64,2016-09-19T08:39:43.060Z
LogListener.java LogListener.java RuntimeLog.java PlatformLogWriter.java ExtendedLogReaderServiceFactory.java ExtendedLogReaderServiceFactory.java ExtendedLogReaderServiceFactory.java ExtendedLogServiceFactory.java ExtendedLogServiceImpl.java LoggerImpl.java Log.java EclipseLogAppender.java EclipseLogAppender.java UnsynchronizedAppenderBase.java AppenderAttachableImpl.java Logger.java Logger.java Logger.java Logger.java Logger.java MavenCheckoutOperation.java MavenProjectCheckoutJob.java InternalWorkspaceJob.java Worker.java,RuntimeException in MavenCheckoutOperation.run,x86_64,2016-09-19T08:39:43.064Z
WorkManager.java Workspace.java File.java ProjectPreferences.java ProjectPreferences.java EclipsePreferences.java ProjectPreferences.java PreferencesWrapper.java ProjectConfiguration.java ConfigurationManager.java EventManager.java EventManager.java NotificationManager.java SafeRunner.java NotificationManager.java NotificationManager.java Workspace.java Project.java CloseResourceAction.java WorkspaceAction.java WorkspaceAction.java InternalWorkspaceJob.java Worker.java,ResourceException below PreferencesWrapper$PreferencesWrapperPersistent.flush (thrown in WorkManager.checkIn),x86_64,2016-12-12T07:49:02.794Z
ProjectPreferences.java EclipsePreferences.java ProjectPreferences.java PreferencesWrapper.java ProjectConfiguration.java ConfigurationManager.java EventManager.java EventManager.java NotificationManager.java SafeRunner.java NotificationManager.java NotificationManager.java Workspace.java Project.java CloseResourceAction.java WorkspaceAction.java WorkspaceAction.java InternalWorkspaceJob.java Worker.java,BackingStoreException below PreferencesWrapper$PreferencesWrapperPersistent.flush (thrown in ProjectPreferences.save),x86_64,2016-12-12T07:49:03.239Z
EclipseLazyStarter.java ClasspathManager.java ModuleClassLoader.java BundleLoader.java BundleLoader.java BundleLoader.java BundleLoader.java ModuleClassLoader.java EquinoxBundle.java RegistryStrategyOSGI.java ExtensionRegistry.java ConfigurationElement.java ConfigurationElementHandle.java BuildManager.java BuildManager.java BuildManager.java BuildManager.java BuildManager.java BuildManager.java SafeRunner.java BuildManager.java BuildManager.java BuildManager.java AutoBuildJob.java AutoBuildJob.java Worker.java,NullPointerException below WorkbenchImages.initializeImageRegistry (thrown in JFaceResources.getResources),x86_64,2016-12-13T11:19:23.522Z
Policy.java Policy.java LocalFile.java LocalFile.java FileSystemResourceManager.java Folder.java Folder.java AbstractImageBuilder.java AbstractImageBuilder.java Resource.java ElementTreeIterator.java ElementTreeIterator.java ElementTreeIterator.java Resource.java Resource.java AbstractImageBuilder.java BatchImageBuilder.java JavaBuilder.java JavaBuilder.java BuildManager.java SafeRunner.java BuildManager.java BuildManager.java BuildManager.java SafeRunner.java BuildManager.java BuildManager.java BuildManager.java AutoBuildJob.java AutoBuildJob.java Worker.java,CoreException below AbstractImageBuilder.createFolder (thrown in LocalFile.checkTargetIsNotWritable),x86_64,2016-12-13T07:48:35.930Z
Messages.java Messages.java Disassembler.java Disassembler.java ClassFileEditor.java ClassFileEditor.java ClassFileEditor.java ClassFileEditor.java CompatibilityPart.java CompatibilityEditor.java CompatibilityPart.java MethodRequestor.java InjectorImpl.java InjectorImpl.java InjectorImpl.java InjectorImpl.java InjectorImpl.java ContextInjectionFactory.java ReflectionContributionFactory.java ReflectionContributionFactory.java ReflectionContributionFactory.java ContributedPartRenderer.java PartRenderingEngine.java PartRenderingEngine.java PartRenderingEngine.java PartRenderingEngine.java PartRenderingEngine.java SafeRunner.java PartRenderingEngine.java PartServiceImpl.java UIEventHandler.java Synchronizer.java UISynchronizer.java Display.java E4Application.java UIEventHandler.java EventHandlerWrapper.java EventHandlerTracker.java EventHandlerTracker.java EventManager.java ListenerQueue.java EventAdminImpl.java EventAdminImpl.java EventComponent.java EventBroker.java UIEventPublisher.java BasicNotifierImpl.java ElementContainerImpl.java ModelServiceImpl.java ModelServiceImpl.java PartServiceImpl.java PartServiceImpl.java PartServiceImpl.java WorkbenchPage.java WorkbenchPage.java WorkbenchPage.java BusyIndicator.java WorkbenchPage.java WorkbenchPage.java WorkbenchPage.java JavaStackTraceHyperlink.java JavaStackTraceHyperlink.java UIJob.java RunnableLock.java Synchronizer.java Display.java Display.java PartRenderingEngine.java Realm.java PartRenderingEngine.java E4Workbench.java Workbench.java Realm.java Workbench.java PlatformUI.java IDEApplication.java EclipseAppHandle.java EclipseAppLauncher.java EclipseAppLauncher.java EclipseStarter.java EclipseStarter.java Main.java Main.java Main.java,IllegalArgumentException below Messages.bind (thrown in MessageFormat.applyPattern),x86_64,2016-12-13T07:48:42.467Z
PublishLibraryAction.java PublishLibraryAction.java PublishLibraryAction.java PluginAction.java PluginAction.java PluginAction.java WWinPluginAction.java WWinPluginAction.java ActionDescriptor.java ActionDescriptor.java PluginActionSetBuilder.java PluginActionBuilder.java RegistryReader.java RegistryReader.java PluginActionBuilder.java RegistryReader.java PluginActionSetBuilder.java PluginActionSetBuilder.java ActionPresentation.java WorkbenchWindow.java WorkbenchPage.java WorkbenchPage.java WorkbenchPage.java WorkbenchPage.java WorkbenchPage.java WorkbenchPage.java PartServiceImpl.java SafeRunner.java PartServiceImpl.java PartServiceImpl.java PartServiceImpl.java UIEventHandler.java Synchronizer.java UISynchronizer.java Display.java E4Application.java UIEventHandler.java EventHandlerWrapper.java EventHandlerTracker.java EventHandlerTracker.java EventManager.java ListenerQueue.java EventAdminImpl.java EventAdminImpl.java EventComponent.java EventBroker.java UIEventPublisher.java BasicNotifierImpl.java ElementContainerImpl.java ModelServiceImpl.java ModelServiceImpl.java PartServiceImpl.java PartServiceImpl.java PartServiceImpl.java WorkbenchPage.java WorkbenchPage.java WorkbenchPage.java BusyIndicator.java WorkbenchPage.java WorkbenchPage.java WorkbenchPage.java IDE.java IDE.java OpenResourceHandler.java HandlerProxy.java E4HandlerProxy.java DelegatingMethodAccessorImpl.java Method.java MethodRequestor.java InjectorImpl.java InjectorImpl.java ContextInjectionFactory.java HandlerServiceHandler.java Command.java ParameterizedCommand.java HandlerServiceImpl.java KeyBindingDispatcher.java KeyBindingDispatcher.java KeyBindingDispatcher.java KeyBindingDispatcher.java KeyBindingDispatcher.java KeyBindingDispatcher.java EventTable.java Display.java Display.java Widget.java Widget.java Widget.java Widget.java Widget.java Control.java Display.java OS.java NSResponder.java Composite.java Display.java OS.java Widget.java Widget.java Shell.java Display.java OS.java Display.java Display.java OS.java NSApplication.java Display.java PartRenderingEngine.java Realm.java PartRenderingEngine.java E4Workbench.java Workbench.java Realm.java Workbench.java PlatformUI.java IDEApplication.java EclipseAppHandle.java EclipseAppLauncher.java EclipseAppLauncher.java EclipseStarter.java EclipseStarter.java NativeMethodAccessorImpl.java NativeMethodAccessorImpl.java DelegatingMethodAccessorImpl.java Method.java Main.java Main.java Main.java,NullPointerException in PublishLibraryAction.editLibrary,x86_64,2016-11-16T07:44:26.734Z
EditorInteractionMonitor.java AbstractEditorTracker.java PartService.java SafeRunner.java PartService.java WorkbenchPage.java SafeRunner.java WorkbenchPage.java CompatibilityPart.java UIEventHandler.java Synchronizer.java UISynchronizer.java Display.java E4Application.java UIEventHandler.java EventHandlerWrapper.java EventHandlerTracker.java EventHandlerTracker.java EventManager.java ListenerQueue.java EventAdminImpl.java EventAdminImpl.java EventComponent.java EventBroker.java UIEventPublisher.java BasicNotifierImpl.java PartImpl.java ContributedPartRenderer.java PartRenderingEngine.java PartRenderingEngine.java PartRenderingEngine.java PartRenderingEngine.java PartRenderingEngine.java SafeRunner.java PartRenderingEngine.java PartServiceImpl.java UIEventHandler.java Synchronizer.java UISynchronizer.java Display.java E4Application.java UIEventHandler.java EventHandlerWrapper.java EventHandlerTracker.java EventHandlerTracker.java EventManager.java ListenerQueue.java EventAdminImpl.java EventAdminImpl.java EventComponent.java EventBroker.java UIEventPublisher.java BasicNotifierImpl.java ElementContainerImpl.java ModelServiceImpl.java ModelServiceImpl.java PartServiceImpl.java PartServiceImpl.java PartServiceImpl.java WorkbenchPage.java WorkbenchPage.java WorkbenchPage.java BusyIndicator.java WorkbenchPage.java WorkbenchPage.java WorkbenchPage.java IDE.java IDE.java OpenResourceHandler.java HandlerProxy.java E4HandlerProxy.java DelegatingMethodAccessorImpl.java Method.java MethodRequestor.java InjectorImpl.java InjectorImpl.java ContextInjectionFactory.java HandlerServiceHandler.java Command.java ParameterizedCommand.java HandlerServiceImpl.java KeyBindingDispatcher.java KeyBindingDispatcher.java KeyBindingDispatcher.java KeyBindingDispatcher.java KeyBindingDispatcher.java KeyBindingDispatcher.java EventTable.java Display.java Display.java Widget.java Widget.java Widget.java Widget.java Widget.java Control.java Display.java OS.java NSResponder.java Composite.java Display.java OS.java Widget.java Widget.java Shell.java Display.java OS.java Display.java Display.java OS.java NSApplication.java Display.java PartRenderingEngine.java Realm.java PartRenderingEngine.java E4Workbench.java Workbench.java Realm.java Workbench.java PlatformUI.java IDEApplication.java EclipseAppHandle.java EclipseAppLauncher.java EclipseAppLauncher.java EclipseStarter.java EclipseStarter.java NativeMethodAccessorImpl.java NativeMethodAccessorImpl.java DelegatingMethodAccessorImpl.java Method.java Main.java Main.java Main.java,NullPointerException in EditorInteractionMonitor.editorOpened,x86_64,2016-09-19T08:39:43.135Z
FormEditor.java AbstractMultiPageEditor.java MultiPageReportEditor.java MultiPageEditorPart.java TypedListener.java EventTable.java Display.java Widget.java Widget.java Widget.java Widget.java CTabFolder.java CTabFolder.java CTabFolder.java EventTable.java Display.java Widget.java Widget.java Widget.java Widget.java Display.java Display.java PartRenderingEngine.java Realm.java PartRenderingEngine.java E4Workbench.java Workbench.java Realm.java Workbench.java PlatformUI.java IDEApplication.java EclipseAppHandle.java EclipseAppLauncher.java EclipseAppLauncher.java EclipseStarter.java EclipseStarter.java NativeMethodAccessorImpl.java NativeMethodAccessorImpl.java DelegatingMethodAccessorImpl.java Method.java Main.java Main.java Main.java,NullPointerException in FormEditor.pageChange,x86_64,2016-12-12T06:41:27.525Z
PublishTemplateAction.java PublishTemplateAction.java PluginAction.java PluginAction.java PluginAction.java SelectionService.java SelectionService.java SelectionService.java SelectionService.java SelectionAggregator.java SafeRunner.java SelectionAggregator.java SelectionAggregator.java SelectionAggregator.java RunAndTrack.java SelectionAggregator.java TrackableComputationExt.java EclipseContext.java EclipseContext.java SelectionServiceImpl.java CompatibilityPart.java Viewer.java SafeRunner.java JFaceUtil.java SafeRunnable.java Viewer.java StructuredViewer.java StructuredViewer.java StructuredViewer.java OpenStrategy.java OpenStrategy.java OpenStrategy.java EventTable.java Display.java Widget.java Widget.java Widget.java Widget.java Display.java Display.java Display.java OS.java Widget.java Widget.java Tree.java Widget.java Control.java Tree.java Display.java OS.java Widget.java Widget.java Shell.java Display.java OS.java Display.java Display.java OS.java NSApplication.java Display.java PartRenderingEngine.java Realm.java PartRenderingEngine.java E4Workbench.java Workbench.java Realm.java Workbench.java PlatformUI.java IDEApplication.java EclipseAppHandle.java EclipseAppLauncher.java EclipseAppLauncher.java EclipseStarter.java EclipseStarter.java NativeMethodAccessorImpl.java NativeMethodAccessorImpl.java DelegatingMethodAccessorImpl.java Method.java Main.java Main.java Main.java,NullPointerException in PublishTemplateAction.isEnable,x86_64,2016-11-16T07:44:26.926Z
WorkbenchPage.java WorkbenchPage.java WorkbenchPage.java WorkbenchPage.java WorkbenchPage.java BusyIndicator.java WorkbenchPage.java WorkbenchPage.java WorkbenchPage.java IDE.java IDE.java OpenFileAction.java OpenSystemEditorAction.java OpenActionGroup.java MainActionGroup.java ResourceNavigator.java ResourceNavigator.java OpenAndLinkWithEditorHelper.java StructuredViewer.java SafeRunner.java JFaceUtil.java SafeRunnable.java StructuredViewer.java StructuredViewer.java StructuredViewer.java OpenStrategy.java OpenStrategy.java OpenStrategy.java EventTable.java Display.java Widget.java Widget.java Widget.java Widget.java Display.java Display.java PartRenderingEngine.java Realm.java PartRenderingEngine.java E4Workbench.java Workbench.java Realm.java Workbench.java PlatformUI.java IDEApplication.java EclipseAppHandle.java EclipseAppLauncher.java EclipseAppLauncher.java EclipseStarter.java EclipseStarter.java NativeMethodAccessorImpl.java NativeMethodAccessorImpl.java DelegatingMethodAccessorImpl.java Method.java Main.java Main.java Main.java,NullPointerException in WorkbenchPage.checkEditor,x86_64,2016-12-05T13:31:52.760Z
RetargetAction.java PartService.java SafeRunner.java PartService.java WorkbenchPage.java SafeRunner.java WorkbenchPage.java WorkbenchPage.java WorkbenchPage.java PartServiceImpl.java SafeRunner.java PartServiceImpl.java PartServiceImpl.java PartServiceImpl.java AbstractPartRenderer.java StackRenderer.java EventTable.java Display.java Widget.java Widget.java Widget.java Shell.java Control.java Control.java Composite.java Control.java Display.java OS.java Widget.java Widget.java Shell.java Display.java OS.java Display.java Display.java OS.java NSApplication.java Display.java PartRenderingEngine.java Realm.java PartRenderingEngine.java E4Workbench.java Workbench.java Realm.java Workbench.java PlatformUI.java IDEApplication.java EclipseAppHandle.java EclipseAppLauncher.java EclipseAppLauncher.java EclipseStarter.java EclipseStarter.java NativeMethodAccessorImpl.java NativeMethodAccessorImpl.java DelegatingMethodAccessorImpl.java Method.java Main.java Main.java Main.java,NullPointerException in RetargetAction.partActivated,x86_64,2016-12-11T07:47:53.031Z
EditorRulerComposite.java EditorRulerComposite.java EditorRulerComposite.java EditorRulerComposite.java TypedListener.java EventTable.java Display.java Widget.java Widget.java Widget.java Widget.java Control.java Composite.java Widget.java Control.java Composite.java Widget.java Control.java Composite.java Widget.java Control.java Composite.java Widget.java Control.java Composite.java Widget.java Control.java Widget.java SWTPartRenderer.java ContributedPartRenderer.java PartRenderingEngine.java PartRenderingEngine.java PartRenderingEngine.java SafeRunner.java PartRenderingEngine.java PartRenderingEngine.java UIEventHandler.java Synchronizer.java UISynchronizer.java Display.java E4Application.java UIEventHandler.java EventHandlerWrapper.java EventHandlerTracker.java EventHandlerTracker.java EventManager.java ListenerQueue.java EventAdminImpl.java EventAdminImpl.java EventComponent.java EventBroker.java UIEventPublisher.java BasicNotifierImpl.java UIElementImpl.java PartServiceImpl.java PartServiceImpl.java StackRenderer.java StackRenderer.java StackRenderer.java CTabFolder.java CTabFolder.java EventTable.java Display.java Widget.java Widget.java Widget.java Widget.java Display.java Display.java PartRenderingEngine.java Realm.java PartRenderingEngine.java E4Workbench.java Workbench.java Realm.java Workbench.java PlatformUI.java IDEApplication.java EclipseAppHandle.java EclipseAppLauncher.java EclipseAppLauncher.java EclipseStarter.java EclipseStarter.java NativeMethodAccessorImpl.java NativeMethodAccessorImpl.java DelegatingMethodAccessorImpl.java Method.java Main.java Main.java Main.java,NullPointerException in EditorRulerComposite.getZoomManager,x86_64,2016-12-09T07:45:55.502Z
LogListener.java LogListener.java RuntimeLog.java PlatformLogWriter.java ExtendedLogReaderServiceFactory.java ExtendedLogReaderServiceFactory.java ExtendedLogReaderServiceFactory.java ExtendedLogServiceFactory.java ExtendedLogServiceImpl.java LoggerImpl.java Log.java RequestMonitor.java RequestMonitor.java RequestMonitor.java RequestMonitor.java RequestMonitor.java Executors.java FutureTask.java ScheduledThreadPoolExecutor.java ScheduledThreadPoolExecutor.java ThreadPoolExecutor.java ThreadPoolExecutor.java Thread.java,RuntimeException in RequestMonitor.handleError,x86_64,2016-12-13T07:48:47.773Z
Query.java GdbLaunchDelegate.java GdbLaunchDelegate.java GdbLaunchDelegate.java LaunchConfiguration.java LaunchConfiguration.java DebugUIPlugin.java DebugUIPlugin.java Worker.java,Exception in AbstractMIControl$RxThread.processMIOutput,x86_64,2016-12-13T07:48:51.942Z
SWT.java SWT.java SWT.java Widget.java Widget.java Widget.java AbstractFocusViewAction.java AbstractFocusViewAction.java AbstractFocusViewAction.java AbstractFocusViewAction.java InteractionContextManager.java SafeRunner.java InteractionContextManager.java TaskActivityMonitor.java TaskActivityManager.java TaskActivityManager.java TaskActivityManager.java ActivateTaskHandler.java AbstractTaskHandler.java AbstractTaskHandler.java AbstractTaskHandler.java AbstractTaskHandler.java HandlerProxy.java E4HandlerProxy.java DelegatingMethodAccessorImpl.java Method.java MethodRequestor.java InjectorImpl.java InjectorImpl.java ContextInjectionFactory.java HandlerServiceHandler.java Command.java ParameterizedCommand.java HandlerServiceImpl.java LegacyHandlerService.java TasksUiInternal.java TasksUiInternal.java TaskListCellModifier.java TaskListView.java TypedListener.java EventTable.java Display.java Widget.java Widget.java Widget.java Widget.java Display.java Display.java PartRenderingEngine.java Realm.java PartRenderingEngine.java E4Workbench.java Workbench.java Realm.java Workbench.java PlatformUI.java IDEApplication.java EclipseAppHandle.java EclipseAppLauncher.java EclipseAppLauncher.java EclipseStarter.java EclipseStarter.java NativeMethodAccessorImpl.java NativeMethodAccessorImpl.java DelegatingMethodAccessorImpl.java Method.java Main.java Main.java Main.java,SWTException below AbstractFocusViewAction.updateInterestFilter (thrown in Widget.checkWidget),x86_64,2016-10-27T00:37:02.317Z
GitScopeUtil.java GitScopeUtil.java DiscardChangesActionHandler.java DiscardChangesActionHandler.java RepositoryAction.java PluginAction.java ActionContributionItem.java ActionContributionItem.java ActionContributionItem.java EventTable.java Display.java Widget.java Widget.java Widget.java Widget.java Display.java Display.java PartRenderingEngine.java Realm.java PartRenderingEngine.java E4Workbench.java Workbench.java Realm.java Workbench.java PlatformUI.java IDEApplication.java EclipseAppHandle.java EclipseAppLauncher.java EclipseAppLauncher.java EclipseStarter.java EclipseStarter.java NativeMethodAccessorImpl.java NativeMethodAccessorImpl.java DelegatingMethodAccessorImpl.java Method.java Main.java Main.java Main.java,NullPointerException in GitScopeUtil.findRelatedChanges,x86_64,2016-11-16T17:58:34.175Z
SWT.java SWT.java SWT.java Widget.java Widget.java Tree.java TreeViewer.java TreeViewer.java AbstractTreeViewer.java AbstractTreeViewer.java StructuredViewer.java TreeViewer.java StructuredViewer.java StructuredViewer.java ColumnViewer.java StructuredViewer.java StructuredViewer.java ProblemTreeViewer.java AbstractFocusViewAction.java Workbench.java SafeRunner.java JFaceUtil.java SafeRunnable.java Workbench.java Workbench.java Workbench.java Workbench.java BusyIndicator.java Workbench.java Workbench.java QuitHandler.java HandlerProxy.java E4HandlerProxy.java DelegatingMethodAccessorImpl.java Method.java MethodRequestor.java InjectorImpl.java InjectorImpl.java ContextInjectionFactory.java HandlerServiceHandler.java Command.java ParameterizedCommand.java HandlerServiceImpl.java HandlerServiceImpl.java CocoaUIHandler.java CocoaUIHandler.java CocoaUIHandler.java TypedListener.java EventTable.java Display.java Widget.java Widget.java Widget.java MenuItem.java Display.java OS.java Display.java Display.java OS.java NSApplication.java Display.java PartRenderingEngine.java Realm.java PartRenderingEngine.java E4Workbench.java Workbench.java Realm.java Workbench.java PlatformUI.java IDEApplication.java EclipseAppHandle.java EclipseAppLauncher.java EclipseAppLauncher.java EclipseStarter.java EclipseStarter.java NativeMethodAccessorImpl.java NativeMethodAccessorImpl.java DelegatingMethodAccessorImpl.java Method.java Main.java Main.java Main.java,SWTException below ProblemTreeViewer.addFilter (thrown in Widget.checkWidget),x86_64,2016-09-19T08:39:43.337Z
LanguageSettingsExtensionManager.java LanguageSettingsProvidersSerializer.java LanguageSettingsProvidersSerializer.java LanguageSettingsProvidersSerializer.java XmlProjectDescriptionStorage.java XmlProjectDescriptionStorage.java CProjectDescriptionManager.java CProjectDescriptionManager.java CProjectDescriptionManager.java CProjectDescriptionManager.java CProjectDescriptionManager.java CoreModel.java ChangeBuildConfigActionBase.java BuildActiveConfigMenuAction.java PluginAction.java PluginAction.java PluginAction.java SelectionService.java SelectionService.java WorkbenchPage.java PartServiceImpl.java SafeRunner.java PartServiceImpl.java PartServiceImpl.java PartServiceImpl.java AbstractPartRenderer.java ContributedPartRenderer.java EventTable.java Display.java Widget.java Widget.java Widget.java Shell.java Control.java Control.java Composite.java Canvas.java Widget.java Control.java Display.java OS.java OS.java Display.java OS.java OS.java Display.java PartRenderingEngine.java Realm.java PartRenderingEngine.java E4Workbench.java Workbench.java Realm.java Workbench.java PlatformUI.java IDEApplication.java EclipseAppHandle.java EclipseAppLauncher.java EclipseAppLauncher.java EclipseStarter.java EclipseStarter.java NativeMethodAccessorImpl.java NativeMethodAccessorImpl.java DelegatingMethodAccessorImpl.java Method.java Main.java Main.java Main.java Main.java,CoreException in LanguageSettingsExtensionManager.instantiateProviderClass,x86_64,2016-12-13T11:19:00.628Z
XPathComputer.java XPathComputer.java XPathView.java XPathView.java XPathView.java XPathView.java SelectionService.java SelectionService.java WorkbenchPage.java PartServiceImpl.java SafeRunner.java PartServiceImpl.java PartServiceImpl.java PartServiceImpl.java PartServiceImpl.java PartServiceImpl.java PartServiceImpl.java StackRenderer.java StackRenderer.java StackRenderer.java CTabFolder.java CTabFolder.java EventTable.java Display.java Widget.java Display.java Display.java PartRenderingEngine.java Realm.java PartRenderingEngine.java E4Workbench.java Workbench.java Realm.java Workbench.java PlatformUI.java IDEApplication.java EclipseAppHandle.java EclipseAppLauncher.java EclipseAppLauncher.java EclipseStarter.java EclipseStarter.java Main.java Main.java Main.java Main.java,NullPointerException in XPathComputer.updateExpression,x86_64,2016-12-12T07:31:16.942Z
TeamAnchor.java TeamAnchor.java RoleTypeCreator.java RoleTypeCreator.java QualifiedTypeReference.java TypeReference.java TypeReference.java TypeReference.java TypeReference.java CastExpression.java ExplicitConstructorCall.java ConstructorDeclaration.java AbstractMethodDeclaration.java TypeDeclaration.java TypeDeclaration.java TypeDeclaration.java TypeDeclaration.java CompilationUnitDeclaration.java Dependencies.java Dependencies.java Dependencies.java Compiler.java ProcessTaskManager.java ProcessTaskManager.java ProcessTaskManager.java ProcessTaskManager.java ProcessTaskManager.java,ClassCastException in TeamAnchor.leafType,x86_64,2016-09-19T08:39:43.384Z
BaseGenerateAction.java PluginAction.java ActionContributionItem.java ActionContributionItem.java ActionContributionItem.java EventTable.java Display.java Widget.java Widget.java Widget.java Widget.java Display.java Display.java PartRenderingEngine.java Realm.java PartRenderingEngine.java E4Workbench.java Workbench.java Realm.java Workbench.java PlatformUI.java IDEApplication.java EclipseAppHandle.java EclipseAppLauncher.java EclipseAppLauncher.java EclipseStarter.java EclipseStarter.java NativeMethodAccessorImpl.java NativeMethodAccessorImpl.java DelegatingMethodAccessorImpl.java Method.java Main.java Main.java Main.java,IllegalStateException in GenerateCode.validateEPackages,x86_64,2016-11-27T07:47:41.493Z
LogListener.java LogListener.java RuntimeLog.java PlatformLogWriter.java ExtendedLogReaderServiceFactory.java ExtendedLogReaderServiceFactory.java ExtendedLogReaderServiceFactory.java ExtendedLogServiceFactory.java ExtendedLogServiceImpl.java LoggerImpl.java Log.java EclipseLogAppender.java EclipseLogAppender.java UnsynchronizedAppenderBase.java AppenderAttachableImpl.java Logger.java Logger.java Logger.java Logger.java Logger.java ProjectConfigurationManager.java ProjectConfigurationManager.java ProjectConfigurationManager.java MavenExecutionContext.java MavenExecutionContext.java MavenExecutionContext.java MavenImpl.java ProjectConfigurationManager.java ImportMavenProjectsJob.java AbstractCreateMavenProjectsOperation.java ImportMavenProjectsJob.java InternalWorkspaceJob.java Worker.java,RuntimeException in ProjectConfigurationManager.create,x86_64,2016-12-08T07:44:47.169Z
ModelingProjectWizard.java ModalContext.java,ResourceException below ModelingProjectManagerImpl$3.run (thrown in Resource.checkDoesNotExist),x86_64,2016-09-19T08:39:43.409Z
SemanticUtil.java ExpressionTypes.java CASTBinaryExpression.java CASTUnaryExpression.java CVisitor.java CVisitor.java CVisitor.java CVisitor.java CVisitor.java CVisitor.java CASTName.java PDOMWriter.java PDOMWriter.java AbstractIndexerTask.java AbstractIndexerTask.java AbstractIndexerTask.java AbstractIndexerTask.java PDOMIndexerTask.java PDOMRebuildTask.java PDOMIndexerJob.java Worker.java,NullPointerException in SemanticUtil.substituteTypedef,x86_64,2016-12-12T07:49:29.168Z
TeamAnchor.java TeamAnchor.java LocalDeclaration.java Block.java TryStatement.java AbstractMethodDeclaration.java MethodDeclaration.java AbstractMethodDeclaration.java TypeDeclaration.java TypeDeclaration.java CompilationUnitDeclaration.java Dependencies.java Dependencies.java Dependencies.java Compiler.java ProcessTaskManager.java ProcessTaskManager.java ProcessTaskManager.java ProcessTaskManager.java ProcessTaskManager.java,NullPointerException in TeamAnchor.getBestNameFromStat,x86_64,2016-09-19T08:39:43.421Z
AbstractJpaProject.java AbstractJpaProject.java InternalJpaProjectManager.java InternalJpaProjectManager.java InternalJpaProjectManager.java InternalJpaProjectManager.java InternalJpaProjectManager.java InternalJpaProjectManager.java DeltaProcessor.java SafeRunner.java DeltaProcessor.java DeltaProcessor.java DeltaProcessor.java JavaModelOperation.java JavaModelOperation.java CompilationUnit.java JavaReconcilingStrategy.java JavaReconcilingStrategy.java JavaReconcilingStrategy.java SafeRunner.java JavaReconcilingStrategy.java JavaReconcilingStrategy.java CompositeReconcilingStrategy.java JavaCompositeReconcilingStrategy.java MonoReconciler.java AbstractReconciler.java,NullPointerException in AbstractJpaProject.compilationUnitResourceExists,x86_64,2016-12-13T12:41:37.332Z
JavaBreakpointPage.java JavaBreakpointPage.java Workspace.java JavaBreakpointPage.java PreferenceDialog.java SafeRunner.java JFaceUtil.java SafeRunnable.java PreferenceDialog.java FilteredPreferenceDialog.java PreferenceDialog.java Dialog.java TypedListener.java EventTable.java Display.java Widget.java Display.java Display.java Window.java Window.java PropertyDialogAction.java Action.java ActionContributionItem.java ActionContributionItem.java ActionContributionItem.java EventTable.java Display.java Widget.java Display.java Display.java PartRenderingEngine.java Realm.java PartRenderingEngine.java E4Workbench.java Workbench.java Realm.java Workbench.java PlatformUI.java IDEApplication.java EclipseAppHandle.java EclipseAppLauncher.java EclipseAppLauncher.java EclipseStarter.java EclipseStarter.java Main.java Main.java Main.java,ClassCastException in JavaBreakpointPage.getBreakpoint,x86,2016-12-10T07:44:27.863Z
DefaultPluginDependenciesResolver.java EclipsePluginDependenciesResolver.java DefaultMavenPluginManager.java DefaultMavenPluginManager.java DefaultBuildPluginManager.java DefaultLifecycleExecutionPlanCalculator.java MavenImpl.java MavenImpl.java MavenImpl.java MavenExecutionContext.java MavenExecutionContext.java MavenImpl.java ProjectRegistryManager.java MavenProjectFacade.java AbstractCustomizableLifecycleMapping.java AbstractLifecycleMapping.java ProjectConfigurationManager.java ProjectConfigurationManager.java MavenExecutionContext.java MavenExecutionContext.java ProjectConfigurationManager.java ProjectConfigurationManager.java ProjectConfigurationManager.java ProjectConfigurationManager.java MavenExecutionContext.java MavenExecutionContext.java MavenExecutionContext.java MavenImpl.java ProjectConfigurationManager.java ImportMavenProjectsJob.java AbstractCreateMavenProjectsOperation.java ImportMavenProjectsJob.java InternalWorkspaceJob.java Worker.java,ModelBuildingException below DefaultRepositorySystem.readArtifactDescriptor (thrown in DefaultModelProblemCollector.newModelBuildingException),x86_64,2016-12-10T07:44:28.417Z
BasicEList.java AbstractEList.java ESuperAdapter.java BasicNotifierImpl.java NotificationImpl.java EGenericTypeImpl.java EClassImpl.java EClassImpl.java DelegatingEcoreEList.java DelegatingEList.java EFactoryImpl.java XMLHelperImpl.java XMLHelperImpl.java XMLHandler.java XMLHandler.java XMLHandler.java XMIHandler.java XMLHandler.java XMLHandler.java XMIHandler.java XMLHandler.java XMLHandler.java XMIHandler.java AbstractSAXParser.java AbstractXMLDocumentParser.java XMLDocumentFragmentScannerImpl.java XMLDocumentFragmentScannerImpl.java XMLDocumentScannerImpl.java XMLDocumentFragmentScannerImpl.java XML11Configuration.java XML11Configuration.java XMLParser.java AbstractSAXParser.java SAXParserImpl.java SAXParserImpl.java XMLLoadImpl.java XMLResourceImpl.java BaseResourceImpl.java ResourceImpl.java ResourceImpl.java ResourceMirror.java WorkerPool.java Worker.java,ArrayIndexOutOfBoundsException below BaseResourceImpl.doLoad (thrown in BasicEList.remove),x86_64,2016-09-19T08:39:43.448Z
CommitEditor.java CommitEditor.java CommitEditor.java SharedHeaderFormEditor.java MultiPageEditorPart.java CompatibilityPart.java CompatibilityEditor.java CompatibilityPart.java NativeMethodAccessorImpl.java NativeMethodAccessorImpl.java DelegatingMethodAccessorImpl.java Method.java MethodRequestor.java InjectorImpl.java InjectorImpl.java InjectorImpl.java InjectorImpl.java InjectorImpl.java ContextInjectionFactory.java ReflectionContributionFactory.java ReflectionContributionFactory.java ReflectionContributionFactory.java ContributedPartRenderer.java PartRenderingEngine.java PartRenderingEngine.java PartRenderingEngine.java PartRenderingEngine.java PartRenderingEngine.java SafeRunner.java PartRenderingEngine.java PartServiceImpl.java UIEventHandler.java Synchronizer.java UISynchronizer.java Display.java E4Application.java UIEventHandler.java EventHandlerWrapper.java EventHandlerTracker.java EventHandlerTracker.java EventManager.java ListenerQueue.java EventAdminImpl.java EventAdminImpl.java EventComponent.java EventBroker.java UIEventPublisher.java BasicNotifierImpl.java ElementContainerImpl.java StackRenderer.java TypedListener.java EventTable.java Display.java Widget.java Widget.java Widget.java Widget.java CTabFolder.java CTabFolder.java CTabFolder.java EventTable.java Display.java Widget.java Display.java Display.java PartRenderingEngine.java Realm.java PartRenderingEngine.java E4Workbench.java Workbench.java Realm.java Workbench.java PlatformUI.java IDEApplication.java EclipseAppHandle.java EclipseAppLauncher.java EclipseAppLauncher.java EclipseStarter.java EclipseStarter.java NativeMethodAccessorImpl.java NativeMethodAccessorImpl.java DelegatingMethodAccessorImpl.java Method.java Main.java Main.java Main.java Main.java,IllegalStateException in CommitEditor.getStashIndex,x86_64,2016-10-05T20:56:22.141Z
SWT.java SWT.java Synchronizer.java Display.java Display.java PartRenderingEngine.java Realm.java PartRenderingEngine.java E4Workbench.java Workbench.java Realm.java Workbench.java PlatformUI.java IDEApplication.java EclipseAppHandle.java EclipseAppLauncher.java EclipseAppLauncher.java EclipseStarter.java EclipseStarter.java Main.java Main.java Main.java Main.java,SWTException below AbstractAnnotationHover$AnnotationInformationControl.setFocus (thrown in Widget.checkWidget),x86_64,2016-12-13T07:49:02.237Z
ValueComputation.java EclipseContext.java EclipseContext.java HandlerServiceImpl.java E4HandlerProxy.java AbstractHandler.java HandlerProxy.java HandlerProxy.java AbstractHandler.java DebugCommandHandler.java DebugCommandHandler.java Workbench.java SafeRunner.java Workbench.java WorkbenchWindow.java TypedListener.java EventTable.java Display.java Widget.java Widget.java Widget.java Decorations.java Shell.java Control.java Canvas.java Decorations.java Shell.java Display.java OS.java Shell.java PerspectiveManager.java PerspectiveManager.java RunnableLock.java Synchronizer.java Display.java Display.java PartRenderingEngine.java Realm.java PartRenderingEngine.java E4Workbench.java Workbench.java Realm.java Workbench.java PlatformUI.java IDEApplication.java EclipseAppHandle.java EclipseAppLauncher.java EclipseAppLauncher.java EclipseStarter.java EclipseStarter.java Main.java Main.java Main.java,RuntimeException in ValueComputation.get,x86_64,2016-12-13T15:00:30.868Z
ASTProvider.java SharedASTProvider.java RFZWdRIX7kbjhieI Worker.java,IllegalArgumentException in ASTProvider.getAST,x86_64,2016-12-08T21:39:08.064Z
MethodRequestor.java InjectorImpl.java InjectorImpl.java InjectorImpl.java ContextInjectionFactory.java PartRenderingEngine.java PartServiceImpl.java PartServiceImpl.java AbstractPartRenderer.java ContributedPartRenderer.java EventTable.java Display.java Widget.java Widget.java Widget.java Shell.java Shell.java Control.java Canvas.java Decorations.java Shell.java Display.java OS.java OS.java Scrollable.java Control.java Display.java OS.java OS.java Scrollable.java Control.java Display.java OS.java OS.java Scrollable.java Control.java Display.java OS.java OS.java Scrollable.java Control.java Display.java OS.java OS.java Scrollable.java Control.java Display.java OS.java OS.java Scrollable.java Control.java Display.java OS.java OS.java Scrollable.java Control.java Display.java OS.java OS.java Scrollable.java Control.java Display.java OS.java OS.java Scrollable.java Control.java Display.java OS.java OS.java Scrollable.java Control.java Display.java OS.java OS.java Scrollable.java Control.java Display.java OS.java OS.java Scrollable.java Control.java Display.java OS.java OS.java Scrollable.java Control.java Display.java OS.java OS.java Scrollable.java Control.java Display.java OS.java OS.java Scrollable.java Control.java Display.java OS.java OS.java Scrollable.java Control.java Display.java OS.java OS.java Scrollable.java Control.java Display.java OS.java OS.java Scrollable.java Control.java Display.java OS.java OS.java Scrollable.java Control.java Canvas.java Display.java OS.java OS.java Scrollable.java Control.java Canvas.java Display.java OS.java OS.java Display.java PartRenderingEngine.java Realm.java PartRenderingEngine.java E4Workbench.java Workbench.java Realm.java Workbench.java PlatformUI.java IDEApplication.java EclipseAppHandle.java EclipseAppLauncher.java EclipseAppLauncher.java EclipseStarter.java EclipseStarter.java Main.java Main.java Main.java Main.java,SWTError below ActionBars.updateActionBars (thrown in ToolBar.createItem),x86_64,2016-12-02T17:30:44.360Z
LogListener.java LogListener.java RuntimeLog.java PlatformLogWriter.java ExtendedLogReaderServiceFactory.java ExtendedLogReaderServiceFactory.java ExtendedLogReaderServiceFactory.java ExtendedLogServiceFactory.java ExtendedLogServiceImpl.java LoggerImpl.java PlatformLogWriter.java RuntimeLog.java JobManager.java WorkerPool.java Worker.java,3rd party caused ResourceException below JobRunnableContext.run,x86_64,2016-12-13T03:40:11.031Z
XMLModelParser.java XMLModelParser.java XMLModelParser.java XMLModelParser.java DOMModelImpl.java BasicStructuredDocument.java BasicStructuredDocument.java BasicStructuredDocument.java BasicStructuredDocument.java BasicStructuredDocument.java JobSafeStructuredDocument.java JobSafeStructuredDocument.java SafeRunner.java EditorExecutionContext.java JobSafeStructuredDocument.java BasicStructuredDocument.java JobSafeStructuredDocument.java JobSafeStructuredDocument.java SafeRunner.java EditorExecutionContext.java JobSafeStructuredDocument.java ProjectionTextStore.java AbstractDocument.java AbstractDocument.java ProjectionDocument.java DefaultDocumentAdapter.java StyledText.java StyledText.java StyledText.java StyledText.java ProjectionViewer.java StructuredTextViewer.java TextOperationAction.java BusyIndicator.java TextOperationAction.java Action.java ActionHandler.java E4HandlerProxy.java MethodRequestor.java InjectorImpl.java InjectorImpl.java ContextInjectionFactory.java HandlerServiceHandler.java Command.java ParameterizedCommand.java HandlerServiceImpl.java KeyBindingDispatcher.java KeyBindingDispatcher.java KeyBindingDispatcher.java OutOfOrderListener.java EventTable.java Display.java Widget.java Widget.java Widget.java Widget.java Widget.java Widget.java Control.java Canvas.java Control.java Canvas.java Display.java OS.java OS.java Display.java PartRenderingEngine.java Realm.java PartRenderingEngine.java E4Workbench.java Workbench.java Realm.java Workbench.java PlatformUI.java IDEApplication.java EclipseAppHandle.java EclipseAppLauncher.java EclipseAppLauncher.java EclipseStarter.java EclipseStarter.java Main.java Main.java Main.java,StructuredDocumentRegionManagementException below BasicStructuredDocument._fireEvent (thrown in XMLModelParser.removeStructuredDocumentRegion),x86_64,2016-12-13T14:15:33.048Z
JEE5ModelProvider.java Web25ModelProvider.java JEE5ModelProvider.java AbstractMergedModelProvider.java AbstractMergedModelProvider.java AbstractMergedModelProvider.java Workspace.java AbstractMergedModelProvider.java AbstractMergedModelProvider.java AbstractMergedModelProvider.java Web25ContentProvider.java LoadingJeeDDJob.java Worker.java,NullPointerException in JEE5ModelProvider.getModelResource,x86_64,2016-12-13T13:34:01.643Z
SWT.java SWT.java Synchronizer.java Display.java Display.java PartRenderingEngine.java Realm.java PartRenderingEngine.java E4Workbench.java Workbench.java Realm.java Workbench.java PlatformUI.java IDEApplication.java EclipseAppHandle.java EclipseAppLauncher.java EclipseAppLauncher.java EclipseStarter.java EclipseStarter.java Main.java Main.java Main.java,NullPointerException below SnipmatchCompletionEngine$1.hide (thrown in ContentAssistant.uninstallVerifyKeyListener),x86,2016-09-19T08:39:43.704Z
JavaModelOperation.java JavaProject.java JavaProject.java JavaProject.java CopyPackageFragmentRootOperation.java MovePackageFragmentRootOperation.java JavaModelOperation.java Workspace.java JavaModelOperation.java PackageFragmentRoot.java MovePackageFragmentRootChange.java PackageFragmentRootReorgChange.java CompositeChange.java DynamicValidationStateChange.java DynamicValidationStateChange.java BatchOperation.java JavaModelOperation.java Workspace.java JavaCore.java DynamicValidationStateChange.java JavaMoveProcessor.java CompositeChange.java PerformChangeOperation.java Workspace.java PerformChangeOperation.java PerformChangeOperation.java RefactoringExecutionHelper.java BatchOperation.java JavaModelOperation.java Workspace.java JavaCore.java WorkbenchRunnableAdapter.java ModalContext.java ModalContext.java WorkbenchWindow.java BusyIndicator.java WorkbenchWindow.java RefactoringExecutionHelper.java RefactoringExecutionHelper.java ReorgMoveStarter.java SelectionTransferDropAdapter.java SelectionTransferDropAdapter.java JdtViewerDropAdapter.java DelegatingDropAdapter.java SafeRunner.java JFaceUtil.java SafeRunnable.java DelegatingDropAdapter.java DNDListener.java EventTable.java Display.java Widget.java Widget.java Widget.java Widget.java DropTarget.java DropTarget.java DropTarget.java COMObject.java COM.java DragSource.java DragSource.java DragSource.java EventTable.java Display.java Widget.java Display.java Display.java PartRenderingEngine.java Realm.java PartRenderingEngine.java E4Workbench.java Workbench.java Realm.java Workbench.java PlatformUI.java IDEApplication.java EclipseAppHandle.java EclipseAppLauncher.java EclipseAppLauncher.java EclipseStarter.java EclipseStarter.java Main.java Main.java Main.java,JavaModelException below CompositeChange.perform (thrown in JavaModelOperation.runOperation),x86_64,2016-12-13T06:35:11.200Z
StandInStacktraceProvider.java LogListener.java RuntimeLog.java PlatformLogWriter.java ExtendedLogReaderServiceFactory.java ExtendedLogReaderServiceFactory.java ExtendedLogReaderServiceFactory.java ExtendedLogServiceFactory.java ExtendedLogServiceImpl.java LoggerImpl.java Log.java Logs.java ProposalUtils.java Sya0+zWoeiH/nbZp IntelligentCompletionProposalComputer.java IntelligentCompletionProposalComputer.java CompletionProposalComputerDescriptor.java CompletionProposalCategory.java ContentAssistProcessor.java ContentAssistProcessor.java ContentAssistant.java CompletionProposalPopup.java CompletionProposalPopup.java CompletionProposalPopup.java BusyIndicator.java CompletionProposalPopup.java ContentAssistant.java CompilationUnitEditor.java ContentAssistAction.java BusyIndicator.java ContentAssistAction.java Action.java ActionHandler.java E4HandlerProxy.java DelegatingMethodAccessorImpl.java Method.java MethodRequestor.java InjectorImpl.java InjectorImpl.java ContextInjectionFactory.java HandlerServiceHandler.java Command.java ParameterizedCommand.java HandlerServiceImpl.java KeyBindingDispatcher.java KeyBindingDispatcher.java KeyBindingDispatcher.java KeyBindingDispatcher.java KeyBindingDispatcher.java KeyBindingDispatcher.java EventTable.java Display.java Widget.java Widget.java Widget.java Widget.java Widget.java Control.java Composite.java Widget.java Control.java Display.java OS.java OS.java Display.java OS.java OS.java Display.java PartRenderingEngine.java Realm.java PartRenderingEngine.java E4Workbench.java Workbench.java Realm.java Workbench.java PlatformUI.java IDEApplication.java EclipseAppHandle.java EclipseAppLauncher.java EclipseAppLauncher.java EclipseStarter.java EclipseStarter.java NativeMethodAccessorImpl.java NativeMethodAccessorImpl.java DelegatingMethodAccessorImpl.java Method.java Main.java Main.java Main.java Main.java,NoStackTrace in ProposalUtils.toMethodName,x86_64,2016-09-19T08:39:44.046Z
LocalCache.java LocalCache.java LocalCache.java LocalCache.java EclipseProjectCoordinateAdvisorService.java KRSJeALeARO3s+u1 IdcmtrcZC3QFLLbR kMtJVg1WpG92TgVJ Repositories.java SnippetsView.java Worker.java,IllegalArgumentException in Fingerprints.hashFile,x86,2016-12-13T11:34:49.032Z
JavaCore.java JavaCore.java JavaRuntime.java VMLibraryBlock.java VMLibraryBlock.java VMLibraryBlock.java StructuredViewer.java SafeRunner.java JFaceUtil.java SafeRunnable.java StructuredViewer.java AbstractTreeViewer.java StructuredViewer.java OpenStrategy.java OpenStrategy.java OpenStrategy.java EventTable.java Display.java Widget.java Display.java Display.java Window.java Window.java InstalledJREsBlock.java InstalledJREsBlock.java InstalledJREsBlock.java EventTable.java Display.java Widget.java Display.java Display.java Window.java Window.java WorkbenchPreferenceDialog.java OpenPreferencesAction.java Action.java ActionContributionItem.java ActionContributionItem.java ActionContributionItem.java EventTable.java Display.java Widget.java Display.java Display.java PartRenderingEngine.java Realm.java PartRenderingEngine.java E4Workbench.java Workbench.java Realm.java Workbench.java PlatformUI.java IDEApplication.java EclipseAppHandle.java EclipseAppLauncher.java EclipseAppLauncher.java EclipseStarter.java EclipseStarter.java NativeMethodAccessorImpl.java NativeMethodAccessorImpl.java DelegatingMethodAccessorImpl.java Method.java Main.java Main.java Main.java Main.java,AssertionFailedException below JavaRuntime.newArchiveRuntimeClasspathEntry (thrown in JavaCore.newLibraryEntry),x86_64,2016-12-11T07:48:23.055Z
T8mSKuACSORqdOaS Lpl3ndOGI5UCsUGJ bt2GxJzOmFgq+0GC JhufzXjDFDQsoPrY VowbSyQ5xzgwoAr1 jaE11tLD3BV0UpQU VPniBrSqBIJEvGOb Y9IbPEJo6JIoeuPY YywzxQ75zQF36MHk Compiler.java i1ALpVfd2vetTBR8 c5nkH3MqjzW0gsH7 fhxFxLFoKHEqsAXn Mp7pGTwFjSrkKhS0 cOdtEB9f5ITL0AtX asvpAlsTXF8n9qU6 Fvd339bHLgDQpu0w lS5JkRDWTzIi/D7A W6kXSXMtJ3KzTEE2 h/TGivTGbX8S3Vd/ EXPmH7qQ77Vk1pFD kQcp+N2mNrCc1p4T AbstractFaceletValidationStrategy.java HTMLValidator.java Validator.java ValManager.java ValManager.java ValManager.java ValManager.java ValBuilderJob.java Resource.java Resource.java ElementTreeIterator.java ElementTreeIterator.java ElementTreeIterator.java ElementTreeIterator.java ElementTreeIterator.java ElementTreeIterator.java ElementTreeIterator.java Resource.java Resource.java Resource.java Resource.java ValBuilderJob.java ValBuilderJob.java ValBuilderJob.java InternalWorkspaceJob.java Worker.java,3rd party caused AssertionError below AbstractFaceletValidationStrategy.validateFile,x86_64,2016-11-24T07:46:41.735Z
LibraryProviderFrameworkImpl.java LibraryProviderFramework.java UserLibraryProviderInstallOperationConfig.java UserLibraryProviderInstallOperationConfig.java WtpUserLibraryProviderInstallOperationConfig.java LibraryProviderInstallOperationConfig.java LibraryProvider.java LibraryInstallDelegate.java LibraryInstallDelegate.java ProjectListenerRegistry.java FacetedProject.java FacetedProject.java FacetedProject.java FacetedProjectFrameworkImpl.java NotificationManager.java SafeRunner.java NotificationManager.java NotificationManager.java Workspace.java Workspace.java SaveManager.java SaveManager.java Project.java CloseResourceAction.java WorkspaceAction.java WorkspaceAction.java InternalWorkspaceJob.java Worker.java,NullPointerException in LibraryProviderFrameworkImpl.getCurrentProvider,x86_64,2016-12-13T13:04:17.212Z
CDebugUtils.java CDebugUtils.java LocalCDILaunchDelegate.java LocalCDILaunchDelegate.java LaunchConfiguration.java LaunchConfiguration.java DebugUIPlugin.java DebugUIPlugin.java Worker.java,FileNotFoundException in CDebugUtils.verifyProgramPath,x86,2016-12-13T07:49:27.507Z
ASTNode.java ASTConverter.java ASTConverter.java ASTConverter.java ASTConverter.java ASTConverter.java ASTConverter.java ASTConverter.java ASTConverter.java AST.java CompilationUnit.java Openable.java JavaElement.java CompilationUnit.java ReconcileWorkingCopyOperation.java ReconcileWorkingCopyOperation.java JavaModelOperation.java JavaModelOperation.java CompilationUnit.java JavaReconcilingStrategy.java SafeRunner.java JavaReconcilingStrategy.java JavaReconcilingStrategy.java CompositeReconcilingStrategy.java JavaCompositeReconcilingStrategy.java MonoReconciler.java JavaReconciler.java AbstractReconciler.java,IllegalArgumentException in ASTNode.setSourceRange,x86_64,2016-12-13T13:29:47.586Z
ReleaseManager.java ReleaseManager.java VersionBuilder.java VersionBuilder.java Element.java Element.java VersionBuilder.java VersionBuilder.java BuildManager.java SafeRunner.java BuildManager.java BuildManager.java BuildManager.java SafeRunner.java BuildManager.java BuildManager.java BuildManager.java AutoBuildJob.java AutoBuildJob.java Worker.java,IllegalStateException in ReleaseManager.createElement,x86_64,2016-10-26T13:37:57.069Z
CompletionProposalCollector.java FillArgumentNamesCompletionProposalCollector.java ProposalCollectingCompletionRequestor.java ProposalCollectingCompletionRequestor.java SubwordsSessionProcessor.java SubwordsSessionProcessor.java SubwordsSessionProcessor.java IntelligentCompletionProposalComputer.java IntelligentCompletionProposalComputer.java CompletionProposalComputerDescriptor.java CompletionProposalCategory.java ContentAssistProcessor.java ContentAssistProcessor.java ContentAssistant.java CompletionProposalPopup.java CompletionProposalPopup.java CompletionProposalPopup.java BusyIndicator.java CompletionProposalPopup.java ContentAssistant.java RunnableLock.java Synchronizer.java Display.java Display.java PartRenderingEngine.java Realm.java PartRenderingEngine.java E4Workbench.java Workbench.java Realm.java Workbench.java PlatformUI.java IDEApplication.java EclipseAppHandle.java EclipseAppLauncher.java EclipseAppLauncher.java EclipseStarter.java EclipseStarter.java Main.java Main.java Main.java,NullPointerException in CompletionProposalCollector.<init>,x86_64,2016-09-19T08:39:44.139Z
Policy.java LocalFile.java FileSystemResourceManager.java File.java Util.java CompilationUnit.java Parser.java Parser.java Parser.java SourceTypeConverter.java SourceTypeConverter.java HierarchyResolver.java LookupEnvironment.java PackageBinding.java CompilationUnitScope.java CompilationUnitScope.java CompilationUnitScope.java Scope.java Scope.java ParameterizedQualifiedTypeReference.java ParameterizedQualifiedTypeReference.java ParameterizedQualifiedTypeReference.java TypeReference.java ParameterizedSingleTypeReference.java ParameterizedSingleTypeReference.java ParameterizedSingleTypeReference.java TypeReference.java TypeReference.java ClassScope.java ClassScope.java ClassScope.java CompilationUnitScope.java LookupEnvironment.java HierarchyResolver.java LookupEnvironment.java PackageBinding.java CompilationUnitScope.java CompilationUnitScope.java CompilationUnitScope.java CompilationUnitScope.java HierarchyResolver.java HierarchyResolver.java HierarchyBuilder.java IndexBasedHierarchyBuilder.java TypeHierarchy.java TypeHierarchy.java CreateTypeHierarchyOperation.java JavaModelOperation.java JavaModelOperation.java SourceType.java SourceType.java SuperTypeHierarchyCache.java SuperTypeHierarchyCache.java SuperTypeHierarchyCache.java OverrideIndicatorLabelDecorator.java OverrideIndicatorLabelDecorator.java OverrideIndicatorLabelDecorator.java LightweightDecoratorDefinition.java LightweightDecoratorManager.java SafeRunner.java LightweightDecoratorManager.java LightweightDecoratorManager.java DecorationScheduler.java DecorationScheduler.java Worker.java,FileNotFoundException below Util.getResourceContentsAsCharArray (thrown in FileInputStream.open),x86_64,2016-12-13T12:49:36.942Z
RegistryStrategyOSGI.java RegistryStrategyOSGI.java ExtensionRegistry.java ConfigurationElement.java ConfigurationElementHandle.java CompletionProposalComputerDescriptor.java CompletionProposalComputerDescriptor.java CompletionProposalComputerDescriptor.java CompletionProposalCategory.java ContentAssistProcessor.java ContentAssistant.java ContentAssistant.java ContentAssistant.java ContentAssistant.java RunnableLock.java Synchronizer.java Display.java Display.java PartRenderingEngine.java Realm.java PartRenderingEngine.java E4Workbench.java Workbench.java Realm.java Workbench.java PlatformUI.java IDEApplication.java EclipseAppHandle.java EclipseAppLauncher.java EclipseAppLauncher.java EclipseStarter.java EclipseStarter.java NativeMethodAccessorImpl.java NativeMethodAccessorImpl.java DelegatingMethodAccessorImpl.java Method.java Main.java Main.java Main.java,3rd party caused ClassNotFoundException below InjectionService.getInjector,x86_64,2016-09-19T08:39:44.161Z
RemediationGroup.java RemediationGroup.java EventTable.java Display.java Widget.java Display.java Display.java Window.java Window.java ProvisioningUI.java ProvisioningUI.java InstallNewSoftwareHandler.java PreloadingRepositoryHandler.java PreloadingRepositoryHandler.java BusyIndicator.java PreloadingRepositoryHandler.java HandlerProxy.java E4HandlerProxy.java NativeMethodAccessorImpl.java NativeMethodAccessorImpl.java DelegatingMethodAccessorImpl.java Method.java MethodRequestor.java InjectorImpl.java InjectorImpl.java ContextInjectionFactory.java HandlerServiceHandler.java Command.java ParameterizedCommand.java HandlerServiceImpl.java HandledContributionItem.java HandledContributionItem.java HandledContributionItem.java HandledContributionItem.java EventTable.java Display.java Widget.java Display.java Display.java PartRenderingEngine.java Realm.java PartRenderingEngine.java E4Workbench.java Workbench.java Realm.java Workbench.java PlatformUI.java IDEApplication.java EclipseAppHandle.java EclipseAppLauncher.java EclipseAppLauncher.java EclipseStarter.java EclipseStarter.java NativeMethodAccessorImpl.java NativeMethodAccessorImpl.java DelegatingMethodAccessorImpl.java Method.java Main.java Main.java Main.java Main.java,NullPointerException in RemediationGroup.searchRemedyMatchingUserChoices,x86_64,2016-12-13T06:20:44.736Z
LogListener.java LogListener.java RuntimeLog.java PlatformLogWriter.java ExtendedLogReaderServiceFactory.java ExtendedLogReaderServiceFactory.java ExtendedLogReaderServiceFactory.java ExtendedLogServiceFactory.java ExtendedLogServiceImpl.java LoggerImpl.java Log.java FacetCorePlugin.java FacetCorePlugin.java ProblemLog.java ProblemLog.java FacetedProjectFrameworkImpl.java FacetedProjectFrameworkImpl.java FacetedProjectFrameworkImpl.java FacetedProjectFrameworkImpl.java FacetedProjectFramework.java FacetedProjectFramework.java B6kBK7n4gD9fwrqp a1yBUgszzsV8IsaW Worker.java,RuntimeException in ProblemLog.reportMissingFacet,x86_64,2016-12-13T07:49:37.115Z
MavenPomEditorPage.java MavenPomEditorPage.java OverviewPage.java WrappedViewerLabelProvider.java WrappedViewerLabelProvider.java ViewerColumn.java AbstractTableViewer.java StructuredViewer.java SafeRunner.java JFaceUtil.java SafeRunnable.java StructuredViewer.java AbstractTableViewer.java AbstractTableViewer.java AbstractTableViewer.java AbstractTableViewer.java AbstractTableViewer.java StructuredViewer.java StructuredViewer.java AbstractTableViewer.java ContentViewer.java StructuredViewer.java ListEditorComposite.java OverviewPage.java OverviewPage.java OverviewPage.java PomEdits.java OverviewPage.java RunnableLock.java Synchronizer.java Display.java Display.java PartRenderingEngine.java Realm.java PartRenderingEngine.java E4Workbench.java Workbench.java Realm.java Workbench.java PlatformUI.java IDEApplication.java EclipseAppHandle.java EclipseAppLauncher.java EclipseAppLauncher.java EclipseStarter.java EclipseStarter.java NativeMethodAccessorImpl.java NativeMethodAccessorImpl.java DelegatingMethodAccessorImpl.java Method.java Main.java Main.java Main.java,NullPointerException in MavenPomEditorPage.findModuleProject,x86_64,2016-12-13T07:54:20.221Z
StandInStacktraceProvider.java LogListener.java RuntimeLog.java PlatformLogWriter.java ExtendedLogReaderServiceFactory.java ExtendedLogReaderServiceFactory.java ExtendedLogReaderServiceFactory.java ExtendedLogServiceFactory.java ExtendedLogServiceImpl.java LoggerImpl.java Log.java WorkbenchPlugin.java HandlerProxy.java HandlerProxy.java E4HandlerProxy.java DelegatingMethodAccessorImpl.java Method.java MethodRequestor.java InjectorImpl.java InjectorImpl.java ContextInjectionFactory.java HandlerServiceHandler.java Command.java HandlerServiceImpl.java MenuManagerRendererFilter.java MenuManagerShowProcessor.java MenuManagerShowProcessor.java MenuManagerEventHelper.java MenuManager.java MenuManager.java MenuManager.java TypedListener.java EventTable.java Display.java Widget.java Widget.java Widget.java Menu.java Display.java OS.java Display.java Display.java OS.java NSApplication.java Display.java PartRenderingEngine.java Realm.java PartRenderingEngine.java E4Workbench.java Workbench.java Realm.java Workbench.java PlatformUI.java IDEApplication.java EclipseAppHandle.java EclipseAppLauncher.java EclipseAppLauncher.java EclipseStarter.java EclipseStarter.java NativeMethodAccessorImpl.java NativeMethodAccessorImpl.java DelegatingMethodAccessorImpl.java Method.java Main.java Main.java Main.java,NoStackTrace in HandlerProxy.loadHandler,x86_64,2016-12-13T07:49:39.714Z
ASMEMFModelElement.java ASMOperation.java ASMOperation.java ASMOclAny.java ASMOclAny.java ASMOperation.java ASMOperation.java ASMOperation.java ASMOclAny.java ASMOclAny.java ASMOperation.java ASMOperation.java ASMInterpreter.java AtlLauncher.java AtlLauncher.java AtlLauncher.java AtlLaunchHelper.java AtlLaunchHelper.java KdmToUmlConverter.java KdmToUmlConverter.java DiscoverUmlModelFromKdmModel.java DiscoverUmlModelFromKdmModel.java AbstractDiscoverer.java AbstractModelDiscoverer.java MoDiscoMenuSelectionListener.java MoDiscoMenuSelectionListener.java Worker.java,ClassCastException below ASMEMFModelElement.set (thrown in EStructuralFeatureImpl$InternalSettingDelegateSingleEObject.dynamicSet),x86_64,2016-09-19T08:39:44.272Z
SnippetCodeBuilder.java R/sgyrE5UjpHdsPn egymlYQzPZ5iJuJT Worker.java,NullPointerException in SnippetCodeBuilder.build,x86_64,2016-09-19T08:39:44.278Z
Assert.java Assert.java BuildCommand.java BuildManager.java BuildManager.java BuildManager.java BuildManager.java SafeRunner.java BuildManager.java BuildManager.java BuildManager.java AutoBuildJob.java AutoBuildJob.java Worker.java,AssertionFailedException in BuildCommand.addBuilder,x86_64,2016-12-12T20:28:15.157Z
S+EPHW5QuM/arpRC FzG78FVURmiAvZ/z DDxC7RDXc9lVbZ8m aDZnyqPjObVYPPJo T4/zpAuX+MmEv797 PDK5bU8zlV45E4Qy XLUs10PxqJxGqhyc YqPW6WiCksxCLoXQ be/y/QxK6vUgIePN SourceViewer.java JavaSourceViewer.java AbstractTextEditor.java StatusTextEditor.java AbstractDecoratedTextEditor.java JavaEditor.java CompilationUnitEditor.java PZCedj1yRodJK4b9 B1xFguYCyzJfOc5B GC+WKgoYNeoI4ab5 CompatibilityPart.java CompatibilityEditor.java CompatibilityPart.java NativeMethodAccessorImpl.java NativeMethodAccessorImpl.java DelegatingMethodAccessorImpl.java Method.java MethodRequestor.java InjectorImpl.java InjectorImpl.java InjectorImpl.java InjectorImpl.java InjectorImpl.java ContextInjectionFactory.java ReflectionContributionFactory.java ReflectionContributionFactory.java ReflectionContributionFactory.java ContributedPartRenderer.java PartRenderingEngine.java PartRenderingEngine.java PartRenderingEngine.java PartRenderingEngine.java PartRenderingEngine.java SafeRunner.java PartRenderingEngine.java PartServiceImpl.java UIEventHandler.java Synchronizer.java UISynchronizer.java Display.java E4Application.java UIEventHandler.java EventHandlerWrapper.java EventHandlerTracker.java EventHandlerTracker.java EventManager.java ListenerQueue.java EventAdminImpl.java EventAdminImpl.java EventComponent.java EventBroker.java UIEventPublisher.java BasicNotifierImpl.java ElementContainerImpl.java ModelServiceImpl.java ModelServiceImpl.java PartServiceImpl.java PartServiceImpl.java PartServiceImpl.java WorkbenchPage.java WorkbenchPage.java WorkbenchPage.java BusyIndicator.java WorkbenchPage.java WorkbenchPage.java OpenWithMenu.java OpenWithMenu.java EventTable.java Display.java Widget.java Display.java Display.java PartRenderingEngine.java Realm.java PartRenderingEngine.java E4Workbench.java Workbench.java Realm.java Workbench.java PlatformUI.java IDEApplication.java EclipseAppHandle.java EclipseAppLauncher.java EclipseAppLauncher.java EclipseStarter.java EclipseStarter.java NativeMethodAccessorImpl.java NativeMethodAccessorImpl.java DelegatingMethodAccessorImpl.java Method.java Main.java Main.java Main.java Main.java,3rd party caused ClassCastException below JavaSourceViewer.configure,x86_64,2016-11-23T07:42:56.307Z
FileEditorInput.java DelegatingSourceValidatorForXSL.java ReconcileStepForValidator.java ReconcileStepForValidator.java AbstractReconcileStep.java ValidatorStrategy.java DocumentRegionProcessor.java StructuredRegionProcessor.java DirtyRegionProcessor.java,IllegalArgumentException in FileEditorInput.<init>,x86_64,2016-12-10T18:27:22.985Z
HashtableOfObject.java ConstantPool.java ClassFile.java ClassFilePool.java ClassFile.java TypeDeclaration.java TypeDeclaration.java CompilationUnitDeclaration.java Compiler.java CompilationUnitResolver.java CompilationUnitResolver.java ASTParser.java ASTBatchParser.java XXYI7X2tJy7O/ujJ JavaCompilationParticipant.java CpSdp+z/z/fiVlnq Worker.java,OutOfMemoryError in HashtableOfObject.<init>,x86_64,2016-12-13T11:43:43.370Z
Synchronizer.java Display.java Display.java PartRenderingEngine.java Realm.java PartRenderingEngine.java E4Workbench.java Workbench.java Realm.java Workbench.java PlatformUI.java IDEApplication.java EclipseAppHandle.java EclipseAppLauncher.java EclipseAppLauncher.java EclipseStarter.java EclipseStarter.java NativeMethodAccessorImpl.java NativeMethodAccessorImpl.java DelegatingMethodAccessorImpl.java Method.java Main.java Main.java Main.java,NullPointerException in ContentMergeViewer$ContentMergeViewerLayout.layout,x86_64,2016-12-13T11:40:07.373Z
ListenerList.java DiffNode.java SaveableCompareEditorInput.java CompareEditorInput.java TypedListener.java EventTable.java Display.java Widget.java Widget.java Widget.java Widget.java Control.java Composite.java Widget.java Control.java Composite.java Widget.java Control.java Composite.java Widget.java Control.java Composite.java Widget.java Control.java Composite.java Widget.java Control.java Composite.java Widget.java Control.java Widget.java SWTPartRenderer.java ContributedPartRenderer.java PartRenderingEngine.java PartRenderingEngine.java PartRenderingEngine.java SafeRunner.java PartRenderingEngine.java PartRenderingEngine.java UIEventHandler.java Synchronizer.java UISynchronizer.java Display.java E4Application.java UIEventHandler.java EventHandlerWrapper.java EventHandlerTracker.java EventHandlerTracker.java EventManager.java ListenerQueue.java EventAdminImpl.java EventAdminImpl.java EventComponent.java EventBroker.java UIEventPublisher.java BasicNotifierImpl.java UIElementImpl.java PartServiceImpl.java WorkbenchPage.java WorkbenchPage.java WorkbenchPage.java WorkbenchPage.java CloseEditorHandler.java HandlerProxy.java E4HandlerProxy.java DelegatingMethodAccessorImpl.java Method.java MethodRequestor.java InjectorImpl.java InjectorImpl.java ContextInjectionFactory.java HandlerServiceHandler.java Command.java ParameterizedCommand.java HandlerServiceImpl.java KeyBindingDispatcher.java KeyBindingDispatcher.java KeyBindingDispatcher.java KeyBindingDispatcher.java KeyBindingDispatcher.java KeyBindingDispatcher.java EventTable.java Display.java Display.java Widget.java Widget.java Widget.java Widget.java Widget.java Canvas.java Control.java Display.java OS.java NSResponder.java Composite.java Display.java OS.java Widget.java Widget.java Shell.java Display.java OS.java Display.java Display.java OS.java NSApplication.java Display.java PartRenderingEngine.java Realm.java PartRenderingEngine.java E4Workbench.java Workbench.java Realm.java Workbench.java PlatformUI.java IDEApplication.java EclipseAppHandle.java EclipseAppLauncher.java EclipseAppLauncher.java EclipseStarter.java EclipseStarter.java NativeMethodAccessorImpl.java NativeMethodAccessorImpl.java DelegatingMethodAccessorImpl.java Method.java Main.java Main.java Main.java,IllegalArgumentException below DiffNode.removeCompareInputChangeListener (thrown in ListenerList.remove),x86_64,2016-12-13T14:59:15.526Z
AbstractDocument.java SynchronizableDocument.java SemanticHighlightingPresenter.java SemanticHighlightingPresenter.java RunnableLock.java Synchronizer.java Display.java Display.java PartRenderingEngine.java Realm.java PartRenderingEngine.java E4Workbench.java Workbench.java Realm.java Workbench.java PlatformUI.java IDEApplication.java EclipseAppHandle.java EclipseAppLauncher.java EclipseAppLauncher.java EclipseStarter.java EclipseStarter.java Main.java Main.java Main.java,BadPositionCategoryException below SemanticHighlightingPresenter.updatePresentation (thrown in AbstractDocument.addPosition),x86_64,2016-12-13T07:49:57.696Z
AbstractDocument.java SemanticHighlightingPresenter.java SemanticHighlightingPresenter.java TextViewer.java TextViewer.java SourceViewer.java ProjectionViewer.java SourceViewer.java TextViewer.java SourceViewer.java ProjectionViewer.java JavaSourceViewer.java TextViewer.java TypedListener.java EventTable.java Display.java Widget.java Widget.java Widget.java Widget.java StyledText.java StyledText.java EventTable.java Display.java Widget.java Widget.java Widget.java Widget.java Composite.java Canvas.java Widget.java Composite.java Widget.java Composite.java Widget.java Composite.java Widget.java Composite.java Widget.java Composite.java Widget.java Composite.java Widget.java Widget.java SWTPartRenderer.java ContributedPartRenderer.java PartRenderingEngine.java PartRenderingEngine.java PartRenderingEngine.java SafeRunner.java PartRenderingEngine.java PartRenderingEngine.java UIEventHandler.java Synchronizer.java UISynchronizer.java Display.java E4Application.java UIEventHandler.java EventHandlerWrapper.java EventHandlerTracker.java EventHandlerTracker.java EventManager.java ListenerQueue.java EventAdminImpl.java EventAdminImpl.java EventComponent.java EventBroker.java UIEventPublisher.java BasicNotifierImpl.java UIElementImpl.java PartServiceImpl.java WorkbenchPage.java WorkbenchPage.java WorkbenchPage.java WorkbenchPage.java CloseAllHandler.java HandlerProxy.java E4HandlerProxy.java MethodRequestor.java InjectorImpl.java InjectorImpl.java ContextInjectionFactory.java HandlerServiceHandler.java Command.java ParameterizedCommand.java HandlerServiceImpl.java KeyBindingDispatcher.java KeyBindingDispatcher.java KeyBindingDispatcher.java KeyBindingDispatcher.java KeyBindingDispatcher.java KeyBindingDispatcher.java EventTable.java Display.java Widget.java Widget.java Widget.java Widget.java Widget.java Widget.java Control.java Canvas.java Control.java Canvas.java Display.java OS.java OS.java Display.java PartRenderingEngine.java Realm.java PartRenderingEngine.java E4Workbench.java Workbench.java Realm.java Workbench.java PlatformUI.java IDEApplication.java EclipseAppHandle.java EclipseAppLauncher.java EclipseAppLauncher.java EclipseStarter.java EclipseStarter.java Main.java Main.java Main.java,BadPositionCategoryException below SemanticHighlightingPresenter.releaseDocument (thrown in AbstractDocument.removePositionCategory),x86_64,2016-12-13T06:03:58.020Z
jrNLFs7VHNvq6INq KrF81008w0Y9/oQG j3OC2ON7489BH3HK bS+7kw8jc7tpNNuG jkl5qO6JwoWl8Bfg Pgsb+UrxzW6QJTJY Property.java TestExpression.java CompositeExpression.java IterateExpression.java CompositeExpression.java WithExpression.java CompositeExpression.java EnablementExpression.java LaunchShortcutExtension.java LaunchingResourceManager.java LaunchingResourceManager.java LaunchingResourceManager.java Worker.java,3rd party caused NullPointerException below LaunchShortcutExtension.evalEnablementExpression,x86,2016-12-13T07:50:00.490Z
Font.java CSSSWTFontHelper.java CSSSWTFontHelper.java ControlElement.java CompositeElement.java AbstractCSSSWTEngineImpl.java ThemeEngine.java ThemeEngine.java ViewsPreferencePage.java Viewer.java SafeRunner.java JFaceUtil.java SafeRunnable.java Viewer.java StructuredViewer.java StructuredViewer.java StructuredViewer.java OpenStrategy.java OpenStrategy.java OpenStrategy.java EventTable.java Display.java Widget.java Display.java Display.java Window.java Window.java WorkbenchPreferenceDialog.java OpenPreferencesAction.java Action.java ActionContributionItem.java ActionContributionItem.java ActionContributionItem.java EventTable.java Display.java Widget.java Display.java Display.java PartRenderingEngine.java Realm.java PartRenderingEngine.java E4Workbench.java Workbench.java Realm.java Workbench.java PlatformUI.java IDEApplication.java EclipseAppHandle.java EclipseAppLauncher.java EclipseAppLauncher.java EclipseStarter.java EclipseStarter.java NativeMethodAccessorImpl.java NativeMethodAccessorImpl.java DelegatingMethodAccessorImpl.java Method.java Main.java Main.java Main.java Main.java,SWTException below CSSSWTFontHelper.equals (thrown in Font.getFontData),x86_64,2016-12-09T07:46:47.839Z
i9WgQygc75hZcDP/ UlZN8xnGrH1u0wpG I84OdQ2HKZK3penQ AbstractTreeViewer.java TreeViewer.java StructuredViewer.java AbstractTreeViewer.java AbstractTreeViewer.java BusyIndicator.java AbstractTreeViewer.java TreeViewer.java AbstractTreeViewer.java AbstractTreeViewer.java TreeViewer.java AbstractTreeViewer.java TypedListener.java EventTable.java Display.java Widget.java Widget.java Widget.java Tree.java Control.java Composite.java Control.java Control.java Canvas.java Display.java OS.java OS.java Tree.java Tree.java Control.java Tree.java Display.java OS.java OS.java Display.java Window.java Window.java mBglYp0KE6Nm8zxb RunnableLock.java Synchronizer.java Display.java Display.java PartRenderingEngine.java Realm.java PartRenderingEngine.java E4Workbench.java Workbench.java Realm.java Workbench.java PlatformUI.java IDEApplication.java EclipseAppHandle.java EclipseAppLauncher.java EclipseAppLauncher.java EclipseStarter.java EclipseStarter.java NativeMethodAccessorImpl.java NativeMethodAccessorImpl.java DelegatingMethodAccessorImpl.java Method.java Main.java Main.java Main.java Main.java,3rd party caused NullPointerException below AbstractTreeViewer.getRawChildren,x86_64,2016-12-13T07:02:24.187Z
EObjectAtOffsetHelper.java HyperlinkHelper.java XtextHyperlinkHelper.java HyperlinkHelper.java DefaultHyperlinkDetector.java DefaultHyperlinkDetector.java XtextDocument.java XtextDocument.java XtextDocument.java DefaultHyperlinkDetector.java HyperlinkManager.java HyperlinkManager.java HyperlinkManager.java TypedListener.java EventTable.java Display.java Widget.java Display.java Display.java PartRenderingEngine.java Realm.java PartRenderingEngine.java E4Workbench.java Workbench.java Realm.java Workbench.java PlatformUI.java IDEApplication.java EclipseAppHandle.java EclipseAppLauncher.java EclipseAppLauncher.java EclipseStarter.java EclipseStarter.java Main.java Main.java Main.java Main.java,NullPointerException in EObjectAtOffsetHelper.getCrossReferenceNode,x86_64,2016-10-15T08:05:50.041Z
Synchronizer.java Display.java Display.java Window.java Window.java FilteredResourcesSelectionDialog.java OpenResourceHandler.java OpenResourceHandler.java OpenResourceHandler.java ActionDelegateHandlerProxy.java E4HandlerProxy.java DelegatingMethodAccessorImpl.java Method.java MethodRequestor.java InjectorImpl.java InjectorImpl.java ContextInjectionFactory.java HandlerServiceHandler.java Command.java ParameterizedCommand.java HandlerServiceImpl.java KeyBindingDispatcher.java KeyBindingDispatcher.java KeyBindingDispatcher.java KeyBindingDispatcher.java KeyBindingDispatcher.java KeyBindingDispatcher.java EventTable.java Display.java Widget.java Widget.java Widget.java Widget.java Widget.java Control.java Composite.java Widget.java Control.java Display.java OS.java OS.java Display.java OS.java OS.java Display.java PartRenderingEngine.java Realm.java PartRenderingEngine.java E4Workbench.java Workbench.java Realm.java Workbench.java PlatformUI.java IDEApplication.java EclipseAppHandle.java EclipseAppLauncher.java EclipseAppLauncher.java EclipseStarter.java EclipseStarter.java NativeMethodAccessorImpl.java NativeMethodAccessorImpl.java DelegatingMethodAccessorImpl.java Method.java Main.java Main.java Main.java Main.java,IllegalArgumentException below MultiPageEditorPart.getItem (thrown in CTabFolder.getItem),x86_64,2016-12-13T07:50:03.266Z
JavaDebugHover.java BestMatchHover.java BestMatchHover.java JavaEditorTextHoverProxy.java TextViewerHoverManager.java,NullPointerException in JavaDebugHover.getHoverInfo2,x86,2016-09-19T08:39:44.433Z
Resource.java BatchImageBuilder.java JavaBuilder.java BuildManager.java SafeRunner.java BuildManager.java BuildManager.java BuildManager.java SafeRunner.java BuildManager.java BuildManager.java BuildManager.java Project.java Workspace.java Project.java Project.java CleanDialog.java CleanDialog.java InternalWorkspaceJob.java Worker.java,ResourceException below BatchImageBuilder.cleanOutputFolders (thrown in Resource.delete),x86,2016-12-13T14:30:23.338Z
Resource.java Resource.java Resource.java Resource.java ExternalFoldersManager.java ExternalFoldersManager.java JavaCore.java InitializeAfterLoadJob.java Worker.java,ResourceException below ExternalFoldersManager.createLinkFolder (thrown in Resource.checkDoesNotExist),x86_64,2016-12-12T06:12:30.927Z
Resource.java Resource.java Resource.java ExternalFoldersManager.java ExternalFoldersManager.java JavaCore.java InitializeAfterLoadJob.java Worker.java,ResourceException below ExternalFoldersManager.createLinkFolder (thrown in Resource.assertLinkRequirements),x86_64,2016-12-13T05:46:45.376Z
ResourceTextFileBuffer.java ResourceFileBuffer.java TextFileChange.java TextChange.java CompositeChange.java CompositeChange.java PerformChangeOperation.java Workspace.java PerformChangeOperation.java UIPerformChangeOperation.java PerformChangeOperation.java Workspace.java WorkbenchRunnableAdapter.java ModalContext.java,CoreException below TextFileChange.commit (thrown in ResourceTextFileBuffer.commitFileBufferContent),x86_64,2016-12-13T07:50:35.047Z
ResourceFileBuffer.java TextFileBufferManager.java TextFileDocumentProvider.java TextFileDocumentProvider.java AbstractTextEditor.java StatusTextEditor.java AbstractDecoratedTextEditor.java TextEditor.java AbstractTextEditor.java ModalContext.java ModalContext.java WorkbenchWindow.java BusyIndicator.java WorkbenchWindow.java AbstractTextEditor.java AbstractTextEditor.java AyNqjAGz2gru9AJx EditorReference.java CompatibilityPart.java NativeMethodAccessorImpl.java NativeMethodAccessorImpl.java DelegatingMethodAccessorImpl.java Method.java MethodRequestor.java InjectorImpl.java InjectorImpl.java InjectorImpl.java InjectorImpl.java InjectorImpl.java ContextInjectionFactory.java ReflectionContributionFactory.java ReflectionContributionFactory.java ReflectionContributionFactory.java ContributedPartRenderer.java PartRenderingEngine.java PartRenderingEngine.java PartRenderingEngine.java PartRenderingEngine.java PartRenderingEngine.java SafeRunner.java PartRenderingEngine.java PartServiceImpl.java UIEventHandler.java Synchronizer.java UISynchronizer.java Display.java E4Application.java UIEventHandler.java EventHandlerWrapper.java EventHandlerTracker.java EventHandlerTracker.java EventManager.java ListenerQueue.java EventAdminImpl.java EventAdminImpl.java EventComponent.java EventBroker.java UIEventPublisher.java BasicNotifierImpl.java ElementContainerImpl.java PartServiceImpl.java WorkbenchPage.java WorkbenchPage.java WorkbenchPage.java WorkbenchPage.java AbstractTextEditor.java RunnableLock.java Synchronizer.java Display.java Display.java Window.java Window.java LogListener.java RunnableLock.java Synchronizer.java Display.java Display.java ModalContext.java ModalContext.java RefactoringWizardDialog2.java RefactoringWizard.java UserInputWizardPage.java DeleteResourcesWizard.java RefactoringWizard.java RefactoringWizardDialog2.java Dialog.java Dialog.java TypedListener.java EventTable.java Display.java Widget.java Widget.java Widget.java Widget.java Display.java Display.java Window.java Window.java RefactoringWizardOpenOperation.java BusyIndicator.java RefactoringWizardOpenOperation.java RefactoringWizardOpenOperation.java DeleteResourcesHandler.java HandlerProxy.java E4HandlerProxy.java NativeMethodAccessorImpl.java NativeMethodAccessorImpl.java DelegatingMethodAccessorImpl.java Method.java MethodRequestor.java InjectorImpl.java InjectorImpl.java ContextInjectionFactory.java HandlerServiceHandler.java Command.java ParameterizedCommand.java HandlerServiceImpl.java LegacyHandlerService.java LTKLauncher.java LTKLauncher.java DeleteResourceAction.java DeleteAction.java SelectionDispatchAction.java SelectionDispatchAction.java Action.java ActionHandler.java E4HandlerProxy.java NativeMethodAccessorImpl.java NativeMethodAccessorImpl.java DelegatingMethodAccessorImpl.java Method.java MethodRequestor.java InjectorImpl.java InjectorImpl.java ContextInjectionFactory.java HandlerServiceHandler.java Command.java ParameterizedCommand.java HandlerServiceImpl.java KeyBindingDispatcher.java KeyBindingDispatcher.java KeyBindingDispatcher.java OutOfOrderListener.java EventTable.java Display.java Widget.java Widget.java Widget.java Widget.java Widget.java Tree.java Control.java Composite.java Tree.java Display.java OS.java Widget.java Widget.java Shell.java Display.java OS.java Display.java Display.java OS.java NSApplication.java Display.java PartRenderingEngine.java Realm.java PartRenderingEngine.java E4Workbench.java Workbench.java Realm.java Workbench.java PlatformUI.java IDEApplication.java EclipseAppHandle.java EclipseAppLauncher.java EclipseAppLauncher.java EclipseStarter.java EclipseStarter.java NativeMethodAccessorImpl.java NativeMethodAccessorImpl.java DelegatingMethodAccessorImpl.java Method.java Main.java Main.java Main.java,CoreException below TextFileDocumentProvider.createFileInfo (thrown in ResourceFileBuffer.create),x86_64,2016-12-09T01:17:36.017Z
GC.java FigureUtilities.java FigureUtilities.java TextCellEditorLocator.java DirectEditManager.java DirectEditManager.java DirectEditManager.java AncestorHelper.java AncestorHelper.java Figure.java Figure.java Figure.java Figure.java Figure.java Figure.java Figure.java Figure.java PackageFigure.java Figure.java Figure.java Figure.java Figure.java BorderedNodeFigure.java Figure.java BorderItemsAwareFreeFormLayer.java DiagramEditPart.java Figure.java BorderItemsAwareFreeFormLayer.java Figure.java Figure.java Figure.java FreeformViewport.java AbstractLayout.java AbstractHintLayout.java Figure.java ScrollPaneSolver.java FigureCanvas.java FigureCanvas.java FigureCanvas.java UpdateManager.java DeferredUpdateManager.java DiagramGraphicalViewer.java DeferredUpdateManager.java LightweightSystem.java LightweightSystem.java EventTable.java Display.java Widget.java Widget.java Widget.java Composite.java Control.java Canvas.java Display.java OS.java OS.java Display.java PartRenderingEngine.java Realm.java PartRenderingEngine.java E4Workbench.java Workbench.java Realm.java Workbench.java PlatformUI.java IDEApplication.java EclipseAppHandle.java EclipseAppLauncher.java EclipseAppLauncher.java EclipseStarter.java EclipseStarter.java Main.java Main.java Main.java Main.java,IllegalArgumentException below FigureUtilities.setFont (thrown in GC.setFont),x86_64,2016-12-13T10:41:15.983Z
Synchronizer.java Display.java Display.java Window.java Window.java ReferenceDialog.java ReferenceDialog.java TypedListener.java EventTable.java Display.java Widget.java Display.java Display.java PartRenderingEngine.java Realm.java PartRenderingEngine.java E4Workbench.java Workbench.java Realm.java Workbench.java PlatformUI.java IDEApplication.java EclipseAppHandle.java EclipseAppLauncher.java EclipseAppLauncher.java EclipseStarter.java EclipseStarter.java Main.java Main.java Main.java Main.java,StringIndexOutOfBoundsException below TextFlow.getBidiSubstring (thrown in String.substring),x86_64,2016-12-09T07:47:21.794Z
EMFBasedPersister.java EMFBasedPersister.java SaveManager.java SaveManager.java SafeRunner.java SaveManager.java SaveManager.java Workspace.java IDEWorkbenchAdvisor.java ModalContext.java,UnknownServiceException below CancellableURIHandler.createOutputStream (thrown in URLConnection.getOutputStream),x86_64,2016-09-19T08:39:44.676Z
Assert.java ModelManagerImpl.java AbstractValidator.java AbstractValidator.java ReconcileStepForValidator.java ReconcileStepForValidator.java AbstractReconcileStep.java ValidatorStrategy.java DocumentRegionProcessor.java StructuredRegionProcessor.java DirtyRegionProcessor.java,AssertionFailedException below AbstractValidator.validate (thrown in ModelManagerImpl.getExistingModelForRead),x86_64,2016-12-11T07:49:11.665Z
PacketReceiveManager.java PacketReceiveManager.java MirrorImpl.java MirrorImpl.java VirtualMachineImpl.java VirtualMachineImpl.java JDIDebugTarget.java JavaHotCodeReplaceManager.java JavaHotCodeReplaceManager.java JavaHotCodeReplaceManager.java JavaHotCodeReplaceManager.java DebugPlugin.java SafeRunner.java DebugPlugin.java DebugPlugin.java Worker.java,VMDisconnectedException in PacketReceiveManager.getReply,x86_64,2016-12-13T14:45:30.286Z
Assert.java Assert.java DocumentLineDiffer.java DocumentLineDiffer.java BasicStructuredDocument.java BasicStructuredDocument.java BasicStructuredDocument.java BasicStructuredDocument.java BasicStructuredDocument.java JobSafeStructuredDocument.java JobSafeStructuredDocument.java SafeRunner.java EditorExecutionContext.java JobSafeStructuredDocument.java XMLModelUpdater.java XMLModelUpdater.java DOMModelImpl.java NodeContainer.java NodeContainer.java aISPqujeFzU0Npq1 IoknuEfi0ZzxhhKa Vx24Hp5XxzVdaBJT Dg+CHnS3xXziv9jH AbstractStructuredModel.java AbstractStructuredModel.java AbstractStructuredModel.java DOMModelImpl.java AbstractStructuredModel.java BasicStructuredDocument.java BasicStructuredDocument.java BasicStructuredDocument.java BasicStructuredDocument.java BasicStructuredDocument.java JobSafeStructuredDocument.java JobSafeStructuredDocument.java SafeRunner.java EditorExecutionContext.java JobSafeStructuredDocument.java BasicStructuredDocument.java JobSafeStructuredDocument.java JobSafeStructuredDocument.java SafeRunner.java EditorExecutionContext.java JobSafeStructuredDocument.java DefaultDocumentAdapter.java StyledText.java StyledText.java StyledText.java StyledText.java ProjectionViewer.java StructuredTextViewer.java TextOperationAction.java BusyIndicator.java TextOperationAction.java Action.java ActionHandler.java E4HandlerProxy.java MethodRequestor.java InjectorImpl.java InjectorImpl.java ContextInjectionFactory.java HandlerServiceHandler.java Command.java ParameterizedCommand.java HandlerServiceImpl.java KeyBindingDispatcher.java KeyBindingDispatcher.java KeyBindingDispatcher.java OutOfOrderListener.java EventTable.java Display.java Widget.java Widget.java Widget.java Widget.java Widget.java Widget.java Control.java Canvas.java Control.java Canvas.java Display.java OS.java OS.java Display.java PartRenderingEngine.java Realm.java PartRenderingEngine.java E4Workbench.java Workbench.java Realm.java Workbench.java PlatformUI.java IDEApplication.java EclipseAppHandle.java EclipseAppLauncher.java EclipseAppLauncher.java EclipseStarter.java EclipseStarter.java Main.java Main.java Main.java Main.java,AssertionFailedException below BasicStructuredDocument._fireDocumentAboutToChange (thrown in DocumentLineDiffer.handleAboutToBeChanged),x86_64,2016-12-13T13:57:03.365Z
Assert.java Assert.java DocEquivalenceComparator.java DocumentLineDiffer.java DocumentLineDiffer.java BasicStructuredDocument.java BasicStructuredDocument.java BasicStructuredDocument.java BasicStructuredDocument.java BasicStructuredDocument.java JobSafeStructuredDocument.java JobSafeStructuredDocument.java SafeRunner.java EditorExecutionContext.java JobSafeStructuredDocument.java XMLModelUpdater.java XMLModelUpdater.java DOMModelImpl.java NodeContainer.java NodeContainer.java g+MO+HW/n7hJst43 Bc4nzJx0dAwAJlv1 KvpKt6zqO5ZuaENF LP5hKuPUV4AMy57M AbstractStructuredModel.java AbstractStructuredModel.java AbstractStructuredModel.java DOMModelImpl.java AbstractStructuredModel.java BasicStructuredDocument.java BasicStructuredDocument.java BasicStructuredDocument.java BasicStructuredDocument.java BasicStructuredDocument.java JobSafeStructuredDocument.java JobSafeStructuredDocument.java SafeRunner.java EditorExecutionContext.java JobSafeStructuredDocument.java BasicStructuredDocument.java JobSafeStructuredDocument.java JobSafeStructuredDocument.java SafeRunner.java EditorExecutionContext.java JobSafeStructuredDocument.java DefaultDocumentAdapter.java StyledText.java StyledText.java StyledText.java StyledText.java ProjectionViewer.java StructuredTextViewer.java TextOperationAction.java BusyIndicator.java TextOperationAction.java Action.java ActionHandler.java E4HandlerProxy.java MethodRequestor.java InjectorImpl.java InjectorImpl.java ContextInjectionFactory.java HandlerServiceHandler.java Command.java ParameterizedCommand.java HandlerServiceImpl.java KeyBindingDispatcher.java KeyBindingDispatcher.java KeyBindingDispatcher.java OutOfOrderListener.java EventTable.java Display.java Widget.java Widget.java Widget.java Widget.java Widget.java Widget.java Control.java Canvas.java Control.java Canvas.java Display.java OS.java OS.java Display.java PartRenderingEngine.java Realm.java PartRenderingEngine.java E4Workbench.java Workbench.java Realm.java Workbench.java PlatformUI.java IDEApplication.java EclipseAppHandle.java EclipseAppLauncher.java EclipseAppLauncher.java EclipseStarter.java EclipseStarter.java Main.java Main.java Main.java Main.java,AssertionFailedException below BasicStructuredDocument._fireDocumentChanged (thrown in DocEquivalenceComparator.<init>),x86_64,2016-12-13T04:03:30.405Z
GapTextStore.java GapTextStore.java GapTextStore.java GapTextStore.java StructuredDocumentTextStore.java BasicStructuredDocument.java StructuredDocumentReParser.java StructuredDocumentReParser.java StructuredDocumentReParser.java BasicStructuredDocument.java BasicStructuredDocument.java BasicStructuredDocument.java BasicStructuredDocument.java JobSafeStructuredDocument.java JobSafeStructuredDocument.java SafeRunner.java EditorExecutionContext.java JobSafeStructuredDocument.java BasicStructuredDocument.java JobSafeStructuredDocument.java JobSafeStructuredDocument.java SafeRunner.java EditorExecutionContext.java JobSafeStructuredDocument.java DefaultDocumentAdapter.java StyledText.java StyledText.java StyledText.java StyledText.java ProjectionViewer.java StructuredTextViewer.java TextOperationAction.java BusyIndicator.java TextOperationAction.java Action.java ActionHandler.java E4HandlerProxy.java MethodRequestor.java InjectorImpl.java InjectorImpl.java ContextInjectionFactory.java HandlerServiceHandler.java Command.java ParameterizedCommand.java HandlerServiceImpl.java KeyBindingDispatcher.java KeyBindingDispatcher.java KeyBindingDispatcher.java OutOfOrderListener.java EventTable.java Display.java Widget.java Widget.java Widget.java Widget.java Widget.java Widget.java Control.java Canvas.java Control.java Canvas.java Display.java OS.java OS.java Display.java PartRenderingEngine.java Realm.java PartRenderingEngine.java E4Workbench.java Workbench.java Realm.java Workbench.java PlatformUI.java IDEApplication.java EclipseAppHandle.java EclipseAppLauncher.java EclipseAppLauncher.java EclipseStarter.java EclipseStarter.java Main.java Main.java Main.java Main.java,ArrayIndexOutOfBoundsException below StructuredDocumentTextStore.replace (thrown in System.arraycopy),x86_64,2016-12-13T11:41:48.488Z
DirtyStateEditorSupport.java XtextEditor.java AbstractTextEditor.java TypedListener.java EventTable.java Display.java Widget.java Widget.java Widget.java Widget.java StyledText.java StyledText.java StyledText.java StyledText.java StyledText.java StyledText.java EventTable.java Display.java Widget.java Widget.java Widget.java Widget.java Widget.java Canvas.java Control.java Display.java OS.java NSResponder.java Composite.java Display.java OS.java Widget.java Widget.java Shell.java Display.java OS.java Display.java Display.java OS.java NSApplication.java Display.java PartRenderingEngine.java Realm.java PartRenderingEngine.java E4Workbench.java Workbench.java Realm.java Workbench.java PlatformUI.java IDEApplication.java EclipseAppHandle.java EclipseAppLauncher.java EclipseAppLauncher.java EclipseStarter.java EclipseStarter.java NativeMethodAccessorImpl.java NativeMethodAccessorImpl.java DelegatingMethodAccessorImpl.java Method.java Main.java Main.java Main.java,IllegalStateException in DirtyStateEditorSupport.isEditingPossible,x86_64,2016-09-19T08:39:44.759Z
GitCloneTaskImpl.java SetupTaskPerformer.java SetupTaskPerformer.java SetupTaskPerformer.java Workspace.java SetupTaskPerformer.java SetupTaskPerformer.java SetupTaskPerformer.java SetupTaskPerformer.java SetupTaskPerformer.java ProgressPage.java ProgressPage.java Worker.java,OperationCanceledException in SetupTaskPerformer.doLog,x86_64,2016-09-19T08:39:44.762Z
EclipsePreferences.java EclipsePreferences.java JavaProject.java ClasspathChange.java DeltaProcessor.java DeltaProcessingState.java NotificationManager.java SafeRunner.java NotificationManager.java NotificationManager.java Workspace.java Workspace.java InternalWorkspaceJob.java Worker.java,IllegalStateException below JavaProject.close (thrown in EclipsePreferences.checkRemoved),x86_64,2016-12-12T19:33:52.589Z
TransactionChangeRecorder.java TransactionChangeRecorder.java TransactionChangeRecorder.java TransactionChangeRecorder.java BasicNotifierImpl.java EcoreEList.java NotifyingListImpl.java AbstractEList.java DAnalysisSessionServicesImpl.java DAnalysisSessionServicesImpl.java DiagramDialectServices.java DialectManagerImpl.java CreateDiagramWithInitialOperation.java TaskExecutor.java TaskExecutor.java SiriusCommand.java RecordingCommand.java EMFCommandOperation.java AbstractEMFOperation.java DefaultOperationHistory.java WorkspaceCommandStackImpl.java AbstractTransactionalCommandStack.java AbstractTransactionalCommandStack.java DiagramDialectServices.java AbstractRepresentationDialectServices.java AbstractRepresentationDialectServices.java DiagramDialectServices.java DialectManagerImpl.java DAnalysisSessionImpl.java ViewpointSelectionCallback.java ViewpointSelectionCallback.java EcoreInitDiagramFileAction.java RecordingCommand.java EMFCommandOperation.java AbstractEMFOperation.java DefaultOperationHistory.java WorkspaceCommandStackImpl.java AbstractTransactionalCommandStack.java AbstractTransactionalCommandStack.java EcoreInitDiagramFileAction.java EcoreInitDiagramFileAction.java PluginAction.java ActionContributionItem.java ActionContributionItem.java ActionContributionItem.java EventTable.java Display.java Widget.java Display.java Display.java PartRenderingEngine.java Realm.java PartRenderingEngine.java E4Workbench.java Workbench.java Realm.java Workbench.java PlatformUI.java IDEApplication.java EclipseAppHandle.java EclipseAppLauncher.java EclipseAppLauncher.java EclipseStarter.java EclipseStarter.java Main.java Main.java Main.java Main.java,IllegalStateException in TransactionChangeRecorder.assertWriting,x86_64,2016-12-13T06:39:09.190Z
Control.java Composite.java Composite.java StatusTextEditor.java JavaEditor.java CompatibilityPart.java NativeMethodAccessorImpl.java NativeMethodAccessorImpl.java DelegatingMethodAccessorImpl.java Method.java MethodRequestor.java InjectorImpl.java InjectorImpl.java InjectorImpl.java ContextInjectionFactory.java PartRenderingEngine.java ContributedPartRenderer.java CTabItem.java CTabFolder.java Control.java Control.java CTabFolder.java CTabFolder.java StackRenderer.java LazyStackRenderer.java UIEventHandler.java Synchronizer.java UISynchronizer.java Display.java E4Application.java UIEventHandler.java EventHandlerWrapper.java EventHandlerTracker.java EventHandlerTracker.java EventManager.java ListenerQueue.java EventAdminImpl.java EventAdminImpl.java EventComponent.java EventBroker.java UIEventPublisher.java BasicNotifierImpl.java ElementContainerImpl.java PartServiceImpl.java PartServiceImpl.java StackRenderer.java StackRenderer.java StackRenderer.java TypedListener.java EventTable.java Display.java Widget.java Display.java Display.java PartRenderingEngine.java Realm.java PartRenderingEngine.java E4Workbench.java Workbench.java Realm.java Workbench.java PlatformUI.java IDEApplication.java EclipseAppHandle.java EclipseAppLauncher.java EclipseAppLauncher.java EclipseStarter.java EclipseStarter.java NativeMethodAccessorImpl.java NativeMethodAccessorImpl.java DelegatingMethodAccessorImpl.java Method.java Main.java Main.java Main.java Main.java,SWTException below StatusTextEditor.setFocus (thrown in Control.getVisible),x86_64,2016-09-19T08:39:44.793Z
D0UDCaxBdeZt7fos kSO+T3s5tNnjOWvI fCY1PWQwi0OoKZeb Eeo3nZcTp73ymlQ3 FEvi/GMmZ8N9XWxf Xmtjr3r30hmCYzbS eM6cK7yImO0QPN5p Ois8n83d6YXOMdok JrXYuC7QF3K7Ti5U AkP/c0z7wiAlGrJk SBA1wc4I1C3jIMvA AJWorldFacade.java ProposalRequestorWrapper.java ProposalRequestorWrapper.java CompletionEngine.java CompletionEngine.java CompletionEngine.java CompletionEngine.java CompletionEngine.java CompletionEngine.java ContentAssistProvider.java Openable.java Openable.java CompilationUnit.java CompilationUnit.java JavaCompletionProposalComputer.java JavaCompletionProposalComputer.java JavaTypeCompletionProposalComputer.java FocusedJavaAllProposalComputer.java CompletionProposalComputerDescriptor.java CompletionProposalCategory.java ContentAssistProcessor.java ContentAssistProcessor.java ContentAssistant.java CompletionProposalPopup.java CompletionProposalPopup.java CompletionProposalPopup.java BusyIndicator.java CompletionProposalPopup.java ContentAssistant.java RunnableLock.java Synchronizer.java Display.java Display.java PartRenderingEngine.java Realm.java PartRenderingEngine.java E4Workbench.java Workbench.java Realm.java Workbench.java PlatformUI.java IDEApplication.java EclipseAppHandle.java EclipseAppLauncher.java EclipseAppLauncher.java EclipseStarter.java EclipseStarter.java Main.java Main.java Main.java,3rd party caused HIDDEN below AJWorldFacade.findITDInfoFromTargetType,x86,2016-12-12T07:50:54.372Z
AdNWV+eDLp1dpzck ArcmCZDZNPT8sK3W l+Kz0NnQvCqjBC/l XtH9TGvWU4WWM9ZN RR6rgAFpo9XLWt9j GezVEhFbHmo/DhlT e7aiPn77g+MtYEF9 ZyoM7F8kDDfSFSG7 k6QFhK83f9MtQfwM JobRunnableContext.java JobRunnableContext.java InternalWorkspaceJob.java Worker.java,3rd party caused IllegalArgumentException below JobRunnableContext.run,x86,2016-12-10T07:45:47.298Z
Assert.java Assert.java StructuredViewer.java StructuredViewer.java ColumnViewer.java AbstractTableViewer.java StructuredViewer.java StructuredViewer.java AbstractTableViewer.java AbstractTableViewer.java AbstractTableViewer.java AbstractTableViewer.java StructuredViewer.java StructuredViewer.java AbstractTableViewer.java ContentViewer.java StructuredViewer.java XLoKsEdzUoAJ+yoU Dialog.java Window.java Dialog.java Window.java NMoci8/ESl0DUs0H dGrSBsdCK2rltl+W Ud2haVUAyZERMLMy TypedListener.java EventTable.java Display.java Widget.java Display.java Display.java Window.java Window.java WizardHandler.java WizardHandler.java HandlerProxy.java E4HandlerProxy.java MethodRequestor.java InjectorImpl.java InjectorImpl.java ContextInjectionFactory.java HandlerServiceHandler.java Command.java ParameterizedCommand.java HandlerServiceImpl.java LegacyHandlerService.java CommandAction.java CommandAction.java ImportResourcesAction.java BaseSelectionListenerAction.java ActionContributionItem.java ActionContributionItem.java ActionContributionItem.java EventTable.java Display.java Widget.java Display.java Display.java PartRenderingEngine.java Realm.java PartRenderingEngine.java E4Workbench.java Workbench.java Realm.java Workbench.java PlatformUI.java IDEApplication.java EclipseAppHandle.java EclipseAppLauncher.java EclipseAppLauncher.java EclipseStarter.java EclipseStarter.java Main.java Main.java Main.java,3rd party caused AssertionFailedException below StructuredViewer.assertElementsNotNull,x86,2016-12-06T13:50:18.340Z
RemoteMarketplaceService.java RemoteMarketplaceService.java RemoteMarketplaceService.java DefaultMarketplaceService.java DefaultMarketplaceService.java CachingMarketplaceService.java CachingMarketplaceService.java CachingMarketplaceService.java MarketplaceDiscoveryStrategy.java MarketplaceCatalog.java MarketplaceCatalog.java MarketplaceCatalog.java MarketplaceViewer.java ModalContext.java,FileNotFoundException below AbstractP2TransportFactory.invokeStream (thrown in RepositoryStatusHelper.checkFileNotFound),x86_64,2016-12-13T07:50:39.745Z
ViewerComparator.java AbstractTreeViewer.java AbstractTreeViewer.java BusyIndicator.java AbstractTreeViewer.java TreeViewer.java AbstractTreeViewer.java AbstractTreeViewer.java TreeViewer.java AbstractTreeViewer.java StructuredViewer.java TreeViewer.java StructuredViewer.java AbstractTreeViewer.java ContentViewer.java StructuredViewer.java TtwizNAN64eL5/W3 UIJob.java RunnableLock.java Synchronizer.java Display.java Display.java PartRenderingEngine.java Realm.java PartRenderingEngine.java E4Workbench.java Workbench.java Realm.java Workbench.java PlatformUI.java IDEApplication.java EclipseAppHandle.java EclipseAppLauncher.java EclipseAppLauncher.java EclipseStarter.java EclipseStarter.java Main.java Main.java Main.java Main.java,3rd party caused IllegalArgumentException below UIJob$1.run,x86_64,2016-11-23T07:43:45.211Z
AnnotationModel.java AbstractMarkerAnnotationModel.java ResourceMarkerAnnotationModel.java ResourceMarkerAnnotationModel.java NotificationManager.java SafeRunner.java NotificationManager.java NotificationManager.java Workspace.java Workspace.java Workspace.java ProgressMonitorUtility.java Worker.java,NullPointerException below AbstractMarkerAnnotationModel.modifyMarkerAnnotation (thrown in AnnotationModel.modifyAnnotationPosition),x86_64,2016-12-02T10:15:35.055Z
VersionBuilder.java VersionBuilder.java VersionBuilder.java VersionBuilder.java BuildManager.java SafeRunner.java BuildManager.java BuildManager.java BuildManager.java SafeRunner.java BuildManager.java BuildManager.java BuildManager.java AutoBuildJob.java AutoBuildJob.java Worker.java,NullPointerException in VersionBuilder.getFeatureProject,x86_64,2016-09-19T08:39:45.438Z
StringTokenizer.java Version.java ReleaseManager.java ReleaseManager.java VersionBuilder.java VersionBuilder.java BuildManager.java SafeRunner.java BuildManager.java BuildManager.java BuildManager.java SafeRunner.java BuildManager.java BuildManager.java BuildManager.java AutoBuildJob.java AutoBuildJob.java Worker.java,NullPointerException below ReleaseManager.createFeatureElement (thrown in StringTokenizer.<init>),x86_64,2016-09-19T08:39:45.441Z
DirtyStateEditorSupport.java DirtyStateEditorSupport.java XtextDocumentReconcileStrategy.java XtextDocumentReconcileStrategy.java XtextDocumentReconcileStrategy.java XtextReconciler.java XtextReconciler.java XtextReconciler.java XtextReconciler.java IUnitOfWork.java XtextDocument.java XtextDocument.java XtextReconciler.java Worker.java,NullPointerException in DirtyStateEditorSupport.getResourceDescriptionManager,x86_64,2016-09-19T08:39:45.445Z
COXfrncbPianuiyJ i4fRC8zB/T2lJEe9 WizardDialog.java WizardDialog.java WizardDialog.java BusyIndicator.java WizardDialog.java WizardDialog.java WizardDialog.java Dialog.java TypedListener.java EventTable.java Display.java Widget.java Display.java Display.java Window.java Window.java NewProjectAction.java Action.java ActionContributionItem.java ActionContributionItem.java ActionContributionItem.java EventTable.java Display.java Widget.java Display.java Display.java PartRenderingEngine.java Realm.java PartRenderingEngine.java E4Workbench.java Workbench.java Realm.java Workbench.java PlatformUI.java IDEApplication.java EclipseAppHandle.java EclipseAppLauncher.java EclipseAppLauncher.java EclipseStarter.java EclipseStarter.java Main.java Main.java Main.java,3rd party caused NullPointerException below WizardDialog.updateForPage,x86_64,2016-12-13T07:50:45.282Z
BQnHlHDm0V6s5Fq+ YRv7Q+4dniT9r4tR V05R9vk+1nk/Q4lF izlmaQ4U8N2Nugsg VedgO7VR/Kmei0jy Krnu1j3ZiNbFhHmF ey6EJU9clWnRT9NI kerwkaH7u3zw5dBz f+3mIjAeEpmAvaiy O70fn10iGrD1EYUU eoGsBDSIYDEtjv4s Dialog.java Dialog.java TypedListener.java EventTable.java Display.java Widget.java Display.java Display.java Window.java Window.java M8i5B2W8JXfRiB8x LkPQ8tcjkraoDEhW PluginAction.java ActionContributionItem.java ActionContributionItem.java ActionContributionItem.java EventTable.java Display.java Widget.java Display.java Display.java PartRenderingEngine.java Realm.java PartRenderingEngine.java E4Workbench.java Workbench.java Realm.java Workbench.java PlatformUI.java IDEApplication.java EclipseAppHandle.java EclipseAppLauncher.java EclipseAppLauncher.java EclipseStarter.java EclipseStarter.java Main.java Main.java Main.java,3rd party caused HIDDEN below Dialog.buttonPressed,x86_64,2016-12-09T07:47:31.163Z
ManagedBuilderCorePlugin.java Configuration.java Configuration.java ConfigurationDataProvider.java ConfigurationDataProvider.java CConfigurationDescriptionCache.java CProjectDescription.java XmlProjectDescriptionStorage.java XmlProjectDescriptionStorage.java CProjectDescriptionManager.java CProjectDescriptionManager.java CProjectDescriptionManager.java CProjectDescriptionManager.java CCorePlugin.java LanguageSettingsProvidersSerializer.java LanguageSettingsProvidersSerializer.java LanguageSettingsManager.java LanguageSettingsSerializableProvider.java AbstractBuiltinSpecsDetector.java InternalWorkspaceJob.java Worker.java,Exception in Configuration.loadFromProject,x86_64,2016-12-13T07:50:52.372Z
TypeSystem.java AnnotatableTypeSystem.java AnnotatableTypeSystem.java LookupEnvironment.java LookupEnvironment.java LookupEnvironment.java LookupEnvironment.java LookupEnvironment.java LookupEnvironment.java BinaryTypeBinding.java BinaryTypeBinding.java BinaryTypeBinding.java LookupEnvironment.java LookupEnvironment.java Compiler.java LookupEnvironment.java UnresolvedReferenceBinding.java BinaryTypeBinding.java LookupEnvironment.java LookupEnvironment.java LookupEnvironment.java LookupEnvironment.java BinaryTypeBinding.java BinaryTypeBinding.java BinaryTypeBinding.java LookupEnvironment.java LookupEnvironment.java Compiler.java LookupEnvironment.java UnresolvedReferenceBinding.java BinaryTypeBinding.java ParameterizedTypeBinding.java BinaryTypeBinding.java BinaryTypeBinding.java BinaryTypeBinding.java TypeBinding.java Bindings.java Bindings.java Bindings.java Bindings.java OverrideIndicatorManager.java MethodDeclaration.java ASTNode.java ASTNode.java AnonymousClassDeclaration.java ASTNode.java ASTNode.java ClassInstanceCreation.java ASTNode.java ASTNode.java MethodInvocation.java ASTNode.java ASTNode.java ExpressionStatement.java ASTNode.java ASTNode.java Block.java ASTNode.java ASTNode.java MethodDeclaration.java ASTNode.java ASTNode.java AnonymousClassDeclaration.java ASTNode.java ASTNode.java ClassInstanceCreation.java ASTNode.java ASTNode.java MethodInvocation.java ASTNode.java ASTNode.java ExpressionStatement.java ASTNode.java ASTNode.java Block.java ASTNode.java ASTNode.java MethodDeclaration.java ASTNode.java ASTNode.java TypeDeclaration.java ASTNode.java ASTNode.java CompilationUnit.java ASTNode.java OverrideIndicatorManager.java OverrideIndicatorManager.java CompilationUnitEditor.java JavaReconcilingStrategy.java JavaCompositeReconcilingStrategy.java JavaCompositeReconcilingStrategy.java MonoReconciler.java JavaReconciler.java AbstractReconciler.java,NullPointerException in TypeSystem.getRawType,x86_64,2016-12-13T06:44:01.779Z
URIConverter.java URIConverter.java ContentHandler.java ContentHandlerImpl.java ContentHandlerImpl.java RootXMLContentHandlerImpl.java ContentHandlerImpl.java ContentHandlerImpl.java ContentType.java ContentType.java ContentTypeCatalog.java ContentTypeCatalog.java ContentTypeMatcher.java FileDocumentProvider.java FileDocumentProvider.java XtextDocumentProvider.java BaseDocumentProvider.java AbstractDocumentProvider.java AbstractDocumentProvider.java WorkspaceModifyDelegatingOperation.java WorkspaceModifyOperation.java Workspace.java WorkspaceModifyOperation.java WorkspaceOperationRunner.java WorkspaceOperationRunner.java AbstractDocumentProvider.java AbstractDocumentProvider.java AbstractTextEditor.java AbstractTextEditor.java XtextEditor.java AbstractTextEditor.java Saveable.java SaveableHelper.java SaveableHelper.java SaveableHelper.java ModalContext.java ModalContext.java WorkbenchWindow.java BusyIndicator.java WorkbenchWindow.java SaveableHelper.java SaveableHelper.java SaveableHelper.java SaveableHelper.java WorkbenchPage.java WorkbenchPage.java SaveHandler.java HandlerProxy.java E4HandlerProxy.java MethodRequestor.java InjectorImpl.java InjectorImpl.java ContextInjectionFactory.java HandlerServiceHandler.java Command.java ParameterizedCommand.java HandlerServiceImpl.java KeyBindingDispatcher.java KeyBindingDispatcher.java KeyBindingDispatcher.java KeyBindingDispatcher.java KeyBindingDispatcher.java KeyBindingDispatcher.java EventTable.java Display.java Widget.java Widget.java Widget.java Widget.java Widget.java Widget.java Control.java Canvas.java Control.java Canvas.java Display.java OS.java OS.java Display.java PartRenderingEngine.java Realm.java PartRenderingEngine.java E4Workbench.java Workbench.java Realm.java Workbench.java PlatformUI.java IDEApplication.java EclipseAppHandle.java EclipseAppLauncher.java EclipseAppLauncher.java EclipseStarter.java EclipseStarter.java Main.java Main.java Main.java Main.java,NullPointerException below FileDocumentProvider.getCharsetForNewFile (thrown in OutputStreamWriter.<init>),x86_64,2016-10-13T10:01:37.341Z
Synchronizer.java Display.java Display.java PartRenderingEngine.java Realm.java PartRenderingEngine.java E4Workbench.java Workbench.java Realm.java Workbench.java PlatformUI.java IDEApplication.java EclipseAppHandle.java EclipseAppLauncher.java EclipseAppLauncher.java EclipseStarter.java EclipseStarter.java NativeMethodAccessorImpl.java NativeMethodAccessorImpl.java DelegatingMethodAccessorImpl.java Method.java Main.java Main.java Main.java,IllegalArgumentException below SemanticHighlightingPresenter.updatePresentation (thrown in StyledText.setStyleRanges),x86_64,2016-12-13T11:00:17.017Z
SourceTypeBinding.java SourceTypeBinding.java ReferenceBinding.java TypeBinding.java Bindings.java Bindings.java Bindings.java Bindings.java OverrideIndicatorManager.java MethodDeclaration.java ASTNode.java ASTNode.java TypeDeclaration.java ASTNode.java ASTNode.java TypeDeclaration.java ASTNode.java ASTNode.java TypeDeclaration.java ASTNode.java ASTNode.java CompilationUnit.java ASTNode.java OverrideIndicatorManager.java OverrideIndicatorManager.java CompilationUnitEditor.java JavaReconcilingStrategy.java JavaCompositeReconcilingStrategy.java JavaCompositeReconcilingStrategy.java MonoReconciler.java AbstractReconciler.java,NullPointerException in SourceTypeBinding.addDefaultAbstractMethods,x86_64,2016-12-10T15:36:01.815Z
WikiTextUiPlugin.java MarkupEditor.java MarkupEditor.java MarkupEditor.java MarkupEditor.java MarkupEditor.java AbstractTextEditor.java ModalContext.java ModalContext.java WorkbenchWindow.java BusyIndicator.java WorkbenchWindow.java AbstractTextEditor.java AbstractTextEditor.java MarkupEditor.java EditorReference.java CompatibilityPart.java NativeMethodAccessorImpl.java NativeMethodAccessorImpl.java DelegatingMethodAccessorImpl.java Method.java MethodRequestor.java InjectorImpl.java InjectorImpl.java InjectorImpl.java InjectorImpl.java InjectorImpl.java ContextInjectionFactory.java ReflectionContributionFactory.java ReflectionContributionFactory.java ReflectionContributionFactory.java ContributedPartRenderer.java PartRenderingEngine.java PartRenderingEngine.java PartRenderingEngine.java PartRenderingEngine.java PartRenderingEngine.java SafeRunner.java PartRenderingEngine.java StackRenderer.java LazyStackRenderer.java UIEventHandler.java Synchronizer.java UISynchronizer.java Display.java E4Application.java UIEventHandler.java EventHandlerWrapper.java EventHandlerTracker.java EventHandlerTracker.java EventManager.java ListenerQueue.java EventAdminImpl.java EventAdminImpl.java EventComponent.java EventBroker.java UIEventPublisher.java BasicNotifierImpl.java ElementContainerImpl.java PartServiceImpl.java WorkbenchPage.java WorkbenchPage.java WorkbenchPage.java WorkbenchPage.java AbstractTextEditor.java RunnableLock.java Synchronizer.java Display.java Display.java PartRenderingEngine.java Realm.java PartRenderingEngine.java E4Workbench.java Workbench.java Realm.java Workbench.java PlatformUI.java IDEApplication.java EclipseAppHandle.java EclipseAppLauncher.java EclipseAppLauncher.java EclipseStarter.java EclipseStarter.java NativeMethodAccessorImpl.java NativeMethodAccessorImpl.java DelegatingMethodAccessorImpl.java Method.java Main.java Main.java Main.java,NoStackTrace in MarkupEditor.getMarkupLanguagePreference,x86_64,2016-12-09T08:14:03.169Z
WorkbenchWindow.java BaseNewWizardMenu.java BaseNewWizardMenu.java NewWizardsActionGroup.java CompositeActionGroup.java PackageExplorerActionGroup.java PackageExplorerPart.java CompatibilityPart.java CompatibilityPart.java DelegatingMethodAccessorImpl.java Method.java MethodRequestor.java InjectorImpl.java InjectorImpl.java InjectorImpl.java Requestor.java ContextObjectSupplier.java TrackableComputationExt.java TrackableComputationExt.java EclipseContext.java EclipseContext.java EclipseContext.java PartRenderingEngine.java PartRenderingEngine.java PartRenderingEngine.java PartRenderingEngine.java SafeRunner.java PartRenderingEngine.java WorkbenchWindow.java WorkbenchWindow.java WorkbenchWindow.java WorkbenchWindow.java BusyIndicator.java WorkbenchWindow.java Workbench.java SafeRunner.java Workbench.java Workbench.java Workbench.java BusyIndicator.java Workbench.java Workbench.java QuitHandler.java HandlerProxy.java E4HandlerProxy.java DelegatingMethodAccessorImpl.java Method.java MethodRequestor.java InjectorImpl.java InjectorImpl.java ContextInjectionFactory.java HandlerServiceHandler.java Command.java ParameterizedCommand.java HandlerServiceImpl.java HandlerServiceImpl.java CocoaUIHandler.java CocoaUIHandler.java CocoaUIHandler.java TypedListener.java EventTable.java Display.java Widget.java Widget.java Widget.java MenuItem.java Display.java OS.java Display.java Display.java OS.java NSApplication.java Display.java PartRenderingEngine.java Realm.java PartRenderingEngine.java E4Workbench.java Workbench.java Realm.java Workbench.java PlatformUI.java IDEApplication.java EclipseAppHandle.java EclipseAppLauncher.java EclipseAppLauncher.java EclipseStarter.java EclipseStarter.java NativeMethodAccessorImpl.java NativeMethodAccessorImpl.java DelegatingMethodAccessorImpl.java Method.java Main.java Main.java Main.java,NullPointerException in WorkbenchWindow.getExtensionTracker,x86_64,2016-12-09T07:47:34.190Z
MethodRequestor.java InjectorImpl.java InjectorImpl.java ContextInjectionFactory.java HandlerServiceHandler.java Command.java ParameterizedCommand.java HandlerServiceImpl.java KeyBindingDispatcher.java KeyBindingDispatcher.java KeyBindingDispatcher.java KeyBindingDispatcher.java KeyBindingDispatcher.java KeyBindingDispatcher.java EventTable.java Display.java Display.java Widget.java Widget.java Widget.java Widget.java Widget.java Canvas.java Control.java Display.java OS.java NSResponder.java Composite.java Display.java OS.java Widget.java Widget.java Shell.java Display.java OS.java Display.java Display.java OS.java NSApplication.java Display.java PartRenderingEngine.java Realm.java PartRenderingEngine.java E4Workbench.java Workbench.java Realm.java Workbench.java PlatformUI.java IDEApplication.java EclipseAppHandle.java EclipseAppLauncher.java EclipseAppLauncher.java EclipseStarter.java EclipseStarter.java NativeMethodAccessorImpl.java NativeMethodAccessorImpl.java DelegatingMethodAccessorImpl.java Method.java Main.java Main.java Main.java,MalformedTreeException below DefaultXMLPartitionFormatter.indentIfNotAlreadyIndented (thrown in TextEdit$InsertionComparator.compare),x86_64,2016-12-13T14:10:20.828Z
Synchronizer.java Display.java Display.java PartRenderingEngine.java Realm.java PartRenderingEngine.java E4Workbench.java Workbench.java Realm.java Workbench.java PlatformUI.java IDEApplication.java EclipseAppHandle.java EclipseAppLauncher.java EclipseAppLauncher.java EclipseStarter.java EclipseStarter.java NativeMethodAccessorImpl.java NativeMethodAccessorImpl.java DelegatingMethodAccessorImpl.java Method.java Main.java Main.java Main.java,NullPointerException in MavenPomEditor$MavenPomActivationListener.handleActivation,x86_64,2016-12-06T10:33:30.119Z
BuildPathManager.java DownloadSourcesJob.java DownloadSourcesJob.java DownloadSourcesJob.java MavenExecutionContext.java MavenExecutionContext.java MavenExecutionContext.java MavenImpl.java DownloadSourcesJob.java Worker.java,NullPointerException in BuildPathManager.attachSourcesAndJavadoc,x86_64,2016-12-13T07:51:04.245Z
PHPUiPlugin.java PHPUiPlugin.java OptionsConfigurationBlock.java OptionsConfigurationBlock.java PHPCoreOptionsConfigurationBlock.java CodeFormatterConfigurationBlock.java PHPFormatterConfigurationWrapper.java PHPFormatterConfigurationWrapperProxy.java PHPFormatterPreferencePage.java PreferenceDialog.java PreferenceDialog.java SafeRunner.java JFaceUtil.java SafeRunnable.java PreferenceDialog.java FilteredPreferenceDialog.java PreferenceDialog.java BusyIndicator.java PreferenceDialog.java StructuredViewer.java SafeRunner.java JFaceUtil.java SafeRunnable.java StructuredViewer.java StructuredViewer.java StructuredViewer.java OpenStrategy.java OpenStrategy.java OpenStrategy.java RunnableLock.java Synchronizer.java Display.java Display.java OS.java Display.java Display.java OS.java Widget.java Widget.java Tree.java Widget.java Control.java Tree.java Display.java OS.java Widget.java Widget.java Shell.java Display.java OS.java Display.java Display.java OS.java NSApplication.java Display.java Window.java Window.java WorkbenchPreferenceDialog.java ShowPreferencePageHandler.java HandlerProxy.java E4HandlerProxy.java NativeMethodAccessorImpl.java NativeMethodAccessorImpl.java DelegatingMethodAccessorImpl.java Method.java MethodRequestor.java InjectorImpl.java InjectorImpl.java ContextInjectionFactory.java HandlerServiceHandler.java Command.java ParameterizedCommand.java HandlerServiceImpl.java HandlerServiceImpl.java CocoaUIHandler.java CocoaUIHandler.java CocoaUIHandler.java TypedListener.java EventTable.java Display.java Widget.java Widget.java Widget.java Widget.java Display.java Display.java PartRenderingEngine.java Realm.java PartRenderingEngine.java E4Workbench.java Workbench.java Realm.java Workbench.java PlatformUI.java IDEApplication.java EclipseAppHandle.java EclipseAppLauncher.java EclipseAppLauncher.java EclipseStarter.java EclipseStarter.java NativeMethodAccessorImpl.java NativeMethodAccessorImpl.java DelegatingMethodAccessorImpl.java Method.java Main.java Main.java Main.java,NoStackTrace in PHPUiPlugin.logErrorMessage,x86_64,2016-12-13T13:34:11.854Z
ModalContext.java ProgressMonitorDialog.java ProgressMonitorJobsDialog.java ProgressManager.java BusyIndicator.java ProgressManager.java ProgressManager.java ModelingPackageDiscovery.java ModelingDiscoveryHandler.java HandlerProxy.java E4HandlerProxy.java MethodRequestor.java InjectorImpl.java InjectorImpl.java ContextInjectionFactory.java HandlerServiceHandler.java Command.java ParameterizedCommand.java HandlerServiceImpl.java HandledContributionItem.java HandledContributionItem.java HandledContributionItem.java HandledContributionItem.java EventTable.java Display.java Widget.java Display.java Display.java PartRenderingEngine.java Realm.java PartRenderingEngine.java E4Workbench.java Workbench.java Realm.java Workbench.java PlatformUI.java IDEApplication.java EclipseAppHandle.java EclipseAppLauncher.java EclipseAppLauncher.java EclipseStarter.java EclipseStarter.java Main.java Main.java Main.java,NullPointerException in ModelingPackageDiscovery.errorDialog,x86,2016-09-19T08:39:45.587Z
AbstractVMRunner.java StandardVMRunner.java StandardVMRunner.java AbstractVMInstall.java ExecutionEnvironmentAnalyzer.java ExecutionEnvironmentAnalyzer.java Analyzer.java EnvironmentsManager.java EnvironmentsManager.java JavaRuntime.java VMStandin.java JRETaskImpl.java JRETaskImpl.java SetupTaskPerformer.java SetupTaskPerformer.java SetupTaskPerformer.java Workspace.java SetupTaskPerformer.java SetupTaskPerformer.java SetupTaskPerformer.java SetupTaskPerformer.java SetupTaskPerformer.java ProgressPage.java ProgressPage.java Worker.java,CoreException in AbstractVMRunner.abort,x86_64,2016-12-13T14:46:08.463Z
MavenCentralFingerprintSearchAdvisor.java AbstractProjectCoordinateAdvisor.java EclipseMavenCentralFingerprintSearchAdvisor.java ProjectCoordinateAdvisorService.java EclipseProjectCoordinateAdvisorService.java EclipseProjectCoordinateAdvisorService.java SsXgM/yE6kkYEhl7 KShc87nkSV7Kd3Ru G6r1XorKKaJ4cpmT hIzphioTBq/tS8gw k5DQEIXqQxIZb5J5 lXyK6LQ7+HdQtZTl b5680LXu2IhypjaV EclipseProjectCoordinateAdvisorService.java ProjectCoordinateProvider.java ProjectCoordinateProvider.java ProjectCoordinateProvider.java ProjectCoordinateProvider.java CallCompletionSessionProcessor.java CallCompletionSessionProcessor.java IntelligentCompletionProposalComputer.java IntelligentCompletionProposalComputer.java CompletionProposalComputerDescriptor.java CompletionProposalCategory.java ContentAssistProcessor.java ContentAssistProcessor.java ContentAssistant.java CompletionProposalPopup.java CompletionProposalPopup.java CompletionProposalPopup.java BusyIndicator.java CompletionProposalPopup.java ContentAssistant.java CompilationUnitEditor.java ContentAssistAction.java BusyIndicator.java ContentAssistAction.java Action.java ActionHandler.java E4HandlerProxy.java DelegatingMethodAccessorImpl.java Method.java MethodRequestor.java InjectorImpl.java InjectorImpl.java ContextInjectionFactory.java HandlerServiceHandler.java Command.java ParameterizedCommand.java HandlerServiceImpl.java KeyBindingDispatcher.java KeyBindingDispatcher.java KeyBindingDispatcher.java KeyBindingDispatcher.java KeyBindingDispatcher.java KeyBindingDispatcher.java EventTable.java Display.java Widget.java Widget.java Widget.java Widget.java Widget.java Widget.java Control.java Canvas.java Control.java Canvas.java Display.java OS.java OS.java Display.java PartRenderingEngine.java Realm.java PartRenderingEngine.java E4Workbench.java Workbench.java Realm.java Workbench.java PlatformUI.java IDEApplication.java EclipseAppHandle.java EclipseAppLauncher.java EclipseAppLauncher.java EclipseStarter.java EclipseStarter.java NativeMethodAccessorImpl.java NativeMethodAccessorImpl.java DelegatingMethodAccessorImpl.java Method.java Main.java Main.java Main.java Main.java,NoStackTrace in MavenCentralFingerprintSearchAdvisor.doSuggest,x86_64,2016-09-19T08:39:45.606Z
PrepareInstallProfileJob_3_6.java PrepareInstallProfileJob_3_6.java ModalContext.java,CoreException in PrepareInstallProfileJob_3_6.resolve,x86,2016-12-13T07:51:12.475Z
MavenDiscoveryInstallWizard.java ProvisioningOperationWizard.java ProvisioningOperationWizard.java WizardWithLicenses.java WizardPage.java WizardDialog.java WizardDialog.java Dialog.java TypedListener.java EventTable.java Widget.java Display.java Display.java Window.java Window.java MavenDiscoveryUi.java MavenDiscoveryService.java MavenImportWizard.java WizardDialog.java WizardDialog.java Dialog.java TypedListener.java EventTable.java Widget.java Display.java Display.java Window.java Window.java WizardHandler.java WizardHandler.java HandlerProxy.java E4HandlerProxy.java MethodRequestor.java InjectorImpl.java InjectorImpl.java ContextInjectionFactory.java HandlerServiceHandler.java Command.java ParameterizedCommand.java HandlerServiceImpl.java LegacyHandlerService.java CommandAction.java ActionContributionItem.java ActionContributionItem.java ActionContributionItem.java EventTable.java Widget.java Display.java Display.java PartRenderingEngine.java Realm.java PartRenderingEngine.java E4Workbench.java Workbench.java Realm.java Workbench.java PlatformUI.java IDEApplication.java EclipseAppHandle.java EclipseAppLauncher.java EclipseAppLauncher.java EclipseStarter.java EclipseStarter.java Main.java Main.java Main.java,NullPointerException in MavenDiscoveryInstallWizard.getProfileChangeOperation,x86_64,2016-12-11T07:49:24.361Z
ModalContext.java RefactoringWizardDialog2.java RefactoringWizard.java UserInputWizardPage.java RefactoringWizard.java RefactoringWizardDialog2.java Dialog.java Dialog.java TypedListener.java EventTable.java Display.java Widget.java Display.java Display.java Window.java Window.java RefactoringWizardOpenOperation.java BusyIndicator.java RefactoringWizardOpenOperation.java RefactoringWizardOpenOperation.java RefactoringStarter.java RefactoringExecutionStarter.java ExtractClassAction.java SelectionDispatchAction.java SelectionDispatchAction.java Action.java ActionContributionItem.java ActionContributionItem.java ActionContributionItem.java EventTable.java Display.java Widget.java Display.java Display.java PartRenderingEngine.java Realm.java PartRenderingEngine.java E4Workbench.java Workbench.java Realm.java Workbench.java PlatformUI.java IDEApplication.java EclipseAppHandle.java EclipseAppLauncher.java EclipseAppLauncher.java EclipseStarter.java EclipseStarter.java Main.java Main.java Main.java,NullPointerException in ParameterInfo.setOldBinding,x86_64,2016-11-27T07:49:19.895Z
Text.java SetCrossCommandWizardPage.java TypedListener.java EventTable.java Display.java Widget.java Display.java Display.java Window.java Window.java NewWizardShortcutAction.java Action.java ActionContributionItem.java ActionContributionItem.java ActionContributionItem.java EventTable.java Display.java Widget.java Display.java Display.java PartRenderingEngine.java Realm.java PartRenderingEngine.java E4Workbench.java Workbench.java Realm.java Workbench.java PlatformUI.java IDEApplication.java EclipseAppHandle.java EclipseAppLauncher.java EclipseAppLauncher.java EclipseStarter.java EclipseStarter.java NativeMethodAccessorImpl.java NativeMethodAccessorImpl.java DelegatingMethodAccessorImpl.java Method.java Main.java Main.java Main.java,IllegalArgumentException below SetCrossCommandWizardPage$3.widgetSelected (thrown in Text.setText),x86_64,2016-09-19T08:39:45.651Z
ProblemHandler.java ProblemHandler.java ProblemReporter.java ProblemReporter.java UnresolvedReferenceBinding.java BinaryTypeBinding.java ParameterizedTypeBinding.java BinaryTypeBinding.java BinaryTypeBinding.java TypeBinding.java JdtBasedTypeFactory.java JdtBasedTypeFactory.java JdtBasedTypeFactory.java JdtBasedTypeFactory.java JdtBasedTypeFactory.java JdtBasedTypeFactory.java JdtTypeMirror.java TypeResource.java ResourceImpl.java TypeResource.java ResourceSetImpl.java ResourceSetImpl.java XtextResourceSet.java SynchronizedXtextResourceSet.java ResourceSetImpl.java EcoreUtil.java EcoreUtil.java TypeResource.java JvmTypeReferenceImplCustom.java JvmParameterizedTypeReferenceImpl.java LightweightTypeReferenceFactory.java LightweightTypeReferenceFactory.java LightweightTypeReferenceFactory.java JvmParameterizedTypeReferenceImplCustom.java AbstractTypeReferenceVisitor.java LightweightTypeReferenceFactory.java StandardTypeReferenceOwner.java ResolvedTypes.java StackedResolvedTypes.java ResolvedTypes.java ResolvedTypes.java AbstractLinkingCandidate.java FeatureLinkingCandidate.java AbstractLinkingCandidate.java AbstractTypeComputationState.java XbaseTypeComputer.java XbaseTypeComputer.java XbaseWithAnnotationsTypeComputer.java XtendTypeComputer.java AbstractTypeComputationState.java AbstractTypeComputationState.java AbstractTypeComputationState.java FeatureScopes.java FeatureScopes.java AbstractFeatureScopeSession.java AbstractFeatureScopeSession.java ScopeProviderAccess.java AbstractTypeComputationState.java XbaseTypeComputer.java XbaseTypeComputer.java XbaseWithAnnotationsTypeComputer.java XtendTypeComputer.java AbstractTypeComputationState.java AbstractTypeComputationState.java AbstractTypeComputationState.java FeatureScopes.java FeatureScopes.java AbstractFeatureScopeSession.java AbstractFeatureScopeSession.java ScopeProviderAccess.java AbstractTypeComputationState.java XbaseTypeComputer.java XbaseTypeComputer.java XbaseWithAnnotationsTypeComputer.java XtendTypeComputer.java AbstractTypeComputationState.java AbstractTypeComputationState.java AbstractTypeComputationState.java FeatureScopes.java FeatureScopes.java AbstractFeatureScopeSession.java AbstractFeatureScopeSession.java ScopeProviderAccess.java AbstractTypeComputationState.java XbaseTypeComputer.java XbaseTypeComputer.java XbaseWithAnnotationsTypeComputer.java XtendTypeComputer.java AbstractTypeComputationState.java AbstractTypeComputationState.java XtendTypeComputer.java XtendTypeComputer.java AbstractTypeComputationState.java AbstractTypeComputationState.java XbaseTypeComputer.java XbaseTypeComputer.java XbaseWithAnnotationsTypeComputer.java XtendTypeComputer.java AbstractTypeComputationState.java AbstractTypeComputationState.java XbaseTypeComputer.java XbaseTypeComputer.java XbaseWithAnnotationsTypeComputer.java XtendTypeComputer.java AbstractTypeComputationState.java AbstractTypeComputationState.java AbstractRootTypeComputationState.java LogicalContainerAwareReentrantTypeResolver.java XtendReentrantTypeResolver.java LogicalContainerAwareReentrantTypeResolver.java LogicalContainerAwareReentrantTypeResolver.java LogicalContainerAwareReentrantTypeResolver.java LogicalContainerAwareReentrantTypeResolver.java LogicalContainerAwareReentrantTypeResolver.java XtendReentrantTypeResolver.java DefaultReentrantTypeResolver.java DefaultReentrantTypeResolver.java DefaultBatchTypeResolver.java CompoundReentrantTypeResolver.java CachingBatchTypeResolver.java CachingBatchTypeResolver.java CachingBatchTypeResolver.java IUnitOfWork.java OnChangeEvictingCache.java CachingBatchTypeResolver.java AbstractBatchTypeResolver.java BatchLinkingService.java BatchLinkableResource.java EcoreUtil2.java ClusteringBuilderState.java AbstractBuilderState.java XtextBuilder.java XtextBuilder.java XtextBuilder.java BuildManager.java SafeRunner.java BuildManager.java BuildManager.java BuildManager.java SafeRunner.java BuildManager.java BuildManager.java BuildManager.java AutoBuildJob.java AutoBuildJob.java Worker.java,AbortCompilation below JdtBasedTypeFactory.setSuperTypes (thrown in UnresolvedReferenceBinding.resolve),x86_64,2016-12-13T07:51:17.813Z
Synchronizer.java Display.java Display.java PartRenderingEngine.java Realm.java PartRenderingEngine.java E4Workbench.java Workbench.java Realm.java Workbench.java PlatformUI.java IDEApplication.java EclipseAppHandle.java EclipseAppLauncher.java EclipseAppLauncher.java EclipseStarter.java EclipseStarter.java NativeMethodAccessorImpl.java NativeMethodAccessorImpl.java DelegatingMethodAccessorImpl.java Method.java Main.java Main.java Main.java Main.java,3rd party caused IndexOutOfBoundsException below UILockListener.doPendingWork,x86_64,2016-12-09T18:55:12.301Z
UpdateSite.java UpdateSiteMetadataRepositoryFactory.java UpdateSiteMetadataRepositoryFactory.java MetadataRepositoryManager.java AbstractRepositoryManager.java AbstractRepositoryManager.java MetadataRepositoryManager.java MetadataRepositoryManager.java ProvisioningUI.java MetadataRepositoryElement.java MetadataRepositoryElement.java RemoteQueriedElement.java DeferredTreeContentManager.java Worker.java,HIDDEN below DeferredTreeContentManager$1.run (thrown in DefaultSiteParser.handleInitialState),x86_64,2016-12-10T07:45:58.732Z
Assert.java Assert.java StructuredSelection.java MarketplacePage.java MarketplacePage.java CatalogSwitcher.java CatalogSwitcher.java CatalogSwitcher.java TypedListener.java EventTable.java Display.java Widget.java Display.java Display.java Window.java Window.java MarketplaceWizardCommand.java HandlerProxy.java E4HandlerProxy.java MethodRequestor.java InjectorImpl.java InjectorImpl.java ContextInjectionFactory.java HandlerServiceHandler.java Command.java ParameterizedCommand.java HandlerServiceImpl.java HandledContributionItem.java HandledContributionItem.java HandledContributionItem.java HandledContributionItem.java EventTable.java Display.java Widget.java Display.java Display.java PartRenderingEngine.java Realm.java PartRenderingEngine.java E4Workbench.java Workbench.java Realm.java Workbench.java PlatformUI.java IDEApplication.java EclipseAppHandle.java EclipseAppLauncher.java EclipseAppLauncher.java EclipseStarter.java EclipseStarter.java Main.java Main.java Main.java,AssertionFailedException below MarketplacePage.showMarketplace (thrown in StructuredSelection.<init>),x86,2016-10-30T13:00:00.254Z
Synchronizer.java Display.java Display.java PartRenderingEngine.java Realm.java PartRenderingEngine.java E4Workbench.java Workbench.java Realm.java Workbench.java PlatformUI.java IDEApplication.java EclipseAppHandle.java EclipseAppLauncher.java EclipseAppLauncher.java EclipseStarter.java EclipseStarter.java NativeMethodAccessorImpl.java NativeMethodAccessorImpl.java DelegatingMethodAccessorImpl.java Method.java Main.java Main.java Main.java Main.java,ArrayIndexOutOfBoundsException in LineNumberRulerColumn.paintLine,x86_64,2016-12-12T21:14:48.094Z
WorkManager.java Workspace.java Resource.java BoTEl/U08MpBQJnH JavaModelManager.java JavaModelManager.java JavaModelManager.java JavaModelManager.java JavaCore.java JavaProject.java JavaProject.java JavaProject.java DeltaProcessingState.java DeltaProcessingState.java DeltaProcessor.java DeltaProcessor.java DeltaProcessingState.java NotificationManager.java SafeRunner.java NotificationManager.java NotificationManager.java Workspace.java Workspace.java Resource.java L6U4CIsdhEJ5woxN eb957DgXcc7TvA8j Worker.java,3rd party caused ResourceException below JavaModelManager.initializeContainer,x86_64,2016-12-12T11:29:46.453Z
ClassScope.java ClassScope.java CompilationUnitScope.java LookupEnvironment.java HierarchyResolver.java LookupEnvironment.java PackageBinding.java CompilationUnitScope.java CompilationUnitScope.java CompilationUnitScope.java Scope.java Scope.java SingleTypeReference.java TypeReference.java TypeReference.java TypeReference.java TypeReference.java ClassScope.java ClassScope.java ClassScope.java CompilationUnitScope.java LookupEnvironment.java HierarchyResolver.java HierarchyResolver.java HierarchyBuilder.java IndexBasedHierarchyBuilder.java TypeHierarchy.java TypeHierarchy.java CreateTypeHierarchyOperation.java JavaModelOperation.java JavaModelOperation.java SourceType.java SourceType.java SuperTypeHierarchyCache.java SuperTypeHierarchyCache.java SuperTypeHierarchyCache.java OverrideIndicatorLabelDecorator.java OverrideIndicatorLabelDecorator.java OverrideIndicatorLabelDecorator.java LightweightDecoratorDefinition.java LightweightDecoratorManager.java SafeRunner.java LightweightDecoratorManager.java LightweightDecoratorManager.java DecorationScheduler.java DecorationScheduler.java Worker.java,NullPointerException in ClassScope.buildMethods,x86_64,2016-12-11T07:49:27.002Z
ExternalPackageFragmentRoot.java Hashtable.java Hashtable.java LRUCache.java JavaModelCache.java JavaModelManager.java JavaElement.java ClasspathChange.java ClasspathChange.java DeltaProcessor.java DeltaProcessingState.java NotificationManager.java SafeRunner.java NotificationManager.java NotificationManager.java Workspace.java Workspace.java Resource.java ConnectProviderOperation.java JobUtil.java Worker.java,NullPointerException in ExternalPackageFragmentRoot.hashCode,x86_64,2016-09-19T08:39:45.753Z
JarPackageFragmentRoot.java PackageFragmentRoot.java Openable.java Openable.java Openable.java Openable.java Openable.java SourceRefElement.java JavaElement.java BinaryType.java JavaElement.java JavaElement.java OpenTypeHistory.java OpenTypeHistory.java JavaPlugin.java InitializeAfterLoadJob.java Worker.java,RuntimeException in JarPackageFragmentRoot.computeChildren,x86_64,2016-12-13T07:51:21.658Z
PackageExplorerContentProvider.java StandardJavaElementContentProvider.java PackageExplorerContentProvider.java AbstractTreeViewer.java TreeViewer.java ProblemTreeViewer.java AbstractTreeViewer.java AbstractTreeViewer.java AbstractTreeViewer.java TreeViewer.java AbstractTreeViewer.java TreeViewer.java AbstractTreeViewer.java AbstractTreeViewer.java PackageExplorerPart.java AbstractTreeViewer.java StructuredViewer.java StructuredViewer.java TreeViewer.java StructuredViewer.java StructuredViewer.java ColumnViewer.java StructuredViewer.java YKzTTZakTdqf/P1E UIJob.java RunnableLock.java Synchronizer.java Display.java Display.java PartRenderingEngine.java Realm.java PartRenderingEngine.java E4Workbench.java Workbench.java Realm.java Workbench.java PlatformUI.java IDEApplication.java EclipseAppHandle.java EclipseAppLauncher.java EclipseAppLauncher.java EclipseStarter.java EclipseStarter.java NativeMethodAccessorImpl.java NativeMethodAccessorImpl.java DelegatingMethodAccessorImpl.java Method.java Main.java Main.java Main.java Main.java,NullPointerException in PackageExplorerContentProvider.getPackageFragmentRoots,x86_64,2016-11-25T01:41:24.161Z
MultiOperation.java CopyResourceElementsOperation.java MultiOperation.java JavaModelOperation.java Workspace.java JavaModelOperation.java JavaModel.java JavaModel.java CompilationUnit.java MoveCompilationUnitChange.java CompilationUnitReorgChange.java CompositeChange.java ChangeCorrectionProposal.java ChangeCorrectionProposal.java AbstractAnnotationHover.java AbstractAnnotationHover.java AbstractAnnotationHover.java TypedListener.java EventTable.java Display.java Widget.java Widget.java Widget.java Link.java Display.java OS.java Widget.java Widget.java Widget.java Control.java Display.java OS.java Widget.java Widget.java Shell.java Display.java OS.java Display.java Display.java OS.java NSApplication.java Display.java PartRenderingEngine.java Realm.java PartRenderingEngine.java E4Workbench.java Workbench.java Realm.java Workbench.java PlatformUI.java IDEApplication.java EclipseAppHandle.java EclipseAppLauncher.java EclipseAppLauncher.java EclipseStarter.java EclipseStarter.java NativeMethodAccessorImpl.java NativeMethodAccessorImpl.java DelegatingMethodAccessorImpl.java Method.java Main.java Main.java Main.java,JavaModelException below CompositeChange.perform (thrown in MultiOperation.processElements),x86_64,2016-12-13T07:51:25.566Z
MEEditor.java CompatibilityPart.java CompatibilityPart.java MethodRequestor.java InjectorImpl.java InjectorImpl.java InjectorImpl.java InjectorImpl.java InjectorImpl.java ContextInjectionFactory.java ReflectionContributionFactory.java ReflectionContributionFactory.java ReflectionContributionFactory.java ContributedPartRenderer.java PartRenderingEngine.java PartRenderingEngine.java PartRenderingEngine.java PartRenderingEngine.java PartRenderingEngine.java SafeRunner.java PartRenderingEngine.java StackRenderer.java LazyStackRenderer.java UIEventHandler.java Synchronizer.java UISynchronizer.java Display.java E4Application.java UIEventHandler.java EventHandlerWrapper.java EventHandlerTracker.java EventHandlerTracker.java EventManager.java ListenerQueue.java EventAdminImpl.java EventAdminImpl.java EventComponent.java EventBroker.java UIEventPublisher.java BasicNotifierImpl.java ElementContainerImpl.java ModelServiceImpl.java ModelServiceImpl.java PartServiceImpl.java PartServiceImpl.java PartServiceImpl.java WorkbenchPage.java WorkbenchPage.java WorkbenchPage.java BusyIndicator.java WorkbenchPage.java WorkbenchPage.java OpenWithMenu.java OpenWithMenu.java EventTable.java Display.java Widget.java Display.java Display.java PartRenderingEngine.java Realm.java PartRenderingEngine.java E4Workbench.java Workbench.java Realm.java Workbench.java PlatformUI.java IDEApplication.java EclipseAppHandle.java EclipseAppLauncher.java EclipseAppLauncher.java EclipseStarter.java EclipseStarter.java Main.java Main.java Main.java,NullPointerException in MEEditor.dispose,x86_64,2016-12-13T07:51:27.888Z
ExternalToolsCoreUtil.java ExternalToolsCoreUtil.java ProgramLaunchDelegate.java LaunchConfiguration.java LaunchConfiguration.java LaunchConfiguration.java ExternalToolBuilder.java ExternalToolBuilder.java ExternalToolBuilder.java BuildManager.java SafeRunner.java BuildManager.java BuildManager.java BuildManager.java SafeRunner.java BuildManager.java BuildManager.java BuildManager.java AutoBuildJob.java AutoBuildJob.java Worker.java,CoreException below LaunchConfiguration.launch (thrown in ExternalToolsCoreUtil.abort),x86_64,2016-12-13T07:51:31.194Z
RetargetAction.java PartService.java SafeRunner.java PartService.java WorkbenchPage.java SafeRunner.java WorkbenchPage.java CompatibilityPart.java UIEventHandler.java Synchronizer.java UISynchronizer.java Display.java E4Application.java UIEventHandler.java EventHandlerWrapper.java EventHandlerTracker.java EventHandlerTracker.java EventManager.java ListenerQueue.java EventAdminImpl.java EventAdminImpl.java EventComponent.java EventBroker.java UIEventPublisher.java BasicNotifierImpl.java UIElementImpl.java SWTPartRenderer.java SWTPartRenderer.java ContributedPartRenderer.java PartRenderingEngine.java PartRenderingEngine.java PartRenderingEngine.java SafeRunner.java PartRenderingEngine.java PartRenderingEngine.java UIEventHandler.java Synchronizer.java UISynchronizer.java Display.java E4Application.java UIEventHandler.java EventHandlerWrapper.java EventHandlerTracker.java EventHandlerTracker.java EventManager.java ListenerQueue.java EventAdminImpl.java EventAdminImpl.java EventComponent.java EventBroker.java UIEventPublisher.java BasicNotifierImpl.java UIElementImpl.java PartServiceImpl.java PartServiceImpl.java StackRenderer.java StackRenderer.java StackRenderer.java CTabFolder.java CTabFolder.java EventTable.java Display.java Widget.java Display.java Display.java PartRenderingEngine.java Realm.java PartRenderingEngine.java E4Workbench.java Workbench.java Realm.java Workbench.java PlatformUI.java IDEApplication.java EclipseAppHandle.java EclipseAppLauncher.java EclipseAppLauncher.java EclipseStarter.java EclipseStarter.java Main.java Main.java Main.java Main.java,NullPointerException in RetargetAction.partClosed,x86_64,2016-12-13T07:06:17.202Z
PropertySheet.java PageBookView.java WorkbenchPage.java SafeRunner.java WorkbenchPage.java CompatibilityPart.java UIEventHandler.java Synchronizer.java UISynchronizer.java Display.java E4Application.java UIEventHandler.java EventHandlerWrapper.java EventHandlerTracker.java EventHandlerTracker.java EventManager.java ListenerQueue.java EventAdminImpl.java EventAdminImpl.java EventComponent.java EventBroker.java UIEventPublisher.java BasicNotifierImpl.java UIElementImpl.java SWTPartRenderer.java SWTPartRenderer.java ContributedPartRenderer.java PartRenderingEngine.java PartRenderingEngine.java PartRenderingEngine.java SafeRunner.java PartRenderingEngine.java PartRenderingEngine.java UIEventHandler.java Synchronizer.java UISynchronizer.java Display.java E4Application.java UIEventHandler.java EventHandlerWrapper.java EventHandlerTracker.java EventHandlerTracker.java EventManager.java ListenerQueue.java EventAdminImpl.java EventAdminImpl.java EventComponent.java EventBroker.java UIEventPublisher.java BasicNotifierImpl.java UIElementImpl.java PartServiceImpl.java PartServiceImpl.java StackRenderer.java StackRenderer.java StackRenderer.java CTabFolder.java CTabFolder.java EventTable.java Display.java Widget.java Display.java Display.java PartRenderingEngine.java Realm.java PartRenderingEngine.java E4Workbench.java Workbench.java Realm.java Workbench.java PlatformUI.java IDEApplication.java EclipseAppHandle.java EclipseAppLauncher.java EclipseAppLauncher.java EclipseStarter.java EclipseStarter.java Main.java Main.java Main.java Main.java,NullPointerException in PropertySheet.partClosed,x86_64,2016-12-10T07:46:03.810Z
RetargetAction.java RetargetAction.java PartService.java SafeRunner.java PartService.java WorkbenchPage.java SafeRunner.java WorkbenchPage.java CompatibilityPart.java UIEventHandler.java Synchronizer.java UISynchronizer.java Display.java E4Application.java UIEventHandler.java EventHandlerWrapper.java EventHandlerTracker.java EventHandlerTracker.java EventManager.java ListenerQueue.java EventAdminImpl.java EventAdminImpl.java EventComponent.java EventBroker.java UIEventPublisher.java BasicNotifierImpl.java UIElementImpl.java SWTPartRenderer.java SWTPartRenderer.java ContributedPartRenderer.java PartRenderingEngine.java PartRenderingEngine.java PartRenderingEngine.java SafeRunner.java PartRenderingEngine.java PartRenderingEngine.java UIEventHandler.java Synchronizer.java UISynchronizer.java Display.java E4Application.java UIEventHandler.java EventHandlerWrapper.java EventHandlerTracker.java EventHandlerTracker.java EventManager.java ListenerQueue.java EventAdminImpl.java EventAdminImpl.java EventComponent.java EventBroker.java UIEventPublisher.java BasicNotifierImpl.java UIElementImpl.java PartServiceImpl.java PartServiceImpl.java StackRenderer.java StackRenderer.java StackRenderer.java CTabFolder.java CTabFolder.java EventTable.java Display.java Widget.java Display.java Display.java PartRenderingEngine.java Realm.java PartRenderingEngine.java E4Workbench.java Workbench.java Realm.java Workbench.java PlatformUI.java IDEApplication.java EclipseAppHandle.java EclipseAppLauncher.java EclipseAppLauncher.java EclipseStarter.java EclipseStarter.java Main.java Main.java Main.java Main.java,NullPointerException in RetargetAction.clearPart,x86_64,2016-12-11T07:49:30.443Z
OperationHistoryActionHandler.java WorkbenchPage.java SafeRunner.java WorkbenchPage.java CompatibilityPart.java UIEventHandler.java Synchronizer.java UISynchronizer.java Display.java E4Application.java UIEventHandler.java EventHandlerWrapper.java EventHandlerTracker.java EventHandlerTracker.java EventManager.java ListenerQueue.java EventAdminImpl.java EventAdminImpl.java EventComponent.java EventBroker.java UIEventPublisher.java BasicNotifierImpl.java UIElementImpl.java SWTPartRenderer.java SWTPartRenderer.java ContributedPartRenderer.java PartRenderingEngine.java PartRenderingEngine.java PartRenderingEngine.java SafeRunner.java PartRenderingEngine.java PartRenderingEngine.java UIEventHandler.java Synchronizer.java UISynchronizer.java Display.java E4Application.java UIEventHandler.java EventHandlerWrapper.java EventHandlerTracker.java EventHandlerTracker.java EventManager.java ListenerQueue.java EventAdminImpl.java EventAdminImpl.java EventComponent.java EventBroker.java UIEventPublisher.java BasicNotifierImpl.java UIElementImpl.java PartServiceImpl.java PartServiceImpl.java StackRenderer.java StackRenderer.java StackRenderer.java CTabFolder.java CTabFolder.java EventTable.java Display.java Widget.java Display.java Display.java PartRenderingEngine.java Realm.java PartRenderingEngine.java E4Workbench.java Workbench.java Realm.java Workbench.java PlatformUI.java IDEApplication.java EclipseAppHandle.java EclipseAppLauncher.java EclipseAppLauncher.java EclipseStarter.java EclipseStarter.java Main.java Main.java Main.java Main.java,NullPointerException in OperationHistoryActionHandler$PartListener.partClosed,x86_64,2016-12-11T07:49:30.688Z
MethodRequestor.java InjectorImpl.java InjectorImpl.java ContextInjectionFactory.java HandlerServiceHandler.java Command.java ParameterizedCommand.java HandlerServiceImpl.java HandledContributionItem.java HandledContributionItem.java HandledContributionItem.java HandledContributionItem.java EventTable.java Display.java Widget.java Display.java Display.java PartRenderingEngine.java Realm.java PartRenderingEngine.java E4Workbench.java Workbench.java Realm.java Workbench.java PlatformUI.java IDEApplication.java EclipseAppHandle.java EclipseAppLauncher.java EclipseAppLauncher.java EclipseStarter.java EclipseStarter.java Main.java Main.java Main.java,3rd party caused HIDDEN below HandlerProxy.execute,x86_64,2016-12-12T07:51:11.904Z
XSLVersionHandler.java ResolverExtension.java ResolverExtension.java ExtensibleURIResolver.java XMLCatalogIdResolver.java XMLModelQueryAssociationProvider.java XMLAssociationProvider.java CMDocumentManagerImpl.java CMDocumentManagerImpl.java XMLAssociationProvider.java XMLAssociationProvider.java XMLAssociationProvider.java HTMLModelQueryImpl.java JSPModelQueryImpl.java ElementImpl.java ElementImpl.java XMLModelParser.java XMLModelParser.java XMLModelParser.java XMLModelParser.java DOMModelImpl.java DOMModelImpl.java AbstractModelLoader.java FileBufferModelManager.java FileBufferModelManager.java ModelManagerImpl.java ModelManagerImpl.java ModelManagerImpl.java ModelManagerImpl.java JSPSearchDocument.java JSPSearchDocument.java JavaSearchDocumentDelegate.java JSPSearchSupport.java JSPSearchSupport.java JSPIndexManager.java AbstractIndexManager.java SafeRunner.java AbstractIndexManager.java Worker.java,HIDDEN below XSLVersionHandler.parseContents (thrown in AbstractSAXParser.parse),x86_64,2016-12-06T12:59:57.102Z
ModelingProject.java ModelingProject.java ModelingProject.java ResourceDeltaVisitor.java ResourceDeltaVisitor.java ResourceDelta.java ResourceDelta.java ResourceDelta.java ResourceDelta.java DefaultModelingProjectResourceListener.java NotificationManager.java SafeRunner.java NotificationManager.java NotificationManager.java Workspace.java Workspace.java Workspace.java WorkspaceModifyOperation.java ModalContext.java,RuntimeException in ModelingProject.getMainRepresentationsFileURI,x86_64,2016-12-06T07:48:06.532Z
ProjectUtils.java ProjectUtils.java GitCreateProjectViaWizardWizard.java GitCreateProjectViaWizardWizard.java GitCreateProjectViaWizardWizard.java ModalContext.java,InterruptedException in ProjectUtils.createProjects,x86_64,2016-12-07T09:23:17.195Z
Extension.java ExtensionsParser.java ExtensionsParser.java ExtensionsParser.java AbstractSAXParser.java XMLNSDocumentScannerImpl.java XMLDocumentFragmentScannerImpl.java XMLDocumentScannerImpl.java XMLNSDocumentScannerImpl.java XMLDocumentFragmentScannerImpl.java XML11Configuration.java XML11Configuration.java XMLParser.java AbstractSAXParser.java SAXParserImpl.java SAXParserImpl.java ExtensionsParser.java ExtensionRegistry.java PDERegistryStrategy.java PDERegistryStrategy.java PDERegistryStrategy.java PDERegistryStrategy.java WorkspacePluginModelManager.java WorkspacePluginModelManager.java WorkspaceModelManager.java WorkspacePluginModelManager.java WorkspaceModelManager.java DeltaProcessingState.java SafeRunner.java DeltaProcessingState.java NotificationManager.java SafeRunner.java NotificationManager.java NotificationManager.java Workspace.java Workspace.java AutoBuildJob.java AutoBuildJob.java Worker.java,NullPointerException below PDERegistryStrategy.addBundle (thrown in Extension.getExtensionPointIdentifier),x86_64,2016-09-19T08:39:46.309Z
RegistryObjectManager.java RegistryObjectManager.java BaseExtensionHandle.java BaseExtensionHandle.java PluginExtension.java PluginExtension.java ManifestEditorOpener.java ManifestEditorOpener.java SearchResult.java cStmXmmmJt+rJvSm HX2Fp4mIBZ72uUXl dui94DNF+OWzXfzU iGFFW6YKLcdbQUE2 WindowAnnotationManager.java VvJD3/R1cZd17VbT PartService.java SafeRunner.java PartService.java WorkbenchPage.java SafeRunner.java WorkbenchPage.java WorkbenchPage.java WorkbenchPage.java PartServiceImpl.java SafeRunner.java PartServiceImpl.java PartServiceImpl.java PartServiceImpl.java UIEventHandler.java Synchronizer.java UISynchronizer.java Display.java E4Application.java UIEventHandler.java EventHandlerWrapper.java EventHandlerTracker.java EventHandlerTracker.java EventManager.java ListenerQueue.java EventAdminImpl.java EventAdminImpl.java EventComponent.java EventBroker.java UIEventPublisher.java BasicNotifierImpl.java ElementContainerImpl.java ModelServiceImpl.java ModelServiceImpl.java PartServiceImpl.java PartServiceImpl.java PartServiceImpl.java WorkbenchPage.java WorkbenchPage.java WorkbenchPage.java BusyIndicator.java WorkbenchPage.java WorkbenchPage.java WorkbenchPage.java IDE.java IDE.java EditorUtility.java EditorUtility.java OpenAction.java OpenAction.java SelectionDispatchAction.java SelectionDispatchAction.java PackageExplorerActionGroup.java PackageExplorerPart.java OpenAndLinkWithEditorHelper.java StructuredViewer.java SafeRunner.java JFaceUtil.java SafeRunnable.java StructuredViewer.java StructuredViewer.java StructuredViewer.java OpenStrategy.java OpenStrategy.java OpenStrategy.java EventTable.java Display.java Widget.java Widget.java Widget.java Widget.java Display.java Display.java PartRenderingEngine.java Realm.java PartRenderingEngine.java E4Workbench.java Workbench.java Realm.java Workbench.java PlatformUI.java IDEApplication.java EclipseAppHandle.java EclipseAppLauncher.java EclipseAppLauncher.java EclipseStarter.java EclipseStarter.java NativeMethodAccessorImpl.java NativeMethodAccessorImpl.java DelegatingMethodAccessorImpl.java Method.java Main.java Main.java Main.java,InvalidRegistryObjectException below PluginExtension.getId (thrown in RegistryObjectManager.basicGetObject),x86_64,2016-12-01T12:51:22.767Z
Assert.java Assert.java TextEdit.java TextEdit.java TextEdit.java InputContext.java InputContext.java XMLInputContext.java InputContext.java PDESourcePage.java ManifestSourcePage.java FormEditor.java PDEFormEditor.java MultiPageEditorPart.java TypedListener.java EventTable.java Display.java Widget.java Widget.java Widget.java Widget.java CTabFolder.java CTabFolder.java CTabFolder.java EventTable.java Display.java Widget.java Widget.java Widget.java Widget.java Display.java Display.java PartRenderingEngine.java Realm.java PartRenderingEngine.java E4Workbench.java Workbench.java Realm.java Workbench.java PlatformUI.java IDEApplication.java EclipseAppHandle.java EclipseAppLauncher.java EclipseAppLauncher.java EclipseStarter.java EclipseStarter.java NativeMethodAccessorImpl.java NativeMethodAccessorImpl.java DelegatingMethodAccessorImpl.java Method.java Main.java Main.java Main.java,AssertionFailedException below InputContext.insert (thrown in TextEdit.internalSetParent),x86_64,2016-11-27T07:49:26.250Z
MultiPageEditorPart.java MultiPageEditorPart.java FormEditor.java TargetEditor.java CompatibilityPart.java CompatibilityPart.java MethodRequestor.java InjectorImpl.java InjectorImpl.java InjectorImpl.java InjectorImpl.java InjectorImpl.java ContextInjectionFactory.java ReflectionContributionFactory.java ReflectionContributionFactory.java ReflectionContributionFactory.java ContributedPartRenderer.java PartRenderingEngine.java PartRenderingEngine.java PartRenderingEngine.java PartRenderingEngine.java PartRenderingEngine.java SafeRunner.java PartRenderingEngine.java StackRenderer.java LazyStackRenderer.java UIEventHandler.java Synchronizer.java UISynchronizer.java Display.java E4Application.java UIEventHandler.java EventHandlerWrapper.java EventHandlerTracker.java EventHandlerTracker.java EventManager.java ListenerQueue.java EventAdminImpl.java EventAdminImpl.java EventComponent.java EventBroker.java UIEventPublisher.java BasicNotifierImpl.java ElementContainerImpl.java ModelServiceImpl.java ModelServiceImpl.java PartServiceImpl.java PartServiceImpl.java PartServiceImpl.java WorkbenchPage.java WorkbenchPage.java WorkbenchPage.java BusyIndicator.java WorkbenchPage.java WorkbenchPage.java WorkbenchPage.java EgitUiEditorUtils.java EgitUiEditorUtils.java EgitUiEditorUtils.java ShowVersionsHandler.java HandlerProxy.java E4HandlerProxy.java MethodRequestor.java InjectorImpl.java InjectorImpl.java ContextInjectionFactory.java HandlerServiceHandler.java Command.java ParameterizedCommand.java HandlerServiceImpl.java LegacyHandlerService.java CommitGraphTable.java StructuredViewer.java SafeRunner.java JFaceUtil.java SafeRunnable.java StructuredViewer.java StructuredViewer.java StructuredViewer.java OpenStrategy.java OpenStrategy.java OpenStrategy.java EventTable.java Display.java Widget.java Display.java Display.java PartRenderingEngine.java Realm.java PartRenderingEngine.java E4Workbench.java Workbench.java Realm.java Workbench.java PlatformUI.java IDEApplication.java EclipseAppHandle.java EclipseAppLauncher.java EclipseAppLauncher.java EclipseStarter.java EclipseStarter.java Main.java Main.java Main.java,NullPointerException in MultiPageEditorPart.deactivateSite,x86,2016-12-12T20:16:18.729Z
UiSecureCredentialsStore.java SecureCredentialsStore.java TaskRepository.java TaskRepository.java TaskRepositoryLocation.java BugzillaClient.java BugzillaClient.java BugzillaClient.java BugzillaClient.java BugzillaTaskDataHandler.java SynchronizeTasksJob.java SynchronizeTasksJob.java SynchronizeTasksJob.java SynchronizeTasksJob.java Worker.java,RuntimeException in UiSecureCredentialsStore.getSecurePreferences,x86_64,2016-12-08T12:24:25.511Z
Spawner.java Spawner.java ProcessFactory.java LocalCDILaunchDelegate.java LocalCDILaunchDelegate.java LocalCDILaunchDelegate.java LaunchConfiguration.java LaunchConfiguration.java DebugUIPlugin.java DebugUIPlugin.java Worker.java,IOException in Spawner.exec_pty,x86_64,2016-12-12T07:51:12.333Z
CTabFolder.java CTabFolder.java CTabFolder.java CTabFolder.java CTabFolder.java EventTable.java Display.java Widget.java Display.java Display.java PartRenderingEngine.java Realm.java PartRenderingEngine.java E4Workbench.java Workbench.java Realm.java Workbench.java PlatformUI.java IDEApplication.java EclipseAppHandle.java EclipseAppLauncher.java EclipseAppLauncher.java EclipseStarter.java EclipseStarter.java Main.java Main.java Main.java Main.java,IllegalArgumentException in CTabFolder.showItem,x86_64,2016-12-12T10:46:03.324Z
StyledTextRenderer.java StyledText.java StyledText.java StyledText.java StyledText.java StyledText.java EventTable.java Display.java Widget.java Widget.java Widget.java Control.java Composite.java Canvas.java Control.java lC/u1TqnzVz9l2BH KjcrUUwMLh+/CCp5 P22ZnrNQ+kjiVv2u TypedListener.java EventTable.java Display.java Widget.java Widget.java Widget.java Control.java Composite.java Control.java GridLayout.java GridLayout.java Composite.java Composite.java Control.java FillLayout.java Composite.java Composite.java Control.java FillLayout.java Composite.java Composite.java Control.java FillLayout.java Composite.java Composite.java Control.java CTabFolderLayout.java Composite.java Composite.java Control.java SashLayout.java SashLayout.java SashLayout.java SashLayout.java SashLayout.java SashLayout.java SashLayout.java SashLayout.java SashLayout.java Composite.java Composite.java Composite.java Composite.java Composite.java Composite.java Composite.java Display.java Display.java PartRenderingEngine.java Realm.java PartRenderingEngine.java E4Workbench.java Workbench.java Realm.java Workbench.java PlatformUI.java IDEApplication.java EclipseAppHandle.java EclipseAppLauncher.java EclipseAppLauncher.java EclipseStarter.java EclipseStarter.java NativeMethodAccessorImpl.java NativeMethodAccessorImpl.java DelegatingMethodAccessorImpl.java Method.java Main.java Main.java Main.java Main.java,ArrayIndexOutOfBoundsException in StyledTextRenderer.calculateClientArea,x86_64,2016-12-13T01:06:18.791Z
RenameBranchOperation.java Workspace.java RenameBranchOperation.java BranchRenameDialog.java Dialog.java TypedListener.java EventTable.java Display.java Widget.java Display.java Display.java Window.java Window.java RenameBranchCommand.java HandlerProxy.java E4HandlerProxy.java MethodRequestor.java InjectorImpl.java InjectorImpl.java ContextInjectionFactory.java HandlerServiceHandler.java Command.java ParameterizedCommand.java HandlerServiceImpl.java HandledContributionItem.java HandledContributionItem.java HandledContributionItem.java HandledContributionItem.java EventTable.java Display.java Widget.java Display.java Display.java PartRenderingEngine.java Realm.java PartRenderingEngine.java E4Workbench.java Workbench.java Realm.java Workbench.java PlatformUI.java IDEApplication.java EclipseAppHandle.java EclipseAppLauncher.java EclipseAppLauncher.java EclipseStarter.java EclipseStarter.java Main.java Main.java Main.java Main.java,RefAlreadyExistsException in RenameBranchCommand.call,x86_64,2016-12-08T07:46:26.583Z
ProblemReporter.java ConditionalExpression.java BinaryExpression.java BinaryExpression.java CombinedBinaryExpression.java ReturnStatement.java AbstractMethodDeclaration.java MethodDeclaration.java AbstractMethodDeclaration.java TypeDeclaration.java TypeDeclaration.java CompilationUnitDeclaration.java Compiler.java ProcessTaskManager.java,NullPointerException below ConditionalExpression.resolveType (thrown in String.<init>),x86_64,2016-11-14T11:54:08.792Z
EnableBreakpointsAction.java WorkbenchPage.java SafeRunner.java WorkbenchPage.java CompatibilityPart.java UIEventHandler.java Synchronizer.java UISynchronizer.java Display.java E4Application.java UIEventHandler.java EventHandlerWrapper.java EventHandlerTracker.java EventHandlerTracker.java EventManager.java ListenerQueue.java EventAdminImpl.java EventAdminImpl.java EventComponent.java EventBroker.java UIEventPublisher.java BasicNotifierImpl.java UIElementImpl.java SWTPartRenderer.java SWTPartRenderer.java ContributedPartRenderer.java PartRenderingEngine.java PartRenderingEngine.java PartRenderingEngine.java SafeRunner.java PartRenderingEngine.java PartRenderingEngine.java UIEventHandler.java Synchronizer.java UISynchronizer.java Display.java E4Application.java UIEventHandler.java EventHandlerWrapper.java EventHandlerTracker.java EventHandlerTracker.java EventManager.java ListenerQueue.java EventAdminImpl.java EventAdminImpl.java EventComponent.java EventBroker.java UIEventPublisher.java BasicNotifierImpl.java UIElementImpl.java PartServiceImpl.java PartServiceImpl.java StackRenderer.java StackRenderer.java StackRenderer.java CTabFolder.java CTabFolder.java EventTable.java Display.java Widget.java Display.java Display.java PartRenderingEngine.java Realm.java PartRenderingEngine.java E4Workbench.java Workbench.java Realm.java Workbench.java PlatformUI.java IDEApplication.java EclipseAppHandle.java EclipseAppLauncher.java EclipseAppLauncher.java EclipseStarter.java EclipseStarter.java Main.java Main.java Main.java Main.java,NullPointerException in EnableBreakpointsAction.partClosed,x86_64,2016-12-10T07:46:04.627Z
UndoDeleteResourceChange.java CompositeChange.java CompositeChange.java UndoableOperation2ChangeAdapter.java Workspace.java Workspace.java UndoableOperation2ChangeAdapter.java UndoableOperation2ChangeAdapter.java TriggeredOperations.java DefaultOperationHistory.java DefaultOperationHistory.java UndoActionHandler.java OperationHistoryActionHandler.java ModalContext.java ModalContext.java ProgressMonitorDialog.java TimeTriggeredProgressMonitorDialog.java TimeTriggeredProgressMonitorDialog.java BusyIndicator.java TimeTriggeredProgressMonitorDialog.java OperationHistoryActionHandler.java Action.java ActionHandler.java E4HandlerProxy.java NativeMethodAccessorImpl.java NativeMethodAccessorImpl.java DelegatingMethodAccessorImpl.java Method.java MethodRequestor.java InjectorImpl.java InjectorImpl.java ContextInjectionFactory.java HandlerServiceHandler.java Command.java ParameterizedCommand.java HandlerServiceImpl.java KeyBindingDispatcher.java KeyBindingDispatcher.java KeyBindingDispatcher.java KeyBindingDispatcher.java KeyBindingDispatcher.java KeyBindingDispatcher.java EventTable.java Display.java Display.java Widget.java Widget.java Widget.java Widget.java Widget.java Tree.java Control.java Composite.java Tree.java Display.java OS.java Widget.java Widget.java Shell.java Display.java OS.java Display.java Display.java OS.java NSApplication.java Display.java PartRenderingEngine.java Realm.java PartRenderingEngine.java E4Workbench.java Workbench.java Realm.java Workbench.java PlatformUI.java IDEApplication.java EclipseAppHandle.java EclipseAppLauncher.java EclipseAppLauncher.java EclipseStarter.java EclipseStarter.java NativeMethodAccessorImpl.java NativeMethodAccessorImpl.java DelegatingMethodAccessorImpl.java Method.java Main.java Main.java Main.java,CoreException in UndoDeleteResourceChange.perform,x86_64,2016-12-13T07:51:33.582Z
WorkbenchPlugin.java OperationHistoryActionHandler.java OperationHistoryActionHandler.java Action.java ActionHandler.java E4HandlerProxy.java NativeMethodAccessorImpl.java NativeMethodAccessorImpl.java DelegatingMethodAccessorImpl.java Method.java MethodRequestor.java InjectorImpl.java InjectorImpl.java ContextInjectionFactory.java HandlerServiceHandler.java Command.java ParameterizedCommand.java HandlerServiceImpl.java KeyBindingDispatcher.java KeyBindingDispatcher.java KeyBindingDispatcher.java KeyBindingDispatcher.java KeyBindingDispatcher.java KeyBindingDispatcher.java EventTable.java Display.java Display.java Widget.java Widget.java Widget.java Widget.java Widget.java Tree.java Control.java Composite.java Tree.java Display.java OS.java Widget.java Widget.java Shell.java Display.java OS.java Display.java Display.java OS.java NSApplication.java Display.java PartRenderingEngine.java Realm.java PartRenderingEngine.java E4Workbench.java Workbench.java Realm.java Workbench.java PlatformUI.java IDEApplication.java EclipseAppHandle.java EclipseAppLauncher.java EclipseAppLauncher.java EclipseStarter.java EclipseStarter.java NativeMethodAccessorImpl.java NativeMethodAccessorImpl.java DelegatingMethodAccessorImpl.java Method.java Main.java Main.java Main.java,RuntimeException in OperationHistoryActionHandler.reportException,x86_64,2016-12-12T07:51:13.501Z
String.java String.java CopyOnWriteTextStore.java CopyOnWriteTextStore.java AbstractDocument.java TextSelection.java SnippetCodeBuilder.java juWKdihxzV0WXCcS hapcn6g3W0yCys/T HFZoJ+khuBLqnIor bF9AxKW8nivgVHDV e0mP4uSHA0O8aj6d UmZma2LHtstae5QM BHIo4ZpOG6VigkZU fKypJpEXL954Jo6a aJUFX6XByCHMCovf Worker.java,StringIndexOutOfBoundsException below SnippetCodeBuilder.build (thrown in String.<init>),x86_64,2016-09-19T08:39:46.727Z
BundleContextImpl.java BundleContextImpl.java EquinoxBundle.java EquinoxBundle.java Module.java Module.java SecureAction.java EclipseLazyStarter.java ClasspathManager.java ModuleClassLoader.java BundleLoader.java BundleLoader.java BundleLoader.java BundleLoader.java BundleContextImpl.java BundleContextImpl.java EquinoxBundle.java EquinoxBundle.java Module.java Module.java SecureAction.java EclipseLazyStarter.java ClasspathManager.java ModuleClassLoader.java BundleLoader.java BundleLoader.java BundleLoader.java BundleLoader.java ModuleClassLoader.java ClassLoader.java EquinoxBundle.java RegistryStrategyOSGI.java ExtensionRegistry.java ConfigurationElement.java ConfigurationElementHandle.java ServletManager.java ServletManager.java ServletRegistration.java ProxyServlet.java HttpServiceImpl.java HttpRegistryManager.java HttpRegistryManager.java ServletManager.java ExtensionPointTracker.java ServletManager.java HttpRegistryManager.java HttpServiceTracker.java ServiceTracker.java ServiceTracker.java AbstractTracked.java AbstractTracked.java ServiceTracker.java ServiceTracker.java HttpServiceTracker.java Activator.java ServiceTracker.java ServiceTracker.java AbstractTracked.java AbstractTracked.java ServiceTracker.java ServiceTracker.java Activator.java BundleContextImpl.java BundleContextImpl.java AccessController.java BundleContextImpl.java BundleContextImpl.java EquinoxBundle.java EquinoxBundle.java Module.java Module.java EquinoxBundle.java JettyHelpServer.java JettyHelpServer.java WebappManager.java BaseHelpSystem.java BaseHelpSystem.java DefaultHelpUI.java WorkbenchHelpSystem.java JavaDocLocations.java JavadocHover.java JavadocHover.java JavadocHover.java BestMatchHover.java BestMatchHover.java JavaEditorTextHoverProxy.java TextViewerHoverManager.java,InterruptedException below Lifecycle.lock (thrown in AbstractQueuedSynchronizer.acquireSharedInterruptibly),x86_64,2016-12-01T09:15:10.653Z
SimpleProfileRegistry.java SimpleProfileRegistry.java SimpleProfileRegistry.java ProfileSnapshots.java ProfileSnapshots.java ProvElementContentProvider.java Worker.java,NullPointerException in SimpleProfileRegistry.internalLockProfile,x86_64,2016-12-12T07:51:13.805Z
DefaultUiFreezeEventLogger.java EventLoopMonitorThread.java EventLoopMonitorThread.java,FreezeWarning below XtextEditor.init (thrown in XtextDocumentProvider.setDocumentContent),x86_64,2016-12-13T13:47:48.488Z
Control.java Canvas.java Shell.java Shell.java Shell.java SourceViewerInformationControl.java AbstractInformationControlManager.java AdditionalInfoController.java PopupCloser.java EventTable.java Display.java Display.java Widget.java Widget.java Widget.java Shell.java Display.java OS.java Widget.java Widget.java Shell.java Display.java OS.java Widget.java Widget.java Shell.java Display.java OS.java Display.java Display.java OS.java NSApplication.java Display.java PartRenderingEngine.java Realm.java PartRenderingEngine.java E4Workbench.java Workbench.java Realm.java Workbench.java PlatformUI.java IDEApplication.java EclipseAppHandle.java EclipseAppLauncher.java EclipseAppLauncher.java EclipseStarter.java EclipseStarter.java NativeMethodAccessorImpl.java NativeMethodAccessorImpl.java DelegatingMethodAccessorImpl.java Method.java Main.java Main.java Main.java,NullPointerException below SourceViewerInformationControl.setVisible (thrown in Control.resetVisibleRegion),x86_64,2016-09-19T08:39:47.008Z
ResourceModelContentProvider.java SynchronizationContentProvider.java ResourceModelContentProvider.java ResourceModelContentProvider.java SynchronizationContentProvider.java SynchronizationContentProvider.java ResourceModelContentProvider.java SafeDelegateTreeContentProvider.java NavigatorContentServiceContentProvider.java SafeRunner.java NavigatorContentServiceContentProvider.java NavigatorContentServiceContentProvider.java StructuredViewer.java ColumnViewer.java AbstractTreeViewer.java TreeViewer.java StructuredViewer.java AbstractTreeViewer.java AbstractTreeViewer.java AbstractTreeViewer.java TreeViewer.java AbstractTreeViewer.java AbstractTreeViewer.java CommonViewer.java CommonViewerAdvisor.java StructuredViewer.java StructuredViewer.java TreeViewer.java StructuredViewer.java StructuredViewer.java ColumnViewer.java CommonViewer.java CommonViewer.java StructuredViewer.java CommonViewerAdvisor.java BusyIndicator.java Utils.java RunnableLock.java Synchronizer.java Display.java Display.java Window.java Window.java MessageDialog.java MessageDialogWithToggle.java MessageDialogWithToggle.java SynchronizeManager.java SynchronizeManager.java RefreshUserNotificationPolicy.java RunnableLock.java Synchronizer.java Display.java Display.java PartRenderingEngine.java Realm.java PartRenderingEngine.java E4Workbench.java Workbench.java Realm.java Workbench.java PlatformUI.java IDEApplication.java EclipseAppHandle.java EclipseAppLauncher.java EclipseAppLauncher.java EclipseStarter.java EclipseStarter.java Main.java Main.java Main.java Main.java,NullPointerException below ResourceModelContentProvider.getTraversals (thrown in Arrays$ArrayList.<init>),x86_64,2016-12-04T07:49:23.795Z
FileEditorInput.java WebBrowserEditor.java EditorReference.java CompatibilityPart.java NativeMethodAccessorImpl.java NativeMethodAccessorImpl.java DelegatingMethodAccessorImpl.java Method.java MethodRequestor.java InjectorImpl.java InjectorImpl.java InjectorImpl.java InjectorImpl.java InjectorImpl.java ContextInjectionFactory.java ReflectionContributionFactory.java ReflectionContributionFactory.java ReflectionContributionFactory.java ContributedPartRenderer.java PartRenderingEngine.java PartRenderingEngine.java PartRenderingEngine.java PartRenderingEngine.java PartRenderingEngine.java SafeRunner.java PartRenderingEngine.java StackRenderer.java LazyStackRenderer.java UIEventHandler.java Synchronizer.java UISynchronizer.java Display.java E4Application.java UIEventHandler.java EventHandlerWrapper.java EventHandlerTracker.java EventHandlerTracker.java EventManager.java ListenerQueue.java EventAdminImpl.java EventAdminImpl.java EventComponent.java EventBroker.java UIEventPublisher.java BasicNotifierImpl.java ElementContainerImpl.java PartServiceImpl.java WorkbenchPage.java WorkbenchPage.java WorkbenchPage.java WorkbenchPage.java StructuredTextEditor.java RunnableLock.java Synchronizer.java Display.java Display.java PartRenderingEngine.java Realm.java PartRenderingEngine.java E4Workbench.java Workbench.java Realm.java Workbench.java PlatformUI.java IDEApplication.java EclipseAppHandle.java EclipseAppLauncher.java EclipseAppLauncher.java EclipseStarter.java EclipseStarter.java NativeMethodAccessorImpl.java NativeMethodAccessorImpl.java DelegatingMethodAccessorImpl.java Method.java Main.java Main.java Main.java,IllegalArgumentException in FileEditorInput.getPath,x86_64,2016-12-08T19:49:41.073Z
XMLMultiPageEditorPart.java MultiPageEditorPart.java TypedListener.java EventTable.java Display.java Widget.java Widget.java Widget.java Widget.java CTabFolder.java CTabFolder.java CTabFolder.java EventTable.java Display.java Widget.java Widget.java Widget.java Control.java Display.java Shell.java Display.java OS.java NSWindow.java Control.java Control.java Control.java Composite.java CTabFolder.java Composite.java ErrorEditorPart.java CompatibilityPart.java NativeMethodAccessorImpl.java NativeMethodAccessorImpl.java DelegatingMethodAccessorImpl.java Method.java MethodRequestor.java InjectorImpl.java InjectorImpl.java InjectorImpl.java ContextInjectionFactory.java PartRenderingEngine.java PartServiceImpl.java PartServiceImpl.java PartServiceImpl.java PartServiceImpl.java PartServiceImpl.java StackRenderer.java StackRenderer.java StackRenderer.java CTabFolder.java CTabFolder.java EventTable.java Display.java Widget.java Widget.java Widget.java Widget.java Display.java Display.java PartRenderingEngine.java Realm.java PartRenderingEngine.java E4Workbench.java Workbench.java Realm.java Workbench.java PlatformUI.java IDEApplication.java EclipseAppHandle.java EclipseAppLauncher.java EclipseAppLauncher.java EclipseStarter.java EclipseStarter.java NativeMethodAccessorImpl.java NativeMethodAccessorImpl.java DelegatingMethodAccessorImpl.java Method.java Main.java Main.java Main.java,NullPointerException in XMLMultiPageEditorPart.pageChange,x86_64,2016-12-12T07:51:14.635Z
PushCommand.java PushOperation.java PushOperationUI.java PushOperationUI.java Worker.java,TransportException in BasePackPushConnection.readStatusReport,x86_64,2016-12-13T13:40:18.036Z
Assert.java Workspace.java Container.java SetupModelWizard.java WizardDialog.java WizardDialog.java Dialog.java TypedListener.java EventTable.java Display.java Widget.java Display.java Display.java Window.java Window.java WizardHandler.java WizardHandler.java HandlerProxy.java E4HandlerProxy.java NativeMethodAccessorImpl.java NativeMethodAccessorImpl.java DelegatingMethodAccessorImpl.java Method.java MethodRequestor.java InjectorImpl.java InjectorImpl.java ContextInjectionFactory.java HandlerServiceHandler.java Command.java ParameterizedCommand.java HandlerServiceImpl.java LegacyHandlerService.java CommandAction.java ActionContributionItem.java ActionContributionItem.java ActionContributionItem.java EventTable.java Display.java Widget.java Display.java Display.java PartRenderingEngine.java Realm.java PartRenderingEngine.java E4Workbench.java Workbench.java Realm.java Workbench.java PlatformUI.java IDEApplication.java EclipseAppHandle.java EclipseAppLauncher.java EclipseAppLauncher.java EclipseStarter.java EclipseStarter.java NativeMethodAccessorImpl.java NativeMethodAccessorImpl.java DelegatingMethodAccessorImpl.java Method.java Main.java Main.java Main.java,IllegalArgumentException below SetupModelWizard.performFinish (thrown in Workspace.newResource),x86,2016-09-19T08:39:47.045Z
PlatformURLHandler.java URLStreamHandlerProxy.java URL.java URIHandlerImpl.java ExtensibleURIConverterImpl.java ResourceImpl.java SetupModelWizard.java WorkspaceModifyOperation.java Workspace.java WorkspaceModifyOperation.java ModalContext.java ModalContext.java WizardDialog.java SetupModelWizard.java WizardDialog.java WizardDialog.java Dialog.java TypedListener.java EventTable.java Display.java Widget.java Display.java Display.java Window.java Window.java WizardHandler.java WizardHandler.java HandlerProxy.java E4HandlerProxy.java NativeMethodAccessorImpl.java NativeMethodAccessorImpl.java DelegatingMethodAccessorImpl.java Method.java MethodRequestor.java InjectorImpl.java InjectorImpl.java ContextInjectionFactory.java HandlerServiceHandler.java Command.java ParameterizedCommand.java HandlerServiceImpl.java LegacyHandlerService.java CommandAction.java ActionContributionItem.java ActionContributionItem.java ActionContributionItem.java EventTable.java Display.java Widget.java Display.java Display.java PartRenderingEngine.java Realm.java PartRenderingEngine.java E4Workbench.java Workbench.java Realm.java Workbench.java PlatformUI.java IDEApplication.java EclipseAppHandle.java EclipseAppLauncher.java EclipseAppLauncher.java EclipseStarter.java EclipseStarter.java NativeMethodAccessorImpl.java NativeMethodAccessorImpl.java DelegatingMethodAccessorImpl.java Method.java Main.java Main.java Main.java,MalformedURLException below SetupModelWizard$1.execute (thrown in PlatformURLHandler.openConnection),x86,2016-09-19T08:39:47.050Z
Signature.java JavaScriptElementLabels.java JavaScriptElementLabels.java JavaScriptElementLabels.java JavaScriptElementLabels.java JavadocHover.java JavadocHover.java AbstractJavaEditorTextHover.java BestMatchHover.java JavaEditorTextHoverProxy.java TextViewerHoverManager.java,IllegalArgumentException in Signature.getTypeSignatureKind,x86_64,2016-12-13T00:42:47.966Z
JavaElement.java Openable.java JavaElement.java JavaElement.java JavaElement.java JavaProject.java JavaProject.java SearchableEnvironment.java SearchableEnvironment.java JavaProject.java Openable.java CompilationUnit.java CompilationUnit.java CompletionContextFunctions.java RecommendersCompletionContext.java RecommendersCompletionContext.java RecommendersCompletionContext.java IntelligentCompletionProposalComputer.java CompletionProposalComputerDescriptor.java CompletionProposalCategory.java ContentAssistProcessor.java ContentAssistProcessor.java ContentAssistant.java CompletionProposalPopup.java CompletionProposalPopup.java CompletionProposalPopup.java BusyIndicator.java CompletionProposalPopup.java ContentAssistant.java RunnableLock.java Synchronizer.java Display.java Display.java PartRenderingEngine.java Realm.java PartRenderingEngine.java E4Workbench.java Workbench.java Realm.java Workbench.java PlatformUI.java IDEApplication.java EclipseAppHandle.java EclipseAppLauncher.java EclipseAppLauncher.java EclipseStarter.java EclipseStarter.java Main.java Main.java Main.java Main.java,JavaModelException below CompletionContextFunctions$InternalCompletionContextFunction.compute (thrown in JavaElement.newJavaModelException),x86_64,2016-12-13T09:41:28.035Z
ProjectRegistryManager.java ProjectRegistryManager.java ProjectRegistryManager.java ProjectRegistryManager.java ProjectRegistryManager.java MavenProjectManager.java SelectionUtil.java MavenPomEditor.java MavenPomEditor.java Worker.java,NullPointerException in ProjectRegistryManager.configureExecutionRequest,x86_64,2016-12-13T12:34:59.794Z
MavenPomEditorPage.java FormEditor.java MavenPomEditor.java MultiPageEditorPart.java FormEditor.java MultiPageEditorPart.java CompatibilityPart.java CompatibilityEditor.java CompatibilityPart.java DelegatingMethodAccessorImpl.java Method.java MethodRequestor.java InjectorImpl.java InjectorImpl.java InjectorImpl.java InjectorImpl.java InjectorImpl.java ContextInjectionFactory.java ReflectionContributionFactory.java ReflectionContributionFactory.java ReflectionContributionFactory.java ContributedPartRenderer.java PartRenderingEngine.java PartRenderingEngine.java PartRenderingEngine.java PartRenderingEngine.java PartRenderingEngine.java SafeRunner.java PartRenderingEngine.java StackRenderer.java LazyStackRenderer.java UIEventHandler.java Synchronizer.java UISynchronizer.java Display.java E4Application.java UIEventHandler.java EventHandlerWrapper.java EventHandlerTracker.java EventHandlerTracker.java EventManager.java ListenerQueue.java EventAdminImpl.java EventAdminImpl.java EventComponent.java EventBroker.java UIEventPublisher.java BasicNotifierImpl.java ElementContainerImpl.java PartServiceImpl.java WorkbenchPage.java WorkbenchPage.java WorkbenchPage.java WorkbenchPage.java FormEditor.java RunnableLock.java Synchronizer.java Display.java Display.java PartRenderingEngine.java Realm.java PartRenderingEngine.java E4Workbench.java Workbench.java Realm.java Workbench.java PlatformUI.java IDEApplication.java EclipseAppHandle.java EclipseAppLauncher.java EclipseAppLauncher.java EclipseStarter.java EclipseStarter.java NativeMethodAccessorImpl.java NativeMethodAccessorImpl.java DelegatingMethodAccessorImpl.java Method.java Main.java Main.java Main.java,NullPointerException in MavenPomEditorPage.setActive,x86_64,2016-12-13T10:39:39.331Z
FetchOperationUI.java FetchOperationUI.java InternalWorkspaceJob.java Worker.java,TransportException in JschConfigSessionFactory.getSession,x86_64,2016-12-13T07:51:51.795Z
DefaultUiFreezeEventLogger.java EventLoopMonitorThread.java EventLoopMonitorThread.java,FreezeWarning below CreateBranchWizard.performFinish (thrown in FS.getAttributes),x86_64,2016-12-13T07:51:52.514Z
Combo.java Combo.java GerritConfigurationPage.java GerritConfigurationPage.java GerritConfigurationPage.java TypedListener.java EventTable.java Display.java Widget.java Widget.java Widget.java Widget.java Display.java Display.java Window.java Window.java ConfigureGerritRemoteCommand.java HandlerProxy.java E4HandlerProxy.java DelegatingMethodAccessorImpl.java Method.java MethodRequestor.java InjectorImpl.java InjectorImpl.java ContextInjectionFactory.java HandlerServiceHandler.java Command.java ParameterizedCommand.java HandlerServiceImpl.java HandledContributionItem.java HandledContributionItem.java HandledContributionItem.java HandledContributionItem.java EventTable.java Display.java Widget.java Widget.java Widget.java Widget.java Display.java Display.java PartRenderingEngine.java Realm.java PartRenderingEngine.java E4Workbench.java Workbench.java Realm.java Workbench.java PlatformUI.java IDEApplication.java EclipseAppHandle.java EclipseAppLauncher.java EclipseAppLauncher.java EclipseStarter.java EclipseStarter.java NativeMethodAccessorImpl.java NativeMethodAccessorImpl.java DelegatingMethodAccessorImpl.java Method.java Main.java Main.java Main.java,IllegalArgumentException below GerritConfigurationPage.checkPage (thrown in Combo.indexOf),x86_64,2016-09-19T08:39:47.220Z
Utils.java Utils.java a4/22Nxxa0MApCyF eKvP/2sY7vAEIclv AbstractSAXParser.java XMLDocumentFragmentScannerImpl.java XMLDocumentFragmentScannerImpl.java XMLDocumentScannerImpl.java XMLNSDocumentScannerImpl.java XMLDocumentFragmentScannerImpl.java XML11Configuration.java XML11Configuration.java XMLParser.java AbstractSAXParser.java SAXParserImpl.java SAXParserImpl.java C7dbTCOqKbfGmo2q Ayy+qszKiGpjrxQU AQJF36DvRuKXr69A H5h5x+N4ZRn/NPhG YQ4Y2JeXePyOyWJa Bii5X6laic2bnP5L EmPC9V4XHbeo9y1w DTgj16Euom59W8UQ N6yNWQPD/JbYNMQp KdsV8Ui695yjJRvq Worker.java,3rd party caused NoStackTrace below Worker.run,x86_64,2016-12-12T11:52:28.492Z
DefaultUiFreezeEventLogger.java EventLoopMonitorThread.java EventLoopMonitorThread.java,FreezeWarning below ProblemTreeViewer.handleLabelProviderChanged (thrown in DeltaDataTree.safeNaiveCopyCompleteSubtree),x86_64,2016-12-12T07:51:27.487Z
CDOAdapterFactory.java AdapterFactoryProxy.java AdapterManager.java AdapterManager.java AdaptExpression.java CompositeExpression.java IterateExpression.java EvaluationReference.java EvaluationReference.java EvaluationReference.java TrackableComputationExt.java EclipseContext.java EclipseContext.java EvaluationService.java TrackableComputationExt.java EclipseContext.java EclipseContext.java E4Application.java TrackableComputationExt.java EclipseContext.java EclipseContext.java SelectionAggregator.java TrackableComputationExt.java EclipseContext.java EclipseContext.java SelectionServiceImpl.java CompatibilityPart.java AbstractEditPartViewer.java AbstractEditPartViewer.java SelectionManager.java SelectionManager.java H3E8PolGGYg9XDHf AbstractEditPartViewer.java KG1qrdPIP+c+q9I4 Gn69d/v8syfJ3qbx AbstractTool.java SelectionTool.java EditDomain.java DomainEventDispatcher.java LightweightSystem.java TypedListener.java EventTable.java Display.java Widget.java Display.java Display.java PartRenderingEngine.java Realm.java PartRenderingEngine.java E4Workbench.java Workbench.java Realm.java Workbench.java PlatformUI.java IDEApplication.java EclipseAppHandle.java EclipseAppLauncher.java EclipseAppLauncher.java EclipseStarter.java EclipseStarter.java NativeMethodAccessorImpl.java NativeMethodAccessorImpl.java DelegatingMethodAccessorImpl.java Method.java Main.java Main.java Main.java Main.java,ClassCastException in CDOAdapterFactory.getAdapter,x86_64,2016-12-10T01:29:50.590Z
PackageFragmentRoot.java JavaElement.java BinaryType.java BinaryType.java JavadocContentAccess2.java JavadocHover.java JavadocHover.java JavadocHover.java BestMatchHover.java BestMatchHover.java JavaEditorTextHoverProxy.java TextViewerHoverManager.java,JavaModelException below JavadocContentAccess2.getHTMLContent (thrown in PackageFragmentRoot.getRawClasspathEntry),x86_64,2016-12-13T12:52:46.826Z
JavadocContents.java BinaryType.java JavadocContentAccess2.java JavadocHover.java JavadocHover.java JavadocHover.java BestMatchHover.java BestMatchHover.java JavaEditorTextHoverProxy.java TextViewerHoverManager.java,JavaModelException below JavadocContentAccess2.getHTMLContent (thrown in JavadocContents.getTypeDoc),x86_64,2016-12-13T07:51:55.748Z
LinkedModeModel.java LinkedModeModel.java LinkedModeModel.java LinkedProposalModelPresenter.java LinkedCorrectionProposal.java CUCorrectionProposal.java AbstractAnnotationHover.java AbstractAnnotationHover.java AbstractAnnotationHover.java TypedListener.java EventTable.java Display.java Widget.java Widget.java Widget.java Link.java Control.java Composite.java Control.java Control.java Display.java OS.java OS.java Link.java Widget.java Control.java Link.java Control.java Display.java OS.java OS.java Display.java PartRenderingEngine.java Realm.java PartRenderingEngine.java E4Workbench.java Workbench.java Realm.java Workbench.java PlatformUI.java IDEApplication.java EclipseAppHandle.java EclipseAppLauncher.java EclipseAppLauncher.java EclipseStarter.java EclipseStarter.java Main.java Main.java Main.java,IllegalStateException below LinkedProposalModelPresenter.enterLinkedMode (thrown in LinkedModeModel.enforceNotEmpty),x86_64,2016-12-09T07:48:04.010Z
FacetUiPlugin.java FacetsPropertyPage.java PreferenceDialog.java SafeRunner.java JFaceUtil.java SafeRunnable.java PreferenceDialog.java FilteredPreferenceDialog.java PreferenceDialog.java Dialog.java TypedListener.java EventTable.java Display.java Widget.java Display.java Display.java Window.java Window.java PropertyDialogAction.java Action.java ActionContributionItem.java ActionContributionItem.java ActionContributionItem.java EventTable.java Display.java Widget.java Display.java Display.java PartRenderingEngine.java Realm.java PartRenderingEngine.java E4Workbench.java Workbench.java Realm.java Workbench.java PlatformUI.java IDEApplication.java EclipseAppHandle.java EclipseAppLauncher.java EclipseAppLauncher.java EclipseStarter.java EclipseStarter.java Main.java Main.java Main.java,NoStackTrace in FacetsPropertyPage.performOk,x86_64,2016-12-02T17:23:02.004Z
BundleUtility.java BundleUtility.java WorkbenchPlugin.java LightweightDecoratorDefinition.java SafeRunner.java Platform.java LightweightDecoratorDefinition.java LightweightDecoratorDefinition.java LightweightDecoratorManager.java SafeRunner.java LightweightDecoratorManager.java LightweightDecoratorManager.java DecorationScheduler.java DecorationScheduler.java Worker.java,NullPointerException in BundleUtility.isActivated,x86_64,2016-09-19T08:39:48.566Z
RegistryObjectManager.java RegistryObjectManager.java ConfigurationElementHandle.java ConfigurationElementHandle.java DecoratorDefinition.java LightweightDecoratorManager.java SafeRunner.java SafeRunner.java LightweightDecoratorManager.java LightweightDecoratorManager.java DecorationScheduler.java DecorationScheduler.java Worker.java,InvalidRegistryObjectException below DecoratorDefinition.getName (thrown in RegistryObjectManager.basicGetObject),x86_64,2016-09-19T08:39:48.570Z
Context.java BindingManager.java BindingManager.java BindingManager.java ContextManager.java ContextManager.java ContextServiceAddon.java TrackableComputationExt.java EclipseContext.java EclipseContext.java EclipseContext.java ShellActivationListener.java SafeRunner.java ShellActivationListener.java ShellActivationListener.java EventTable.java Display.java Widget.java Widget.java Widget.java Decorations.java Shell.java Control.java Canvas.java Decorations.java Shell.java Display.java OS.java Decorations.java Shell.java Window.java InternalDialog.java WorkbenchStatusDialogManagerImpl.java WorkbenchStatusDialogManagerImpl.java WorkbenchStatusDialogManagerImpl.java WorkbenchStatusDialogManager.java WorkbenchErrorHandler.java WorkbenchErrorHandler.java IDEWorkbenchErrorHandler.java WorkbenchErrorHandlerProxy.java StatusManager.java ProgressManager.java JobListeners.java JobListeners.java JobListeners.java JobManager.java InternalJob.java Job.java UIJob.java RunnableLock.java Synchronizer.java Display.java Display.java Window.java Window.java LogListener.java RunnableLock.java Synchronizer.java Display.java Display.java Window.java Window.java LogListener.java RunnableLock.java Synchronizer.java Display.java Display.java PartRenderingEngine.java Realm.java PartRenderingEngine.java E4Workbench.java Workbench.java Realm.java Workbench.java PlatformUI.java IDEApplication.java EclipseAppHandle.java EclipseAppLauncher.java EclipseAppLauncher.java EclipseStarter.java EclipseStarter.java Main.java Main.java Main.java,NotDefinedException below ContextServiceAddon$1.changed (thrown in Context.getParentId),x86_64,2016-12-12T06:51:47.026Z
DND.java DND.java DropTarget.java MarketplaceDropAdapter.java MarketplaceDropAdapter.java UIJob.java RunnableLock.java Synchronizer.java Display.java Display.java Window.java Window.java LogListener.java RunnableLock.java Synchronizer.java Display.java Display.java Window.java Window.java LogListener.java RunnableLock.java Synchronizer.java Display.java Display.java PartRenderingEngine.java Realm.java PartRenderingEngine.java E4Workbench.java Workbench.java Realm.java Workbench.java PlatformUI.java IDEApplication.java EclipseAppHandle.java EclipseAppLauncher.java EclipseAppLauncher.java EclipseStarter.java EclipseStarter.java Main.java Main.java Main.java,SWTError below MarketplaceDropAdapter.installDropTarget (thrown in DropTarget.<init>),x86_64,2016-10-28T14:48:20.163Z
EclipseLogFactory.java LogHelper.java UpdateChecker.java UpdateChecker.java UpdateChecker.java,NoStackTrace in UpdateChecker.getAvailableRepositories,x86_64,2016-12-07T01:59:35.522Z
DefaultOperationHistory.java DDiagramCommandStack.java DDiagramCommandStack.java DiagramCommandStack.java AbstractTool.java AbstractTool.java ConnectionEndpointTracker.java AbstractTool.java SelectionTool.java EditDomain.java DomainEventDispatcher.java LightweightSystem.java TypedListener.java EventTable.java Display.java Widget.java Widget.java Widget.java Widget.java Display.java Display.java PartRenderingEngine.java Realm.java PartRenderingEngine.java E4Workbench.java Workbench.java Realm.java Workbench.java PlatformUI.java IDEApplication.java EclipseAppHandle.java EclipseAppLauncher.java EclipseAppLauncher.java EclipseStarter.java EclipseStarter.java NativeMethodAccessorImpl.java NativeMethodAccessorImpl.java DelegatingMethodAccessorImpl.java Method.java Main.java Main.java Main.java,ArrayStoreException below EcoreIntrinsicExtender.eAdd (thrown in DelegatingEcoreEList.validate),x86_64,2016-11-26T07:52:21.537Z
NavigatorPlugin.java CommonViewerSorter.java CommonViewerSorter.java AbstractTreeViewer.java AbstractTreeViewer.java AbstractTreeViewer.java AbstractTreeViewer.java TreeViewer.java AbstractTreeViewer.java CommonViewer.java AbstractTreeViewer.java PackageExplorerContentProvider.java PackageExplorerContentProvider.java PackageExplorerContentProvider.java PackageExplorerContentProvider.java UIJob.java RunnableLock.java Synchronizer.java Display.java Display.java ModalContext.java ModalContext.java WizardDialog.java F8458j/bd1qn1lid ftx2tdLEYfxRIBRS WizardDialog.java WizardDialog.java Dialog.java TypedListener.java EventTable.java Display.java Widget.java Display.java Display.java Window.java Window.java WizardShortcutAction.java Action.java ActionContributionItem.java ActionContributionItem.java ActionContributionItem.java EventTable.java Display.java Widget.java Display.java Display.java PartRenderingEngine.java Realm.java PartRenderingEngine.java E4Workbench.java Workbench.java Realm.java Workbench.java PlatformUI.java IDEApplication.java EclipseAppHandle.java EclipseAppLauncher.java EclipseAppLauncher.java EclipseStarter.java EclipseStarter.java Main.java Main.java Main.java,NoStackTrace in CommonViewerSorter.logMissingExtension,x86_64,2016-12-13T13:31:55.692Z
Util.java Util.java FilterStore.java ApiFilterStore.java ApiFilterStore.java BaseApiAnalyzer.java BaseApiAnalyzer.java BaseApiAnalyzer.java BaseApiAnalyzer.java BaseApiAnalyzer.java ApiAnalysisBuilder.java ApiAnalysisBuilder.java BuildManager.java SafeRunner.java BuildManager.java BuildManager.java BuildManager.java SafeRunner.java BuildManager.java BuildManager.java BuildManager.java AutoBuildJob.java AutoBuildJob.java Worker.java,HIDDEN below Util.parseDocument (thrown in ErrorHandlerWrapper.createSAXParseException),x86_64,2016-09-19T08:39:48.634Z
JxJG6VIx1vxJIKr4 NR242MMoagwwYltZ ENhQherxTvDAy059 UUSqyAADMJy4hNg3 fITnFyZWmLp5slLu L/bpLcZujxTAHo81 dyjvhQCYCob2PCQ9 E/WrdGiWeJae0mdv Viewer.java SafeRunner.java JFaceUtil.java SafeRunnable.java Viewer.java TextViewer.java TextViewer.java TextViewer.java TypedListener.java EventTable.java Display.java Widget.java Widget.java Widget.java Widget.java StyledText.java StyledText.java StyledText.java StyledText.java StyledText.java StyledText.java EventTable.java Display.java Widget.java Widget.java Widget.java Widget.java Display.java Display.java PartRenderingEngine.java Realm.java PartRenderingEngine.java E4Workbench.java Workbench.java Realm.java Workbench.java PlatformUI.java IDEApplication.java EclipseAppHandle.java EclipseAppLauncher.java EclipseAppLauncher.java EclipseStarter.java EclipseStarter.java NativeMethodAccessorImpl.java NativeMethodAccessorImpl.java DelegatingMethodAccessorImpl.java Method.java Main.java Main.java Main.java,3rd party caused BadLocationException below AbstractDocument.get,x86_64,2016-12-05T20:38:28.322Z
BasicEObjectImpl.java BasicEObjectImpl.java EContentsEList.java AbstractTreeIterator.java ItemPropertyDescriptor.java ItemPropertyDescriptor.java ItemPropertyDescriptor.java EReferenceItemProvider.java EOppositePropertySection.java AbstractChooserPropertySection.java TabContents.java SafeRunner.java JFaceUtil.java SafeRunnable.java TabContents.java TabbedPropertySheetPage.java Viewer.java SafeRunner.java JFaceUtil.java SafeRunnable.java Viewer.java StructuredViewer.java StructuredViewer.java StructuredViewer.java OpenStrategy.java OpenStrategy.java OpenStrategy.java EventTable.java Display.java Widget.java Widget.java Widget.java Widget.java TabbedPropertyList.java TabbedPropertyList.java TypedListener.java EventTable.java Display.java Widget.java Widget.java Widget.java Widget.java Display.java Display.java PartRenderingEngine.java Realm.java PartRenderingEngine.java E4Workbench.java Workbench.java Realm.java Workbench.java PlatformUI.java IDEApplication.java EclipseAppHandle.java EclipseAppLauncher.java EclipseAppLauncher.java EclipseStarter.java EclipseStarter.java NativeMethodAccessorImpl.java NativeMethodAccessorImpl.java DelegatingMethodAccessorImpl.java Method.java Main.java Main.java Main.java,IllegalArgumentException below EOppositePropertySection.getComboFeatureValues (thrown in BasicEObjectImpl.eOpenIsSet),x86_64,2016-09-19T08:39:48.667Z
EcoreToolsPropertiesEditingPart.java EcoreToolsPropertiesEditingPart.java TabContents.java SafeRunner.java JFaceUtil.java SafeRunnable.java TabContents.java TabbedPropertySheetPage.java Viewer.java SafeRunner.java JFaceUtil.java SafeRunnable.java Viewer.java StructuredViewer.java StructuredViewer.java StructuredViewer.java OpenStrategy.java OpenStrategy.java OpenStrategy.java EventTable.java Display.java Widget.java Widget.java Widget.java Widget.java TabbedPropertyList.java TabbedPropertyList.java TypedListener.java EventTable.java Display.java Widget.java Widget.java Widget.java Widget.java Display.java Display.java PartRenderingEngine.java Realm.java PartRenderingEngine.java E4Workbench.java Workbench.java Realm.java Workbench.java PlatformUI.java IDEApplication.java EclipseAppHandle.java EclipseAppLauncher.java EclipseAppLauncher.java EclipseStarter.java EclipseStarter.java NativeMethodAccessorImpl.java NativeMethodAccessorImpl.java DelegatingMethodAccessorImpl.java Method.java Main.java Main.java Main.java,NullPointerException in EcoreToolsPropertiesEditingPart.initSemanticContents,x86_64,2016-12-04T20:44:09.608Z
CompositePropertiesEditionPart.java EcoreToolsPropertiesEditingPart.java TabContents.java SafeRunner.java JFaceUtil.java SafeRunnable.java TabContents.java TabbedPropertySheetPage.java Viewer.java SafeRunner.java JFaceUtil.java SafeRunnable.java Viewer.java StructuredViewer.java StructuredViewer.java StructuredViewer.java OpenStrategy.java OpenStrategy.java OpenStrategy.java EventTable.java Display.java Widget.java Widget.java Widget.java Widget.java TabbedPropertyList.java TabbedPropertyViewer.java StructuredViewer.java StructuredViewer.java Viewer.java TabbedPropertySheetPage.java TabbedPropertySheetPage.java PropertiesBrowserPage.java PropertySheet.java SelectionService.java SelectionService.java SelectionService.java SelectionService.java SelectionAggregator.java SafeRunner.java SelectionAggregator.java SelectionAggregator.java SelectionAggregator.java RunAndTrack.java SelectionAggregator.java TrackableComputationExt.java EclipseContext.java EclipseContext.java SelectionServiceImpl.java CompatibilityPart.java DiagramGraphicalViewer.java DiagramGraphicalViewer.java RunnableLock.java Synchronizer.java Display.java Display.java Window.java Window.java LogListener.java RunnableLock.java Synchronizer.java Display.java Display.java PartRenderingEngine.java Realm.java PartRenderingEngine.java E4Workbench.java Workbench.java Realm.java Workbench.java PlatformUI.java IDEApplication.java EclipseAppHandle.java EclipseAppLauncher.java EclipseAppLauncher.java EclipseStarter.java EclipseStarter.java NativeMethodAccessorImpl.java NativeMethodAccessorImpl.java DelegatingMethodAccessorImpl.java Method.java Main.java Main.java Main.java,NullPointerException in CompositePropertiesEditionPart.refresh,x86_64,2016-12-10T07:47:34.228Z
Synchronizer.java Display.java Display.java Window.java Window.java MarketplaceWizardCommand.java HandlerProxy.java E4HandlerProxy.java NativeMethodAccessorImpl.java NativeMethodAccessorImpl.java DelegatingMethodAccessorImpl.java Method.java MethodRequestor.java InjectorImpl.java InjectorImpl.java ContextInjectionFactory.java HandlerServiceHandler.java Command.java ParameterizedCommand.java HandlerServiceImpl.java HandledContributionItem.java HandledContributionItem.java HandledContributionItem.java HandledContributionItem.java EventTable.java Display.java Widget.java Widget.java Widget.java Widget.java Display.java Display.java PartRenderingEngine.java Realm.java PartRenderingEngine.java E4Workbench.java Workbench.java Realm.java Workbench.java PlatformUI.java IDEApplication.java EclipseAppHandle.java EclipseAppLauncher.java EclipseAppLauncher.java EclipseStarter.java EclipseStarter.java NativeMethodAccessorImpl.java NativeMethodAccessorImpl.java DelegatingMethodAccessorImpl.java Method.java Main.java Main.java Main.java,NullPointerException in CompletionProposalComparator.compare,x86_64,2016-12-06T07:48:20.482Z
MethodRequestor.java InjectorImpl.java InjectorImpl.java ContextInjectionFactory.java HandlerServiceHandler.java Command.java ParameterizedCommand.java HandlerServiceImpl.java LegacyHandlerService.java CommandContributionItem.java CommandContributionItem.java CommandContributionItem.java EventTable.java Display.java Widget.java Display.java Display.java PartRenderingEngine.java Realm.java PartRenderingEngine.java E4Workbench.java Workbench.java Realm.java Workbench.java PlatformUI.java IDEApplication.java EclipseAppHandle.java EclipseAppLauncher.java EclipseAppLauncher.java EclipseStarter.java EclipseStarter.java Main.java Main.java Main.java,NullPointerException below HandlerProxy.execute (thrown in AbstractIvyDEHandler.getProjectAndContainers),x86_64,2016-12-07T10:28:40.482Z
ISVNConnectorFactory.java SVNUtility.java SVNFolderListener.java ResourceDelta.java ResourceDelta.java ResourceDelta.java SVNFolderListener.java Workspace.java SVNFolderListener.java NotificationManager.java SafeRunner.java NotificationManager.java NotificationManager.java Workspace.java AutoBuildJob.java AutoBuildJob.java Worker.java,UnreportableException in ISVNConnectorFactory$1.createConnector,x86_64,2016-12-13T11:52:12.956Z
Assert.java SaveablesList.java SaveablesList.java SaveablesList.java SaveablesList.java AbstractTextEditor.java StatusTextEditor.java AbstractDecoratedTextEditor.java JavaEditor.java JavaEditor.java CompilationUnitEditor.java AbstractTextEditor.java AbstractTextEditor.java AbstractTextEditor.java AbstractTextEditor.java AbstractTextEditor.java TextFileDocumentProvider.java TextFileBufferManager.java SafeRunner.java TextFileBufferManager.java ResourceFileBuffer.java ResourceFileBuffer.java ResourceFileBuffer.java RunnableLock.java Synchronizer.java Display.java Display.java ModalContext.java ModalContext.java RefactoringWizardDialog2.java RefactoringWizard.java UserInputWizardPage.java ReorgMoveWizard.java RefactoringWizard.java RefactoringWizardDialog2.java Dialog.java Dialog.java TypedListener.java EventTable.java Display.java Widget.java Display.java Display.java Window.java Window.java RefactoringWizardOpenOperation.java BusyIndicator.java RefactoringWizardOpenOperation.java RefactoringWizardOpenOperation.java RefactoringStarter.java ReorgMoveStarter.java SelectionTransferDropAdapter.java SelectionTransferDropAdapter.java JdtViewerDropAdapter.java DelegatingDropAdapter.java SafeRunner.java JFaceUtil.java SafeRunnable.java DelegatingDropAdapter.java DNDListener.java EventTable.java Display.java Widget.java Widget.java Widget.java Widget.java DropTarget.java DropTarget.java DropTarget.java COMObject.java COM.java DragSource.java DragSource.java DragSource.java EventTable.java Display.java Widget.java Display.java Display.java PartRenderingEngine.java Realm.java PartRenderingEngine.java E4Workbench.java Workbench.java Realm.java Workbench.java PlatformUI.java IDEApplication.java EclipseAppHandle.java EclipseAppLauncher.java EclipseAppLauncher.java EclipseStarter.java EclipseStarter.java NativeMethodAccessorImpl.java NativeMethodAccessorImpl.java DelegatingMethodAccessorImpl.java Method.java Main.java Main.java Main.java Main.java,AssertionFailedException below JavaEditor.internalDoSetInput (thrown in SaveablesList.decrementRefCount),x86_64,2016-12-12T09:13:04.016Z
TestRunSession.java TestRunSession.java RemoteTestRunnerClient.java SafeRunner.java RemoteTestRunnerClient.java RemoteTestRunnerClient.java RemoteTestRunnerClient.java RemoteTestRunnerClient.java RemoteTestRunnerClient.java RemoteTestRunnerClient.java,Exception in TestRunSession$TestSessionNotifier.logUnexpectedTest,x86_64,2016-12-13T07:51:59.457Z
DefaultUiFreezeEventLogger.java EventLoopMonitorThread.java EventLoopMonitorThread.java,FreezeWarning below BlameInformationControl.setInput (thrown in FileInputStream.open),x86_64,2016-12-13T07:51:59.714Z
FetchCommand.java CloneCommand.java CloneCommand.java CloneOperation.java AbstractGitCloneWizard.java AbstractGitCloneWizard.java AbstractGitCloneWizard.java Worker.java,EOFException in PackParser.fill,x86_64,2016-11-20T04:10:15.973Z
Assert.java AbstractEditPart.java SelectionManager.java AbstractEditPartViewer.java CreationTool.java CreationTool.java CreationTool.java AbstractTool.java EditDomain.java DomainEventDispatcher.java LightweightSystem.java TypedListener.java EventTable.java Display.java Widget.java Display.java Display.java PartRenderingEngine.java Realm.java PartRenderingEngine.java E4Workbench.java Workbench.java Realm.java Workbench.java PlatformUI.java IDEApplication.java EclipseAppHandle.java EclipseAppLauncher.java EclipseAppLauncher.java EclipseStarter.java EclipseStarter.java NativeMethodAccessorImpl.java NativeMethodAccessorImpl.java DelegatingMethodAccessorImpl.java Method.java Main.java Main.java Main.java Main.java,IllegalArgumentException in AbstractEditPart.setSelected,x86_64,2016-12-10T07:46:27.570Z
MethodRequestor.java InjectorImpl.java InjectorImpl.java ContextInjectionFactory.java HandlerServiceHandler.java Command.java ParameterizedCommand.java HandlerServiceImpl.java HandledContributionItem.java HandledContributionItem.java HandledContributionItem.java HandledContributionItem.java EventTable.java Display.java Widget.java Display.java Display.java PartRenderingEngine.java Realm.java PartRenderingEngine.java E4Workbench.java Workbench.java Realm.java Workbench.java PlatformUI.java IDEApplication.java EclipseAppHandle.java EclipseAppLauncher.java EclipseAppLauncher.java EclipseStarter.java EclipseStarter.java Main.java Main.java Main.java,IOException below LazyProfileRegistryComponent.createService (thrown in ZipBundleFile.<init>),x86_64,2016-11-08T10:25:37.490Z
GapTextStore.java GapTextStore.java GapTextStore.java GapTextStore.java CopyOnWriteTextStore.java AbstractDocument.java AbstractDocument.java ConsoleDocument.java IOConsolePartitioner.java IOConsolePartitioner.java UIJob.java RunnableLock.java Synchronizer.java Display.java Display.java PartRenderingEngine.java Realm.java PartRenderingEngine.java E4Workbench.java Workbench.java Realm.java Workbench.java PlatformUI.java IDEApplication.java EclipseAppHandle.java EclipseAppLauncher.java EclipseAppLauncher.java EclipseStarter.java EclipseStarter.java NativeMethodAccessorImpl.java NativeMethodAccessorImpl.java DelegatingMethodAccessorImpl.java,OutOfMemoryError below ConsoleDocument.replace (thrown in GapTextStore.allocate),x86_64,2016-12-11T07:49:47.457Z
Assert.java Assert.java DocumentLineDiffer.java DocumentLineDiffer.java AbstractDocument.java AbstractDocument.java DocumentUndoManager.java DocumentUndoManager.java DefaultOperationHistory.java DefaultOperationHistory.java UndoActionHandler.java OperationHistoryActionHandler.java ModalContext.java ModalContext.java ProgressMonitorDialog.java TimeTriggeredProgressMonitorDialog.java TimeTriggeredProgressMonitorDialog.java BusyIndicator.java TimeTriggeredProgressMonitorDialog.java OperationHistoryActionHandler.java Action.java ActionHandler.java E4HandlerProxy.java DelegatingMethodAccessorImpl.java Method.java MethodRequestor.java InjectorImpl.java InjectorImpl.java ContextInjectionFactory.java HandlerServiceHandler.java Command.java ParameterizedCommand.java HandlerServiceImpl.java KeyBindingDispatcher.java KeyBindingDispatcher.java KeyBindingDispatcher.java KeyBindingDispatcher.java KeyBindingDispatcher.java KeyBindingDispatcher.java EventTable.java Display.java Display.java Widget.java Widget.java Widget.java Widget.java Widget.java Canvas.java Control.java Display.java OS.java NSResponder.java Composite.java Display.java OS.java Widget.java Widget.java Shell.java Display.java OS.java Display.java Display.java OS.java NSApplication.java Display.java PartRenderingEngine.java Realm.java PartRenderingEngine.java E4Workbench.java Workbench.java Realm.java Workbench.java PlatformUI.java IDEApplication.java EclipseAppHandle.java EclipseAppLauncher.java EclipseAppLauncher.java EclipseStarter.java EclipseStarter.java NativeMethodAccessorImpl.java NativeMethodAccessorImpl.java DelegatingMethodAccessorImpl.java Method.java Main.java Main.java Main.java,AssertionFailedException in DocumentLineDiffer.handleAboutToBeChanged,x86_64,2016-12-13T12:43:24.717Z
OrderedLock.java WorkbenchResourceHelper.java WorkbenchResourceHelper.java WorkbenchResourceHelper.java ResourceSetWorkbenchEditSynchronizer.java ResourceSetWorkbenchEditSynchronizer.java ResourceDelta.java ResourceDelta.java ResourceDelta.java ResourceDelta.java ResourceDelta.java ResourceSetWorkbenchEditSynchronizer.java ResourceSetWorkbenchEditSynchronizer.java ResourceSetWorkbenchEditSynchronizer.java NotificationManager.java SafeRunner.java NotificationManager.java NotificationManager.java Workspace.java Workspace.java Workspace.java AbstractMergedModelProvider.java AbstractMergedModelProvider.java AbstractMergedModelProvider.java JEE5ContentProvider.java Web25ContentProvider.java SafeDelegateTreeContentProvider.java SafeDelegateTreeContentProvider.java SafeDelegateTreeContentProvider.java NavigatorContentServiceContentProvider.java SafeRunner.java NavigatorContentServiceContentProvider.java NavigatorContentServiceContentProvider.java AbstractTreeViewer.java TreeViewer.java StructuredViewer.java AbstractTreeViewer.java AbstractTreeViewer.java BusyIndicator.java AbstractTreeViewer.java TreeViewer.java AbstractTreeViewer.java AbstractTreeViewer.java OpenAndExpand.java OpenAndExpand.java RetargetAction.java CommonNavigatorManager.java OpenAndLinkWithEditorHelper.java StructuredViewer.java SafeRunner.java JFaceUtil.java SafeRunnable.java StructuredViewer.java StructuredViewer.java CommonViewer.java StructuredViewer.java OpenStrategy.java OpenStrategy.java OpenStrategy.java EventTable.java Display.java Widget.java Display.java Display.java PartRenderingEngine.java Realm.java PartRenderingEngine.java E4Workbench.java Workbench.java Realm.java Workbench.java PlatformUI.java IDEApplication.java EclipseAppHandle.java EclipseAppLauncher.java EclipseAppLauncher.java EclipseStarter.java EclipseStarter.java NativeMethodAccessorImpl.java NativeMethodAccessorImpl.java DelegatingMethodAccessorImpl.java Method.java Main.java Main.java Main.java Main.java,InterruptedException below WorkbenchResourceHelper$FileAdapter.aquireSaveLock (thrown in OrderedLock.acquire),x86_64,2016-12-13T13:48:11.561Z
GitCloneTaskImpl.java SetupTaskPerformer.java SetupTaskPerformer.java SetupTaskPerformer.java Workspace.java SetupTaskPerformer.java SetupTaskPerformer.java SetupTaskPerformer.java SetupTaskPerformer.java SetupTaskPerformer.java ProgressPage.java ProgressPage.java Worker.java,ConnectException in HttpSupport.response,x86_64,2016-09-19T08:39:49.246Z
BasicEList.java QVTcoreBaseDeclarationVisitor.java QVTcoreBaseDeclarationVisitor.java QVTimperativeDeclarationVisitor.java EssentialOCLDeclarationVisitor.java VariableImpl.java Pivot2CSConversion.java Pivot2CSConversion.java QVTimperativeDeclarationVisitor.java QVTimperativeDeclarationVisitor.java GuardPatternImpl.java Pivot2CSConversion.java QVTcoreBaseDeclarationVisitor.java QVTcoreBaseDeclarationVisitor.java CoreDomainImpl.java Pivot2CSConversion.java Pivot2CSConversion.java QVTimperativeDeclarationVisitor.java QVTimperativeDeclarationVisitor.java MappingImpl.java Pivot2CSConversion.java Pivot2CSConversion.java QVTimperativeDeclarationVisitor.java QVTimperativeDeclarationVisitor.java ImperativeModelImpl.java Pivot2CSConversion.java Pivot2CSConversion.java Pivot2CSConversion.java Pivot2CS.java EssentialOCLCSResource.java BaseDocumentProvider.java FileDocumentProvider.java XtextDocumentProvider.java BaseDocumentProvider.java StorageDocumentProvider.java XtextDocumentProvider.java FileDocumentProvider.java XtextDocumentProvider.java AbstractDocumentProvider.java AbstractTextEditor.java StatusTextEditor.java AbstractDecoratedTextEditor.java TextEditor.java XtextEditor.java AbstractTextEditor.java ModalContext.java ModalContext.java WorkbenchWindow.java BusyIndicator.java WorkbenchWindow.java AbstractTextEditor.java AbstractTextEditor.java XtextEditor.java EditorReference.java CompatibilityPart.java MethodRequestor.java InjectorImpl.java InjectorImpl.java InjectorImpl.java InjectorImpl.java InjectorImpl.java ContextInjectionFactory.java ReflectionContributionFactory.java ReflectionContributionFactory.java ReflectionContributionFactory.java ContributedPartRenderer.java PartRenderingEngine.java PartRenderingEngine.java PartRenderingEngine.java PartRenderingEngine.java PartRenderingEngine.java SafeRunner.java PartRenderingEngine.java StackRenderer.java LazyStackRenderer.java UIEventHandler.java Synchronizer.java UISynchronizer.java Display.java E4Application.java UIEventHandler.java EventHandlerWrapper.java EventHandlerTracker.java EventHandlerTracker.java EventManager.java ListenerQueue.java EventAdminImpl.java EventAdminImpl.java EventComponent.java EventBroker.java UIEventPublisher.java BasicNotifierImpl.java ElementContainerImpl.java ModelServiceImpl.java ModelServiceImpl.java PartServiceImpl.java PartServiceImpl.java PartServiceImpl.java WorkbenchPage.java WorkbenchPage.java WorkbenchPage.java BusyIndicator.java WorkbenchPage.java WorkbenchPage.java OpenWithMenu.java OpenWithMenu.java EventTable.java Display.java Widget.java Display.java Display.java PartRenderingEngine.java Realm.java PartRenderingEngine.java E4Workbench.java Workbench.java Realm.java Workbench.java PlatformUI.java IDEApplication.java EclipseAppHandle.java EclipseAppLauncher.java EclipseAppLauncher.java EclipseStarter.java EclipseStarter.java Main.java Main.java Main.java Main.java,BasicIndexOutOfBoundsException below QVTcoreBaseDeclarationVisitor.getScope (thrown in BasicEList.get),x86_64,2016-09-19T08:39:49.254Z
FetchOperationUI.java FetchOperationUI.java InternalWorkspaceJob.java Worker.java,TransportException in Transport.fetch,x86_64,2016-12-13T07:52:02.240Z
NLWRtaGbLEltVRoM PcYEdybfOxHsqjST CcZkNmrehxdcoXH7 TsSQpwWvG2VASS+O TLZEAMiPt/AjuV7r ZOHqLO1Efh2lFQlS c+s2jBbpZ6LUc4Tt M2sATnD1mg8bbEdm aKmX0hKdRNbsV2Q9 SafeDelegateTreeContentProvider.java NavigatorContentServiceContentProvider.java NavigatorContentServiceContentProvider.java NavigatorContentServiceContentProvider.java SafeRunner.java NavigatorContentServiceContentProvider.java NavigatorContentServiceContentProvider.java AbstractTreeViewer.java TreeViewer.java AbstractTreeViewer.java AbstractTreeViewer.java TreeViewer.java AbstractTreeViewer.java AbstractTreeViewer.java BusyIndicator.java AbstractTreeViewer.java TreeViewer.java AbstractTreeViewer.java AbstractTreeViewer.java TreeViewer.java AbstractTreeViewer.java TypedListener.java EventTable.java Display.java Widget.java Widget.java Widget.java Tree.java Widget.java Display.java OS.java OS.java Display.java OS.java OS.java Display.java PartRenderingEngine.java Realm.java PartRenderingEngine.java E4Workbench.java Workbench.java Realm.java Workbench.java PlatformUI.java IDEApplication.java EclipseAppHandle.java EclipseAppLauncher.java EclipseAppLauncher.java EclipseStarter.java EclipseStarter.java NativeMethodAccessorImpl.java NativeMethodAccessorImpl.java DelegatingMethodAccessorImpl.java Method.java Main.java Main.java Main.java Main.java,3rd party caused NullPointerException below SafeDelegateTreeContentProvider.hasChildren,x86_64,2016-12-12T07:51:30.910Z
Synchronizer.java Display.java Display.java PartRenderingEngine.java Realm.java PartRenderingEngine.java E4Workbench.java Workbench.java Realm.java Workbench.java PlatformUI.java IDEApplication.java EclipseAppHandle.java EclipseAppLauncher.java EclipseAppLauncher.java EclipseStarter.java EclipseStarter.java NativeMethodAccessorImpl.java NativeMethodAccessorImpl.java DelegatingMethodAccessorImpl.java Method.java Main.java Main.java Main.java,3rd party caused IllegalStateException below StructuredViewer.setInput,x86_64,2016-12-13T08:17:42.810Z
DOMParser.java DocumentBuilderImpl.java MirrorSelector.java MirrorSelector.java MirrorSelector.java MirrorSelector.java SimpleArtifactRepository.java SimpleArtifactRepository.java SimpleArtifactRepository.java MirrorRequest.java MirrorRequest.java MirrorRequest.java MirrorRequest.java SimpleArtifactRepository.java SimpleArtifactRepository.java DownloadManager.java DownloadManager.java Collect.java Phase.java Phase.java PhaseSet.java Engine.java Engine.java ProvisioningSession.java ProfileModificationJob.java ProvisioningJob.java Worker.java,HIDDEN below MirrorSelector.computeMirrors (thrown in DOMParser.parse),x86,2016-12-09T07:48:08.199Z
JavadocContents.java BinaryType.java JavadocContentAccess2.java JavadocHover.java JavadocHover.java JavadocHover.java BestMatchHover.java BestMatchHover.java JavaEditorTextHoverProxy.java TextViewerHoverManager.java,JavaModelException below JavadocContentAccess2.getHTMLContent (thrown in JavadocContents.getTypeDoc),x86,2016-12-13T07:52:04.031Z
Signature.java Signature.java CompilationUnitStructureRequestor.java CompletionUnitStructureRequestor.java CompilationUnitStructureRequestor.java SourceElementNotifier.java CompletionElementNotifier.java SourceElementNotifier.java CompletionElementNotifier.java SourceElementNotifier.java CompletionElementNotifier.java SourceElementNotifier.java CompletionElementNotifier.java InternalExtendedCompletionContext.java InternalExtendedCompletionContext.java InternalCompletionContext.java CompletionProposalCollector.java CompletionProposalCollector.java ProposalCollectingCompletionRequestor.java ProposalCollectingCompletionRequestor.java CompletionEngine.java CompletionEngine.java CompletionEngine.java CompletionEngine.java Openable.java CompilationUnit.java CompilationUnit.java SubwordsSessionProcessor.java SubwordsSessionProcessor.java SubwordsSessionProcessor.java IntelligentCompletionProposalComputer.java IntelligentCompletionProposalComputer.java CompletionProposalComputerDescriptor.java CompletionProposalCategory.java ContentAssistProcessor.java ContentAssistProcessor.java ContentAssistant.java CompletionProposalPopup.java CompletionProposalPopup.java CompletionProposalPopup.java BusyIndicator.java CompletionProposalPopup.java ContentAssistant.java CompilationUnitEditor.java ContentAssistAction.java BusyIndicator.java ContentAssistAction.java Action.java ActionHandler.java E4HandlerProxy.java MethodRequestor.java InjectorImpl.java InjectorImpl.java ContextInjectionFactory.java HandlerServiceHandler.java Command.java ParameterizedCommand.java HandlerServiceImpl.java KeyBindingDispatcher.java KeyBindingDispatcher.java KeyBindingDispatcher.java KeyBindingDispatcher.java KeyBindingDispatcher.java KeyBindingDispatcher.java EventTable.java Display.java Widget.java Widget.java Widget.java Widget.java Widget.java Widget.java Control.java Canvas.java Control.java Canvas.java Display.java OS.java OS.java Display.java PartRenderingEngine.java Realm.java PartRenderingEngine.java E4Workbench.java Workbench.java Realm.java Workbench.java PlatformUI.java IDEApplication.java EclipseAppHandle.java EclipseAppLauncher.java EclipseAppLauncher.java EclipseStarter.java EclipseStarter.java Main.java Main.java Main.java Main.java,IllegalArgumentException in Signature.createCharArrayTypeSignature,x86_64,2016-12-13T15:06:08.269Z
ExtensionRegistry.java ConfigurationElement.java ConfigurationElementHandle.java DefaultGitSnippetRepositoryConfigurations.java EclipseGitSnippetRepository.java DefaultEclipseGitSnippetRepositoryConfigurationImpl.java RepositoryConfigurations.java SnipmatchRcpModule.java NativeMethodAccessorImpl.java NativeMethodAccessorImpl.java DelegatingMethodAccessorImpl.java Method.java GDMeYBfzQ8owIBBR OfMpIMCFMJAgrPf6 jYvCYB4pJWmaixWC NK3pMJ/Rx4TwWHFp gR2/IZr1B+muEh6T i1HtEqfwkaLqnQaH fconEVHM2dtwFVHB FvpNoqmDOSNH7wYE Deltq3nDhvu0rYrk bOjXqwKBmmvYj8Sy Soz8veMK7aP7S8CM cdl38Mfxcdm+PV2z B2Dfdj8B3qUfvV7p limOyrPAGd8T5xy3 WFvYRXuTpJt7B5a4 GiDwlx9xEk4h/D6B cS4vluu1uISa26YF YpcFJT4dT3vD0/qH O3WORwS7to+5yJuW LzZvK+YgS1ognqdk hX2pLHWrj/Vol+cg h+z5siuSrFj7qaVw YdDS1+wcODv5t2gX jIXMJ1e1FvlB8rPv ExtensionFactory.java ExtensionFactory.java ConfigurationElement.java ConfigurationElementHandle.java WorkbenchPlugin.java WorkbenchPreferenceNode.java PreferenceDialog.java FilteredPreferenceDialog.java PreferenceDialog.java FilteredPreferenceDialog.java PreferenceDialog.java BusyIndicator.java PreferenceDialog.java StructuredViewer.java SafeRunner.java JFaceUtil.java SafeRunnable.java StructuredViewer.java StructuredViewer.java StructuredViewer.java OpenStrategy.java OpenStrategy.java OpenStrategy.java RunnableLock.java Synchronizer.java Display.java Display.java OS.java Display.java Display.java OS.java Widget.java Widget.java Tree.java Widget.java Control.java Tree.java Display.java OS.java Widget.java Widget.java Shell.java Display.java OS.java Display.java Display.java OS.java NSApplication.java Display.java Window.java Window.java WorkbenchPreferenceDialog.java ShowPreferencePageHandler.java HandlerProxy.java E4HandlerProxy.java NativeMethodAccessorImpl.java NativeMethodAccessorImpl.java DelegatingMethodAccessorImpl.java Method.java MethodRequestor.java InjectorImpl.java InjectorImpl.java ContextInjectionFactory.java HandlerServiceHandler.java Command.java ParameterizedCommand.java HandlerServiceImpl.java HandlerServiceImpl.java CocoaUIHandler.java CocoaUIHandler.java CocoaUIHandler.java TypedListener.java EventTable.java Display.java Widget.java Widget.java Widget.java Widget.java Display.java Display.java PartRenderingEngine.java Realm.java PartRenderingEngine.java E4Workbench.java Workbench.java Realm.java Workbench.java PlatformUI.java IDEApplication.java EclipseAppHandle.java EclipseAppLauncher.java EclipseAppLauncher.java EclipseStarter.java EclipseStarter.java NativeMethodAccessorImpl.java NativeMethodAccessorImpl.java DelegatingMethodAccessorImpl.java Method.java Main.java Main.java Main.java,IllegalArgumentException below DefaultGitSnippetRepositoryConfigurations.fetchDefaultConfigurations (thrown in ExtensionRegistry.logMultiLangError),x86_64,2016-09-19T08:39:49.674Z
WinCrypto.java PasswordProviderModuleExt.java SecurePreferencesRoot.java SecurePreferencesRoot.java SecurePreferences.java SecurePreferencesWrapper.java PreferencesUtil.java PreferencesUtil.java PreferencesUtil.java PreferencesUtil.java PreferencesUtil.java PreferencesRecorder.java PreferencesRecorder.java RecorderManager.java EventTable.java Display.java Display.java Display.java Composite.java Composite.java Composite.java Composite.java FilteredPreferenceDialog.java FilteredPreferenceDialog.java PreferenceDialog.java Dialog.java PreferenceDialog.java PreferenceDialog.java BusyIndicator.java PreferenceDialog.java Window.java Dialog.java WorkbenchPreferenceDialog.java PreferencesUtil.java PreferencesUtil.java OpenPreferencesAction.java Action.java ActionContributionItem.java ActionContributionItem.java ActionContributionItem.java EventTable.java Display.java Widget.java Display.java Display.java PartRenderingEngine.java Realm.java PartRenderingEngine.java E4Workbench.java Workbench.java Realm.java Workbench.java PlatformUI.java IDEApplication.java EclipseAppHandle.java EclipseAppLauncher.java EclipseAppLauncher.java EclipseStarter.java EclipseStarter.java Main.java Main.java Main.java Main.java,StorageException below PreferencesUtil$SecurePreferenceWapper.get (thrown in WinCrypto.getPassword),x86_64,2016-12-09T07:48:09.032Z
JavaElement.java Hashtable.java Hashtable.java LRUCache.java JavaModelCache.java JavaModelManager.java BinaryType.java JavaElement.java BinaryType.java JavaElementLabelComposer.java JavaElementLabelComposer.java JavaElementLabelComposer.java JavaElementLabelComposer.java JavaElementLabels.java JavaElementLabels.java JavaElementLabels.java JavaUILabelProvider.java DelegatingStyledCellLabelProvider.java DecoratingStyledCellLabelProvider.java ColoringLabelProvider.java AbstractInformationControl.java AbstractInformationControl.java AbstractInformationControl.java AbstractInformationControl.java AbstractInformationControl.java AbstractInformationControl.java AbstractInformationControl.java AbstractInformationControl.java AbstractInformationControl.java AbstractInformationControl.java AbstractInformationControl.java AbstractInformationControl.java AbstractInformationControl.java AbstractInformationControl.java AbstractInformationControl.java AbstractInformationControl.java AbstractInformationControl.java AbstractInformationControl.java AbstractInformationControl.java AbstractInformationControl.java AbstractInformationControl.java AbstractInformationControl.java AbstractInformationControl.java AbstractInformationControl.java AbstractInformationControl.java AbstractInformationControl.java AbstractInformationControl.java AbstractInformationControl.java AbstractInformationControl.java AbstractInformationControl.java AbstractInformationControl.java AbstractInformationControl.java AbstractInformationControl.java AbstractInformationControl.java AbstractInformationControl.java AbstractInformationControl.java AbstractInformationControl.java AbstractInformationControl.java AbstractInformationControl.java AbstractInformationControl.java AbstractInformationControl.java AbstractInformationControl.java AbstractInformationControl.java AbstractInformationControl.java AbstractInformationControl.java AbstractInformationControl.java AbstractInformationControl.java AbstractInformationControl.java AbstractInformationControl.java AbstractInformationControl.java AbstractInformationControl.java AbstractInformationControl.java AbstractInformationControl.java AbstractInformationControl.java AbstractInformationControl.java AbstractInformationControl.java AbstractInformationControl.java AbstractInformationControl.java AbstractInformationControl.java AbstractInformationControl.java AbstractInformationControl.java AbstractInformationControl.java AbstractInformationControl.java AbstractInformationControl.java AbstractInformationControl.java AbstractInformationControl.java AbstractInformationControl.java AbstractInformationControl.java AbstractInformationControl.java AbstractInformationControl.java AbstractInformationControl.java AbstractInformationControl.java AbstractInformationControl.java AbstractInformationControl.java AbstractInformationControl.java AbstractInformationControl.java AbstractInformationControl.java AbstractInformationControl.java AbstractInformationControl.java AbstractInformationControl.java AbstractInformationControl.java AbstractInformationControl.java AbstractInformationControl.java AbstractInformationControl.java AbstractInformationControl.java AbstractInformationControl.java AbstractInformationControl.java AbstractInformationControl.java AbstractInformationControl.java AbstractInformationControl.java AbstractInformationControl.java AbstractInformationControl.java AbstractInformationControl.java AbstractInformationControl.java AbstractInformationControl.java AbstractInformationControl.java AbstractInformationControl.java AbstractInformationControl.java AbstractInformationControl.java AbstractInformationControl.java AbstractInformationControl.java AbstractInformationControl.java AbstractInformationControl.java AbstractInformationControl.java AbstractInformationControl.java AbstractInformationControl.java AbstractInformationControl.java AbstractInformationControl.java AbstractInformationControl.java AbstractInformationControl.java AbstractInformationControl.java AbstractInformationControl.java AbstractInformationControl.java AbstractInformationControl.java AbstractInformationControl.java AbstractInformationControl.java AbstractInformationControl.java AbstractInformationControl.java AbstractInformationControl.java AbstractInformationControl.java AbstractInformationControl.java AbstractInformationControl.java AbstractInformationControl.java AbstractInformationControl.java AbstractInformationControl.java AbstractInformationControl.java AbstractInformationControl.java AbstractInformationControl.java AbstractInformationControl.java AbstractInformationControl.java AbstractInformationControl.java AbstractInformationControl.java AbstractInformationControl.java AbstractInformationControl.java AbstractInformationControl.java AbstractInformationControl.java AbstractInformationControl.java AbstractInformationControl.java AbstractInformationControl.java AbstractInformationControl.java AbstractInformationControl.java AbstractInformationControl.java AbstractInformationControl.java AbstractInformationControl.java AbstractInformationControl.java AbstractInformationControl.java AbstractInformationControl.java AbstractInformationControl.java AbstractInformationControl.java AbstractInformationControl.java AbstractInformationControl.java AbstractInformationControl.java AbstractInformationControl.java AbstractInformationControl.java AbstractInformationControl.java AbstractInformationControl.java AbstractInformationControl.java AbstractInformationControl.java AbstractInformationControl.java AbstractInformationControl.java AbstractInformationControl.java AbstractInformationControl.java AbstractInformationControl.java AbstractInformationControl.java AbstractInformationControl.java AbstractInformationControl.java AbstractInformationControl.java AbstractInformationControl.java AbstractInformationControl.java AbstractInformationControl.java AbstractInformationControl.java AbstractInformationControl.java AbstractInformationControl.java AbstractInformationControl.java AbstractInformationControl.java AbstractInformationControl.java AbstractInformationControl.java AbstractInformationControl.java AbstractInformationControl.java AbstractInformationControl.java AbstractInformationControl.java AbstractInformationControl.java AbstractInformationControl.java AbstractInformationControl.java AbstractInformationControl.java AbstractInformationControl.java AbstractInformationControl.java AbstractInformationControl.java AbstractInformationControl.java AbstractInformationControl.java AbstractInformationControl.java AbstractInformationControl.java AbstractInformationControl.java AbstractInformationControl.java AbstractInformationControl.java AbstractInformationControl.java AbstractInformationControl.java AbstractInformationControl.java AbstractInformationControl.java AbstractInformationControl.java AbstractInformationControl.java AbstractInformationControl.java AbstractInformationControl.java AbstractInformationControl.java AbstractInformationControl.java AbstractInformationControl.java AbstractInformationControl.java AbstractInformationControl.java AbstractInformationControl.java AbstractInformationControl.java AbstractInformationControl.java AbstractInformationControl.java AbstractInformationControl.java AbstractInformationControl.java AbstractInformationControl.java AbstractInformationControl.java AbstractInformationControl.java AbstractInformationControl.java AbstractInformationControl.java AbstractInformationControl.java AbstractInformationControl.java AbstractInformationControl.java AbstractInformationControl.java AbstractInformationControl.java AbstractInformationControl.java AbstractInformationControl.java AbstractInformationControl.java AbstractInformationControl.java AbstractInformationControl.java AbstractInformationControl.java AbstractInformationControl.java AbstractInformationControl.java AbstractInformationControl.java AbstractInformationControl.java AbstractInformationControl.java AbstractInformationControl.java AbstractInformationControl.java AbstractInformationControl.java AbstractInformationControl.java AbstractInformationControl.java AbstractInformationControl.java AbstractInformationControl.java AbstractInformationControl.java AbstractInformationControl.java AbstractInformationControl.java AbstractInformationControl.java AbstractInformationControl.java AbstractInformationControl.java AbstractInformationControl.java AbstractInformationControl.java AbstractInformationControl.java AbstractInformationControl.java AbstractInformationControl.java AbstractInformationControl.java AbstractInformationControl.java AbstractInformationControl.java AbstractInformationControl.java AbstractInformationControl.java AbstractInformationControl.java AbstractInformationControl.java AbstractInformationControl.java AbstractInformationControl.java AbstractInformationControl.java AbstractInformationControl.java AbstractInformationControl.java AbstractInformationControl.java AbstractInformationControl.java AbstractInformationControl.java AbstractInformationControl.java AbstractInformationControl.java AbstractInformationControl.java AbstractInformationControl.java AbstractInformationControl.java AbstractInformationControl.java AbstractInformationControl.java AbstractInformationControl.java AbstractInformationControl.java AbstractInformationControl.java AbstractInformationControl.java AbstractInformationControl.java AbstractInformationControl.java AbstractInformationControl.java AbstractInformationControl.java AbstractInformationControl.java AbstractInformationControl.java AbstractInformationControl.java AbstractInformationControl.java AbstractInformationControl.java AbstractInformationControl.java AbstractInformationControl.java AbstractInformationControl.java AbstractInformationControl.java AbstractInformationControl.java AbstractInformationControl.java AbstractInformationControl.java AbstractInformationControl.java AbstractInformationControl.java AbstractInformationControl.java AbstractInformationControl.java AbstractInformationControl.java AbstractInformationControl.java AbstractInformationControl.java AbstractInformationControl.java AbstractInformationControl.java AbstractInformationControl.java AbstractInformationControl.java AbstractInformationControl.java AbstractInformationControl.java AbstractInformationControl.java AbstractInformationControl.java AbstractInformationControl.java AbstractInformationControl.java AbstractInformationControl.java AbstractInformationControl.java AbstractInformationControl.java AbstractInformationControl.java AbstractInformationControl.java AbstractInformationControl.java AbstractInformationControl.java AbstractInformationControl.java AbstractInformationControl.java AbstractInformationControl.java AbstractInformationControl.java AbstractInformationControl.java AbstractInformationControl.java AbstractInformationControl.java AbstractInformationControl.java AbstractInformationControl.java AbstractInformationControl.java AbstractInformationControl.java AbstractInformationControl.java AbstractInformationControl.java AbstractInformationControl.java AbstractInformationControl.java AbstractInformationControl.java AbstractInformationControl.java AbstractInformationControl.java AbstractInformationControl.java AbstractInformationControl.java AbstractInformationControl.java AbstractInformationControl.java AbstractInformationControl.java AbstractInformationControl.java AbstractInformationControl.java AbstractInformationControl.java AbstractInformationControl.java AbstractInformationControl.java AbstractInformationControl.java AbstractInformationControl.java AbstractInformationControl.java AbstractInformationControl.java AbstractInformationControl.java AbstractInformationControl.java AbstractInformationControl.java AbstractInformationControl.java AbstractInformationControl.java AbstractInformationControl.java AbstractInformationControl.java AbstractInformationControl.java AbstractInformationControl.java AbstractInformationControl.java AbstractInformationControl.java AbstractInformationControl.java AbstractInformationControl.java AbstractInformationControl.java AbstractInformationControl.java AbstractInformationControl.java AbstractInformationControl.java AbstractInformationControl.java AbstractInformationControl.java AbstractInformationControl.java AbstractInformationControl.java AbstractInformationControl.java AbstractInformationControl.java AbstractInformationControl.java AbstractInformationControl.java AbstractInformationControl.java AbstractInformationControl.java AbstractInformationControl.java AbstractInformationControl.java AbstractInformationControl.java AbstractInformationControl.java AbstractInformationControl.java AbstractInformationControl.java AbstractInformationControl.java AbstractInformationControl.java AbstractInformationControl.java AbstractInformationControl.java AbstractInformationControl.java AbstractInformationControl.java AbstractInformationControl.java AbstractInformationControl.java AbstractInformationControl.java AbstractInformationControl.java AbstractInformationControl.java AbstractInformationControl.java AbstractInformationControl.java AbstractInformationControl.java AbstractInformationControl.java AbstractInformationControl.java AbstractInformationControl.java AbstractInformationControl.java AbstractInformationControl.java AbstractInformationControl.java AbstractInformationControl.java AbstractInformationControl.java AbstractInformationControl.java AbstractInformationControl.java AbstractInformationControl.java AbstractInformationControl.java AbstractInformationControl.java AbstractInformationControl.java AbstractInformationControl.java AbstractInformationControl.java AbstractInformationControl.java AbstractInformationControl.java AbstractInformationControl.java AbstractInformationControl.java AbstractInformationControl.java AbstractInformationControl.java AbstractInformationControl.java AbstractInformationControl.java AbstractInformationControl.java AbstractInformationControl.java AbstractInformationControl.java AbstractInformationControl.java AbstractInformationControl.java AbstractInformationControl.java AbstractInformationControl.java AbstractInformationControl.java AbstractInformationControl.java AbstractInformationControl.java AbstractInformationControl.java AbstractInformationControl.java AbstractInformationControl.java AbstractInformationControl.java AbstractInformationControl.java AbstractInformationControl.java AbstractInformationControl.java AbstractInformationControl.java AbstractInformationControl.java AbstractInformationControl.java AbstractInformationControl.java AbstractInformationControl.java AbstractInformationControl.java AbstractInformationControl.java AbstractInformationControl.java AbstractInformationControl.java AbstractInformationControl.java AbstractInformationControl.java AbstractInformationControl.java AbstractInformationControl.java AbstractInformationControl.java AbstractInformationControl.java AbstractInformationControl.java AbstractInformationControl.java AbstractInformationControl.java AbstractInformationControl.java AbstractInformationControl.java AbstractInformationControl.java AbstractInformationControl.java AbstractInformationControl.java AbstractInformationControl.java AbstractInformationControl.java AbstractInformationControl.java AbstractInformationControl.java AbstractInformationControl.java AbstractInformationControl.java AbstractInformationControl.java AbstractInformationControl.java AbstractInformationControl.java AbstractInformationControl.java AbstractInformationControl.java AbstractInformationControl.java AbstractInformationControl.java AbstractInformationControl.java AbstractInformationControl.java AbstractInformationControl.java AbstractInformationControl.java AbstractInformationControl.java AbstractInformationControl.java AbstractInformationControl.java AbstractInformationControl.java AbstractInformationControl.java AbstractInformationControl.java AbstractInformationControl.java AbstractInformationControl.java AbstractInformationControl.java AbstractInformationControl.java AbstractInformationControl.java AbstractInformationControl.java AbstractInformationControl.java AbstractInformationControl.java AbstractInformationControl.java AbstractInformationControl.java AbstractInformationControl.java AbstractInformationControl.java AbstractInformationControl.java AbstractInformationControl.java AbstractInformationControl.java AbstractInformationControl.java AbstractInformationControl.java AbstractInformationControl.java AbstractInformationControl.java AbstractInformationControl.java AbstractInformationControl.java AbstractInformationControl.java AbstractInformationControl.java AbstractInformationControl.java AbstractInformationControl.java AbstractInformationControl.java AbstractInformationControl.java AbstractInformationControl.java AbstractInformationControl.java AbstractInformationControl.java AbstractInformationControl.java AbstractInformationControl.java AbstractInformationControl.java AbstractInformationControl.java AbstractInformationControl.java AbstractInformationControl.java AbstractInformationControl.java AbstractInformationControl.java AbstractInformationControl.java AbstractInformationControl.java AbstractInformationControl.java AbstractInformationControl.java AbstractInformationControl.java AbstractInformationControl.java AbstractInformationControl.java AbstractInformationControl.java AbstractInformationControl.java AbstractInformationControl.java AbstractInformationControl.java AbstractInformationControl.java AbstractInformationControl.java AbstractInformationControl.java AbstractInformationControl.java AbstractInformationControl.java AbstractInformationControl.java AbstractInformationControl.java AbstractInformationControl.java AbstractInformationControl.java AbstractInformationControl.java AbstractInformationControl.java AbstractInformationControl.java AbstractInformationControl.java AbstractInformationControl.java AbstractInformationControl.java AbstractInformationControl.java AbstractInformationControl.java AbstractInformationControl.java AbstractInformationControl.java AbstractInformationControl.java AbstractInformationControl.java AbstractInformationControl.java AbstractInformationControl.java AbstractInformationControl.java AbstractInformationControl.java AbstractInformationControl.java AbstractInformationControl.java AbstractInformationControl.java AbstractInformationControl.java AbstractInformationControl.java AbstractInformationControl.java AbstractInformationControl.java AbstractInformationControl.java AbstractInformationControl.java AbstractInformationControl.java AbstractInformationControl.java AbstractInformationControl.java AbstractInformationControl.java AbstractInformationControl.java AbstractInformationControl.java AbstractInformationControl.java AbstractInformationControl.java AbstractInformationControl.java AbstractInformationControl.java AbstractInformationControl.java AbstractInformationControl.java AbstractInformationControl.java AbstractInformationControl.java AbstractInformationControl.java AbstractInformationControl.java AbstractInformationControl.java AbstractInformationControl.java AbstractInformationControl.java AbstractInformationControl.java AbstractInformationControl.java AbstractInformationControl.java AbstractInformationControl.java AbstractInformationControl.java AbstractInformationControl.java AbstractInformationControl.java AbstractInformationControl.java AbstractInformationControl.java AbstractInformationControl.java AbstractInformationControl.java AbstractInformationControl.java AbstractInformationControl.java AbstractInformationControl.java AbstractInformationControl.java AbstractInformationControl.java AbstractInformationControl.java AbstractInformationControl.java AbstractInformationControl.java AbstractInformationControl.java AbstractInformationControl.java AbstractInformationControl.java AbstractInformationControl.java AbstractInformationControl.java AbstractInformationControl.java AbstractInformationControl.java AbstractInformationControl.java AbstractInformationControl.java AbstractInformationControl.java AbstractInformationControl.java AbstractInformationControl.java AbstractInformationControl.java AbstractInformationControl.java AbstractInformationControl.java AbstractInformationControl.java AbstractInformationControl.java AbstractInformationControl.java AbstractInformationControl.java AbstractInformationControl.java AbstractInformationControl.java AbstractInformationControl.java AbstractInformationControl.java AbstractInformationControl.java AbstractInformationControl.java AbstractInformationControl.java AbstractInformationControl.java AbstractInformationControl.java AbstractInformationControl.java AbstractInformationControl.java AbstractInformationControl.java AbstractInformationControl.java AbstractInformationControl.java AbstractInformationControl.java AbstractInformationControl.java AbstractInformationControl.java AbstractInformationControl.java AbstractInformationControl.java AbstractInformationControl.java AbstractInformationControl.java AbstractInformationControl.java AbstractInformationControl.java AbstractInformationControl.java AbstractInformationControl.java AbstractInformationControl.java AbstractInformationControl.java AbstractInformationControl.java AbstractInformationControl.java AbstractInformationControl.java AbstractInformationControl.java AbstractInformationControl.java AbstractInformationControl.java AbstractInformationControl.java AbstractInformationControl.java AbstractInformationControl.java AbstractInformationControl.java AbstractInformationControl.java AbstractInformationControl.java AbstractInformationControl.java AbstractInformationControl.java AbstractInformationControl.java AbstractInformationControl.java AbstractInformationControl.java AbstractInformationControl.java AbstractInformationControl.java AbstractInformationControl.java AbstractInformationControl.java AbstractInformationControl.java AbstractInformationControl.java AbstractInformationControl.java AbstractInformationControl.java AbstractInformationControl.java AbstractInformationControl.java AbstractInformationControl.java AbstractInformationControl.java AbstractInformationControl.java AbstractInformationControl.java AbstractInformationControl.java AbstractInformationControl.java AbstractInformationControl.java AbstractInformationControl.java AbstractInformationControl.java AbstractInformationControl.java AbstractInformationControl.java AbstractInformationControl.java AbstractInformationControl.java AbstractInformationControl.java AbstractInformationControl.java AbstractInformationControl.java AbstractInformationControl.java AbstractInformationControl.java AbstractInformationControl.java AbstractInformationControl.java AbstractInformationControl.java AbstractInformationControl.java AbstractInformationControl.java AbstractInformationControl.java AbstractInformationControl.java AbstractInformationControl.java AbstractInformationControl.java AbstractInformationControl.java AbstractInformationControl.java AbstractInformationControl.java AbstractInformationControl.java AbstractInformationControl.java AbstractInformationControl.java AbstractInformationControl.java AbstractInformationControl.java AbstractInformationControl.java AbstractInformationControl.java AbstractInformationControl.java AbstractInformationControl.java AbstractInformationControl.java AbstractInformationControl.java AbstractInformationControl.java AbstractInformationControl.java AbstractInformationControl.java AbstractInformationControl.java AbstractInformationControl.java AbstractInformationControl.java AbstractInformationControl.java AbstractInformationControl.java AbstractInformationControl.java AbstractInformationControl.java AbstractInformationControl.java AbstractInformationControl.java AbstractInformationControl.java AbstractInformationControl.java AbstractInformationControl.java AbstractInformationControl.java AbstractInformationControl.java AbstractInformationControl.java AbstractInformationControl.java AbstractInformationControl.java AbstractInformationControl.java AbstractInformationControl.java AbstractInformationControl.java AbstractInformationControl.java AbstractInformationControl.java AbstractInformationControl.java AbstractInformationControl.java AbstractInformationControl.java AbstractInformationControl.java AbstractInformationControl.java AbstractInformationControl.java AbstractInformationControl.java AbstractInformationControl.java AbstractInformationControl.java AbstractInformationControl.java AbstractInformationControl.java AbstractInformationControl.java AbstractInformationControl.java AbstractInformationControl.java AbstractInformationControl.java AbstractInformationControl.java AbstractInformationControl.java AbstractInformationControl.java AbstractInformationControl.java AbstractInformationControl.java AbstractInformationControl.java AbstractInformationControl.java AbstractInformationControl.java AbstractInformationControl.java AbstractInformationControl.java AbstractInformationControl.java AbstractInformationControl.java AbstractInformationControl.java AbstractInformationControl.java AbstractInformationControl.java AbstractInformationControl.java AbstractInformationControl.java AbstractInformationControl.java AbstractInformationControl.java AbstractInformationControl.java AbstractInformationControl.java AbstractInformationControl.java AbstractInformationControl.java AbstractInformationControl.java AbstractInformationControl.java AbstractInformationControl.java AbstractInformationControl.java AbstractInformationControl.java AbstractInformationControl.java AbstractInformationControl.java AbstractInformationControl.java AbstractInformationControl.java AbstractInformationControl.java AbstractInformationControl.java AbstractInformationControl.java AbstractInformationControl.java AbstractInformationControl.java AbstractInformationControl.java AbstractInformationControl.java AbstractInformationControl.java AbstractInformationControl.java AbstractInformationControl.java AbstractInformationControl.java AbstractInformationControl.java AbstractInformationControl.java AbstractInformationControl.java AbstractInformationControl.java AbstractInformationControl.java AbstractInformationControl.java AbstractInformationControl.java AbstractInformationControl.java AbstractInformationControl.java AbstractInformationControl.java AbstractInformationControl.java AbstractInformationControl.java AbstractInformationControl.java AbstractInformationControl.java AbstractInformationControl.java AbstractInformationControl.java AbstractInformationControl.java AbstractInformationControl.java AbstractInformationControl.java AbstractInformationControl.java AbstractInformationControl.java AbstractInformationControl.java AbstractInformationControl.java AbstractInformationControl.java AbstractInformationControl.java AbstractInformationControl.java AbstractInformationControl.java AbstractInformationControl.java AbstractInformationControl.java AbstractInformationControl.java AbstractInformationControl.java AbstractInformationControl.java AbstractInformationControl.java AbstractInformationControl.java AbstractInformationControl.java AbstractInformationControl.java AbstractInformationControl.java AbstractInformationControl.java AbstractInformationControl.java AbstractInformationControl.java AbstractInformationControl.java AbstractInformationControl.java AbstractInformationControl.java AbstractInformationControl.java AbstractInformationControl.java AbstractInformationControl.java AbstractInformationControl.java AbstractInformationControl.java AbstractInformationControl.java AbstractInformationControl.java AbstractInformationControl.java AbstractInformationControl.java AbstractInformationControl.java AbstractInformationControl.java AbstractInformationControl.java AbstractInformationControl.java AbstractInformationControl.java AbstractInformationControl.java AbstractInformationControl.java AbstractInformationControl.java AbstractInformationControl.java AbstractInformationControl.java AbstractInformationControl.java AbstractInformationControl.java AbstractInformationControl.java AbstractInformationControl.java AbstractInformationControl.java AbstractInformationControl.java AbstractInformationControl.java AbstractInformationControl.java AbstractInformationControl.java AbstractInformationControl.java AbstractInformationControl.java AbstractInformationControl.java AbstractInformationControl.java AbstractInformationControl.java AbstractInformationControl.java AbstractInformationControl.java AbstractInformationControl.java AbstractInformationControl.java AbstractInformationControl.java AbstractInformationControl.java AbstractInformationControl.java AbstractInformationControl.java AbstractInformationControl.java AbstractInformationControl.java AbstractInformationControl.java AbstractInformationControl.java AbstractInformationControl.java AbstractInformationControl.java AbstractInformationControl.java AbstractInformationControl.java AbstractInformationControl.java AbstractInformationControl.java AbstractInformationControl.java AbstractInformationControl.java AbstractInformationControl.java AbstractInformationControl.java AbstractInformationControl.java AbstractInformationControl.java AbstractInformationControl.java AbstractInformationControl.java AbstractInformationControl.java AbstractInformationControl.java AbstractInformationControl.java AbstractInformationControl.java AbstractInformationControl.java AbstractInformationControl.java AbstractInformationControl.java AbstractInformationControl.java AbstractInformationControl.java AbstractInformationControl.java AbstractInformationControl.java AbstractInformationControl.java AbstractInformationControl.java AbstractInformationControl.java AbstractInformationControl.java AbstractInformationControl.java AbstractInformationControl.java AbstractInformationControl.java AbstractInformationControl.java AbstractInformationControl.java AbstractInformationControl.java AbstractInformationControl.java AbstractInformationControl.java AbstractInformationControl.java AbstractInformationControl.java AbstractInformationControl.java AbstractInformationControl.java AbstractInformationControl.java AbstractInformationControl.java AbstractInformationControl.java AbstractInformationControl.java AbstractInformationControl.java AbstractInformationControl.java AbstractInformationControl.java AbstractInformationControl.java AbstractInformationControl.java AbstractInformationControl.java AbstractInformationControl.java AbstractInformationControl.java AbstractInformationControl.java AbstractInformationControl.java AbstractInformationControl.java AbstractInformationControl.java AbstractInformationControl.java AbstractInformationControl.java AbstractInformationControl.java AbstractInformationControl.java AbstractInformationControl.java AbstractInformationControl.java AbstractInformationControl.java AbstractInformationControl.java AbstractInformationControl.java AbstractInformationControl.java AbstractInformationControl.java AbstractInformationControl.java AbstractInformationControl.java AbstractInformationControl.java AbstractInformationControl.java AbstractInformationControl.java AbstractInformationControl.java AbstractInformationControl.java AbstractInformationControl.java AbstractInformationControl.java AbstractInformationControl.java AbstractInformationControl.java AbstractInformationControl.java AbstractInformationControl.java AbstractInformationControl.java AbstractInformationControl.java AbstractInformationControl.java AbstractInformationControl.java AbstractInformationControl.java AbstractInformationControl.java AbstractInformationControl.java AbstractInformationControl.java AbstractInformationControl.java AbstractInformationControl.java AbstractInformationControl.java AbstractInformationControl.java AbstractInformationControl.java AbstractInformationControl.java AbstractInformationControl.java AbstractInformationControl.java AbstractInformationControl.java AbstractInformationControl.java AbstractInformationControl.java AbstractInformationControl.java AbstractInformationControl.java AbstractInformationControl.java AbstractInformationControl.java AbstractInformationControl.java AbstractInformationControl.java AbstractInformationControl.java AbstractInformationControl.java AbstractInformationControl.java AbstractInformationControl.java AbstractInformationControl.java AbstractInformationControl.java AbstractInformationControl.java,StackOverflowError in JavaElement.hashCode,x86_64,2016-12-12T21:39:10.836Z
ClassFile.java Hashtable.java LRUCache.java JavaModelCache.java JavaModelManager.java Openable.java BinaryType.java ClassFile.java ClassFile.java Openable.java ClassFile.java BinaryMember.java JavaElementLabelComposer.java JavaElementLabelComposer.java JavaElementLabelComposer.java JavaElementLabels.java JavaElementLabels.java JavaElementLabels.java JavaUILabelProvider.java DelegatingStyledCellLabelProvider.java DecoratingStyledCellLabelProvider.java ColoringLabelProvider.java AbstractInformationControl.java AbstractInformationControl.java AbstractInformationControl.java AbstractInformationControl.java AbstractInformationControl.java AbstractInformationControl.java AbstractInformationControl.java AbstractInformationControl.java AbstractInformationControl.java AbstractInformationControl.java AbstractInformationControl.java AbstractInformationControl.java AbstractInformationControl.java AbstractInformationControl.java AbstractInformationControl.java AbstractInformationControl.java AbstractInformationControl.java AbstractInformationControl.java AbstractInformationControl.java AbstractInformationControl.java AbstractInformationControl.java AbstractInformationControl.java AbstractInformationControl.java AbstractInformationControl.java AbstractInformationControl.java AbstractInformationControl.java AbstractInformationControl.java AbstractInformationControl.java AbstractInformationControl.java AbstractInformationControl.java AbstractInformationControl.java AbstractInformationControl.java AbstractInformationControl.java AbstractInformationControl.java AbstractInformationControl.java AbstractInformationControl.java AbstractInformationControl.java AbstractInformationControl.java AbstractInformationControl.java AbstractInformationControl.java AbstractInformationControl.java AbstractInformationControl.java AbstractInformationControl.java AbstractInformationControl.java AbstractInformationControl.java AbstractInformationControl.java AbstractInformationControl.java AbstractInformationControl.java AbstractInformationControl.java AbstractInformationControl.java AbstractInformationControl.java AbstractInformationControl.java AbstractInformationControl.java AbstractInformationControl.java AbstractInformationControl.java AbstractInformationControl.java AbstractInformationControl.java AbstractInformationControl.java AbstractInformationControl.java AbstractInformationControl.java AbstractInformationControl.java AbstractInformationControl.java AbstractInformationControl.java AbstractInformationControl.java AbstractInformationControl.java AbstractInformationControl.java AbstractInformationControl.java AbstractInformationControl.java AbstractInformationControl.java AbstractInformationControl.java AbstractInformationControl.java AbstractInformationControl.java AbstractInformationControl.java AbstractInformationControl.java AbstractInformationControl.java AbstractInformationControl.java AbstractInformationControl.java AbstractInformationControl.java AbstractInformationControl.java AbstractInformationControl.java AbstractInformationControl.java AbstractInformationControl.java AbstractInformationControl.java AbstractInformationControl.java AbstractInformationControl.java AbstractInformationControl.java AbstractInformationControl.java AbstractInformationControl.java AbstractInformationControl.java AbstractInformationControl.java AbstractInformationControl.java AbstractInformationControl.java AbstractInformationControl.java AbstractInformationControl.java AbstractInformationControl.java AbstractInformationControl.java AbstractInformationControl.java AbstractInformationControl.java AbstractInformationControl.java AbstractInformationControl.java AbstractInformationControl.java AbstractInformationControl.java AbstractInformationControl.java AbstractInformationControl.java AbstractInformationControl.java AbstractInformationControl.java AbstractInformationControl.java AbstractInformationControl.java AbstractInformationControl.java AbstractInformationControl.java AbstractInformationControl.java AbstractInformationControl.java AbstractInformationControl.java AbstractInformationControl.java AbstractInformationControl.java AbstractInformationControl.java AbstractInformationControl.java AbstractInformationControl.java AbstractInformationControl.java AbstractInformationControl.java AbstractInformationControl.java AbstractInformationControl.java AbstractInformationControl.java AbstractInformationControl.java AbstractInformationControl.java AbstractInformationControl.java AbstractInformationControl.java AbstractInformationControl.java AbstractInformationControl.java AbstractInformationControl.java AbstractInformationControl.java AbstractInformationControl.java AbstractInformationControl.java AbstractInformationControl.java AbstractInformationControl.java AbstractInformationControl.java AbstractInformationControl.java AbstractInformationControl.java AbstractInformationControl.java AbstractInformationControl.java AbstractInformationControl.java AbstractInformationControl.java AbstractInformationControl.java AbstractInformationControl.java AbstractInformationControl.java AbstractInformationControl.java AbstractInformationControl.java AbstractInformationControl.java AbstractInformationControl.java AbstractInformationControl.java AbstractInformationControl.java AbstractInformationControl.java AbstractInformationControl.java AbstractInformationControl.java AbstractInformationControl.java AbstractInformationControl.java AbstractInformationControl.java AbstractInformationControl.java AbstractInformationControl.java AbstractInformationControl.java AbstractInformationControl.java AbstractInformationControl.java AbstractInformationControl.java AbstractInformationControl.java AbstractInformationControl.java AbstractInformationControl.java AbstractInformationControl.java AbstractInformationControl.java AbstractInformationControl.java AbstractInformationControl.java AbstractInformationControl.java AbstractInformationControl.java AbstractInformationControl.java AbstractInformationControl.java AbstractInformationControl.java AbstractInformationControl.java AbstractInformationControl.java AbstractInformationControl.java AbstractInformationControl.java AbstractInformationControl.java AbstractInformationControl.java AbstractInformationControl.java AbstractInformationControl.java AbstractInformationControl.java AbstractInformationControl.java AbstractInformationControl.java AbstractInformationControl.java AbstractInformationControl.java AbstractInformationControl.java AbstractInformationControl.java AbstractInformationControl.java AbstractInformationControl.java AbstractInformationControl.java AbstractInformationControl.java AbstractInformationControl.java AbstractInformationControl.java AbstractInformationControl.java AbstractInformationControl.java AbstractInformationControl.java AbstractInformationControl.java AbstractInformationControl.java AbstractInformationControl.java AbstractInformationControl.java AbstractInformationControl.java AbstractInformationControl.java AbstractInformationControl.java AbstractInformationControl.java AbstractInformationControl.java AbstractInformationControl.java AbstractInformationControl.java AbstractInformationControl.java AbstractInformationControl.java AbstractInformationControl.java AbstractInformationControl.java AbstractInformationControl.java AbstractInformationControl.java AbstractInformationControl.java AbstractInformationControl.java AbstractInformationControl.java AbstractInformationControl.java AbstractInformationControl.java AbstractInformationControl.java AbstractInformationControl.java AbstractInformationControl.java AbstractInformationControl.java AbstractInformationControl.java AbstractInformationControl.java AbstractInformationControl.java AbstractInformationControl.java AbstractInformationControl.java AbstractInformationControl.java AbstractInformationControl.java AbstractInformationControl.java AbstractInformationControl.java AbstractInformationControl.java AbstractInformationControl.java AbstractInformationControl.java AbstractInformationControl.java AbstractInformationControl.java AbstractInformationControl.java AbstractInformationControl.java AbstractInformationControl.java AbstractInformationControl.java AbstractInformationControl.java AbstractInformationControl.java AbstractInformationControl.java AbstractInformationControl.java AbstractInformationControl.java AbstractInformationControl.java AbstractInformationControl.java AbstractInformationControl.java AbstractInformationControl.java AbstractInformationControl.java AbstractInformationControl.java AbstractInformationControl.java AbstractInformationControl.java AbstractInformationControl.java AbstractInformationControl.java AbstractInformationControl.java AbstractInformationControl.java AbstractInformationControl.java AbstractInformationControl.java AbstractInformationControl.java AbstractInformationControl.java AbstractInformationControl.java AbstractInformationControl.java AbstractInformationControl.java AbstractInformationControl.java AbstractInformationControl.java AbstractInformationControl.java AbstractInformationControl.java AbstractInformationControl.java AbstractInformationControl.java AbstractInformationControl.java AbstractInformationControl.java AbstractInformationControl.java AbstractInformationControl.java AbstractInformationControl.java AbstractInformationControl.java AbstractInformationControl.java AbstractInformationControl.java AbstractInformationControl.java AbstractInformationControl.java AbstractInformationControl.java AbstractInformationControl.java AbstractInformationControl.java AbstractInformationControl.java AbstractInformationControl.java AbstractInformationControl.java AbstractInformationControl.java AbstractInformationControl.java AbstractInformationControl.java AbstractInformationControl.java AbstractInformationControl.java AbstractInformationControl.java AbstractInformationControl.java AbstractInformationControl.java AbstractInformationControl.java AbstractInformationControl.java AbstractInformationControl.java AbstractInformationControl.java AbstractInformationControl.java AbstractInformationControl.java AbstractInformationControl.java AbstractInformationControl.java AbstractInformationControl.java AbstractInformationControl.java AbstractInformationControl.java AbstractInformationControl.java AbstractInformationControl.java AbstractInformationControl.java AbstractInformationControl.java AbstractInformationControl.java AbstractInformationControl.java AbstractInformationControl.java AbstractInformationControl.java AbstractInformationControl.java AbstractInformationControl.java AbstractInformationControl.java AbstractInformationControl.java AbstractInformationControl.java AbstractInformationControl.java AbstractInformationControl.java AbstractInformationControl.java AbstractInformationControl.java AbstractInformationControl.java AbstractInformationControl.java AbstractInformationControl.java AbstractInformationControl.java AbstractInformationControl.java AbstractInformationControl.java AbstractInformationControl.java AbstractInformationControl.java AbstractInformationControl.java AbstractInformationControl.java AbstractInformationControl.java AbstractInformationControl.java AbstractInformationControl.java AbstractInformationControl.java AbstractInformationControl.java AbstractInformationControl.java AbstractInformationControl.java AbstractInformationControl.java AbstractInformationControl.java AbstractInformationControl.java AbstractInformationControl.java AbstractInformationControl.java AbstractInformationControl.java AbstractInformationControl.java AbstractInformationControl.java AbstractInformationControl.java AbstractInformationControl.java AbstractInformationControl.java AbstractInformationControl.java AbstractInformationControl.java AbstractInformationControl.java AbstractInformationControl.java AbstractInformationControl.java AbstractInformationControl.java AbstractInformationControl.java AbstractInformationControl.java AbstractInformationControl.java AbstractInformationControl.java AbstractInformationControl.java AbstractInformationControl.java AbstractInformationControl.java AbstractInformationControl.java AbstractInformationControl.java AbstractInformationControl.java AbstractInformationControl.java AbstractInformationControl.java AbstractInformationControl.java AbstractInformationControl.java AbstractInformationControl.java AbstractInformationControl.java AbstractInformationControl.java AbstractInformationControl.java AbstractInformationControl.java AbstractInformationControl.java AbstractInformationControl.java AbstractInformationControl.java AbstractInformationControl.java AbstractInformationControl.java AbstractInformationControl.java AbstractInformationControl.java AbstractInformationControl.java AbstractInformationControl.java AbstractInformationControl.java AbstractInformationControl.java AbstractInformationControl.java AbstractInformationControl.java AbstractInformationControl.java AbstractInformationControl.java AbstractInformationControl.java AbstractInformationControl.java AbstractInformationControl.java AbstractInformationControl.java AbstractInformationControl.java AbstractInformationControl.java AbstractInformationControl.java AbstractInformationControl.java AbstractInformationControl.java AbstractInformationControl.java AbstractInformationControl.java AbstractInformationControl.java AbstractInformationControl.java AbstractInformationControl.java AbstractInformationControl.java AbstractInformationControl.java AbstractInformationControl.java AbstractInformationControl.java AbstractInformationControl.java AbstractInformationControl.java AbstractInformationControl.java AbstractInformationControl.java AbstractInformationControl.java AbstractInformationControl.java AbstractInformationControl.java AbstractInformationControl.java AbstractInformationControl.java AbstractInformationControl.java AbstractInformationControl.java AbstractInformationControl.java AbstractInformationControl.java AbstractInformationControl.java AbstractInformationControl.java AbstractInformationControl.java AbstractInformationControl.java AbstractInformationControl.java AbstractInformationControl.java AbstractInformationControl.java AbstractInformationControl.java AbstractInformationControl.java AbstractInformationControl.java AbstractInformationControl.java AbstractInformationControl.java AbstractInformationControl.java AbstractInformationControl.java AbstractInformationControl.java AbstractInformationControl.java AbstractInformationControl.java AbstractInformationControl.java AbstractInformationControl.java AbstractInformationControl.java AbstractInformationControl.java AbstractInformationControl.java AbstractInformationControl.java AbstractInformationControl.java AbstractInformationControl.java AbstractInformationControl.java AbstractInformationControl.java AbstractInformationControl.java AbstractInformationControl.java AbstractInformationControl.java AbstractInformationControl.java AbstractInformationControl.java AbstractInformationControl.java AbstractInformationControl.java AbstractInformationControl.java AbstractInformationControl.java AbstractInformationControl.java AbstractInformationControl.java AbstractInformationControl.java AbstractInformationControl.java AbstractInformationControl.java AbstractInformationControl.java AbstractInformationControl.java AbstractInformationControl.java AbstractInformationControl.java AbstractInformationControl.java AbstractInformationControl.java AbstractInformationControl.java AbstractInformationControl.java AbstractInformationControl.java AbstractInformationControl.java AbstractInformationControl.java AbstractInformationControl.java AbstractInformationControl.java AbstractInformationControl.java AbstractInformationControl.java AbstractInformationControl.java AbstractInformationControl.java AbstractInformationControl.java AbstractInformationControl.java AbstractInformationControl.java AbstractInformationControl.java AbstractInformationControl.java AbstractInformationControl.java AbstractInformationControl.java AbstractInformationControl.java AbstractInformationControl.java AbstractInformationControl.java AbstractInformationControl.java AbstractInformationControl.java AbstractInformationControl.java AbstractInformationControl.java AbstractInformationControl.java AbstractInformationControl.java AbstractInformationControl.java AbstractInformationControl.java AbstractInformationControl.java AbstractInformationControl.java AbstractInformationControl.java AbstractInformationControl.java AbstractInformationControl.java AbstractInformationControl.java AbstractInformationControl.java AbstractInformationControl.java AbstractInformationControl.java AbstractInformationControl.java AbstractInformationControl.java AbstractInformationControl.java AbstractInformationControl.java AbstractInformationControl.java AbstractInformationControl.java AbstractInformationControl.java AbstractInformationControl.java AbstractInformationControl.java AbstractInformationControl.java AbstractInformationControl.java AbstractInformationControl.java AbstractInformationControl.java AbstractInformationControl.java AbstractInformationControl.java AbstractInformationControl.java AbstractInformationControl.java AbstractInformationControl.java AbstractInformationControl.java AbstractInformationControl.java AbstractInformationControl.java AbstractInformationControl.java AbstractInformationControl.java AbstractInformationControl.java AbstractInformationControl.java AbstractInformationControl.java AbstractInformationControl.java AbstractInformationControl.java AbstractInformationControl.java AbstractInformationControl.java AbstractInformationControl.java AbstractInformationControl.java AbstractInformationControl.java AbstractInformationControl.java AbstractInformationControl.java AbstractInformationControl.java AbstractInformationControl.java AbstractInformationControl.java AbstractInformationControl.java AbstractInformationControl.java AbstractInformationControl.java AbstractInformationControl.java AbstractInformationControl.java AbstractInformationControl.java AbstractInformationControl.java AbstractInformationControl.java AbstractInformationControl.java AbstractInformationControl.java AbstractInformationControl.java AbstractInformationControl.java AbstractInformationControl.java AbstractInformationControl.java AbstractInformationControl.java AbstractInformationControl.java AbstractInformationControl.java AbstractInformationControl.java AbstractInformationControl.java AbstractInformationControl.java AbstractInformationControl.java AbstractInformationControl.java AbstractInformationControl.java AbstractInformationControl.java AbstractInformationControl.java AbstractInformationControl.java AbstractInformationControl.java AbstractInformationControl.java AbstractInformationControl.java AbstractInformationControl.java AbstractInformationControl.java AbstractInformationControl.java AbstractInformationControl.java AbstractInformationControl.java AbstractInformationControl.java AbstractInformationControl.java AbstractInformationControl.java AbstractInformationControl.java AbstractInformationControl.java AbstractInformationControl.java AbstractInformationControl.java AbstractInformationControl.java AbstractInformationControl.java AbstractInformationControl.java AbstractInformationControl.java AbstractInformationControl.java AbstractInformationControl.java AbstractInformationControl.java AbstractInformationControl.java AbstractInformationControl.java AbstractInformationControl.java AbstractInformationControl.java AbstractInformationControl.java AbstractInformationControl.java AbstractInformationControl.java AbstractInformationControl.java AbstractInformationControl.java AbstractInformationControl.java AbstractInformationControl.java AbstractInformationControl.java AbstractInformationControl.java AbstractInformationControl.java AbstractInformationControl.java AbstractInformationControl.java AbstractInformationControl.java AbstractInformationControl.java AbstractInformationControl.java AbstractInformationControl.java AbstractInformationControl.java AbstractInformationControl.java AbstractInformationControl.java AbstractInformationControl.java AbstractInformationControl.java AbstractInformationControl.java AbstractInformationControl.java AbstractInformationControl.java AbstractInformationControl.java AbstractInformationControl.java AbstractInformationControl.java AbstractInformationControl.java AbstractInformationControl.java AbstractInformationControl.java AbstractInformationControl.java AbstractInformationControl.java AbstractInformationControl.java AbstractInformationControl.java AbstractInformationControl.java AbstractInformationControl.java AbstractInformationControl.java AbstractInformationControl.java AbstractInformationControl.java AbstractInformationControl.java AbstractInformationControl.java AbstractInformationControl.java AbstractInformationControl.java AbstractInformationControl.java AbstractInformationControl.java AbstractInformationControl.java AbstractInformationControl.java AbstractInformationControl.java AbstractInformationControl.java AbstractInformationControl.java AbstractInformationControl.java AbstractInformationControl.java AbstractInformationControl.java AbstractInformationControl.java AbstractInformationControl.java AbstractInformationControl.java AbstractInformationControl.java AbstractInformationControl.java AbstractInformationControl.java AbstractInformationControl.java AbstractInformationControl.java AbstractInformationControl.java AbstractInformationControl.java AbstractInformationControl.java AbstractInformationControl.java AbstractInformationControl.java AbstractInformationControl.java AbstractInformationControl.java AbstractInformationControl.java AbstractInformationControl.java AbstractInformationControl.java AbstractInformationControl.java AbstractInformationControl.java AbstractInformationControl.java AbstractInformationControl.java AbstractInformationControl.java AbstractInformationControl.java AbstractInformationControl.java AbstractInformationControl.java AbstractInformationControl.java AbstractInformationControl.java AbstractInformationControl.java AbstractInformationControl.java AbstractInformationControl.java AbstractInformationControl.java AbstractInformationControl.java AbstractInformationControl.java AbstractInformationControl.java AbstractInformationControl.java AbstractInformationControl.java AbstractInformationControl.java AbstractInformationControl.java AbstractInformationControl.java AbstractInformationControl.java AbstractInformationControl.java AbstractInformationControl.java AbstractInformationControl.java AbstractInformationControl.java AbstractInformationControl.java AbstractInformationControl.java AbstractInformationControl.java AbstractInformationControl.java AbstractInformationControl.java AbstractInformationControl.java AbstractInformationControl.java AbstractInformationControl.java AbstractInformationControl.java AbstractInformationControl.java AbstractInformationControl.java AbstractInformationControl.java AbstractInformationControl.java AbstractInformationControl.java AbstractInformationControl.java AbstractInformationControl.java AbstractInformationControl.java AbstractInformationControl.java AbstractInformationControl.java AbstractInformationControl.java AbstractInformationControl.java AbstractInformationControl.java AbstractInformationControl.java AbstractInformationControl.java AbstractInformationControl.java AbstractInformationControl.java AbstractInformationControl.java AbstractInformationControl.java AbstractInformationControl.java AbstractInformationControl.java AbstractInformationControl.java AbstractInformationControl.java AbstractInformationControl.java AbstractInformationControl.java AbstractInformationControl.java AbstractInformationControl.java AbstractInformationControl.java AbstractInformationControl.java AbstractInformationControl.java AbstractInformationControl.java AbstractInformationControl.java AbstractInformationControl.java AbstractInformationControl.java AbstractInformationControl.java AbstractInformationControl.java AbstractInformationControl.java AbstractInformationControl.java AbstractInformationControl.java AbstractInformationControl.java AbstractInformationControl.java AbstractInformationControl.java AbstractInformationControl.java AbstractInformationControl.java AbstractInformationControl.java AbstractInformationControl.java AbstractInformationControl.java AbstractInformationControl.java AbstractInformationControl.java AbstractInformationControl.java AbstractInformationControl.java AbstractInformationControl.java AbstractInformationControl.java AbstractInformationControl.java AbstractInformationControl.java AbstractInformationControl.java AbstractInformationControl.java AbstractInformationControl.java AbstractInformationControl.java AbstractInformationControl.java AbstractInformationControl.java AbstractInformationControl.java AbstractInformationControl.java AbstractInformationControl.java AbstractInformationControl.java AbstractInformationControl.java AbstractInformationControl.java AbstractInformationControl.java AbstractInformationControl.java AbstractInformationControl.java AbstractInformationControl.java AbstractInformationControl.java AbstractInformationControl.java AbstractInformationControl.java AbstractInformationControl.java AbstractInformationControl.java AbstractInformationControl.java AbstractInformationControl.java AbstractInformationControl.java AbstractInformationControl.java AbstractInformationControl.java AbstractInformationControl.java AbstractInformationControl.java AbstractInformationControl.java AbstractInformationControl.java AbstractInformationControl.java AbstractInformationControl.java AbstractInformationControl.java AbstractInformationControl.java AbstractInformationControl.java AbstractInformationControl.java AbstractInformationControl.java AbstractInformationControl.java AbstractInformationControl.java AbstractInformationControl.java AbstractInformationControl.java AbstractInformationControl.java AbstractInformationControl.java AbstractInformationControl.java AbstractInformationControl.java AbstractInformationControl.java AbstractInformationControl.java AbstractInformationControl.java AbstractInformationControl.java AbstractInformationControl.java AbstractInformationControl.java AbstractInformationControl.java AbstractInformationControl.java AbstractInformationControl.java AbstractInformationControl.java AbstractInformationControl.java AbstractInformationControl.java AbstractInformationControl.java AbstractInformationControl.java AbstractInformationControl.java AbstractInformationControl.java AbstractInformationControl.java AbstractInformationControl.java AbstractInformationControl.java AbstractInformationControl.java AbstractInformationControl.java AbstractInformationControl.java AbstractInformationControl.java AbstractInformationControl.java AbstractInformationControl.java AbstractInformationControl.java AbstractInformationControl.java AbstractInformationControl.java AbstractInformationControl.java AbstractInformationControl.java AbstractInformationControl.java AbstractInformationControl.java AbstractInformationControl.java AbstractInformationControl.java AbstractInformationControl.java AbstractInformationControl.java AbstractInformationControl.java AbstractInformationControl.java AbstractInformationControl.java AbstractInformationControl.java AbstractInformationControl.java AbstractInformationControl.java AbstractInformationControl.java AbstractInformationControl.java AbstractInformationControl.java AbstractInformationControl.java AbstractInformationControl.java AbstractInformationControl.java AbstractInformationControl.java AbstractInformationControl.java AbstractInformationControl.java AbstractInformationControl.java AbstractInformationControl.java AbstractInformationControl.java AbstractInformationControl.java AbstractInformationControl.java AbstractInformationControl.java AbstractInformationControl.java AbstractInformationControl.java AbstractInformationControl.java AbstractInformationControl.java AbstractInformationControl.java AbstractInformationControl.java AbstractInformationControl.java AbstractInformationControl.java AbstractInformationControl.java AbstractInformationControl.java AbstractInformationControl.java AbstractInformationControl.java AbstractInformationControl.java AbstractInformationControl.java AbstractInformationControl.java AbstractInformationControl.java AbstractInformationControl.java AbstractInformationControl.java AbstractInformationControl.java AbstractInformationControl.java AbstractInformationControl.java AbstractInformationControl.java AbstractInformationControl.java AbstractInformationControl.java AbstractInformationControl.java AbstractInformationControl.java AbstractInformationControl.java AbstractInformationControl.java AbstractInformationControl.java AbstractInformationControl.java AbstractInformationControl.java AbstractInformationControl.java AbstractInformationControl.java AbstractInformationControl.java AbstractInformationControl.java AbstractInformationControl.java AbstractInformationControl.java AbstractInformationControl.java AbstractInformationControl.java AbstractInformationControl.java AbstractInformationControl.java AbstractInformationControl.java AbstractInformationControl.java AbstractInformationControl.java AbstractInformationControl.java AbstractInformationControl.java AbstractInformationControl.java AbstractInformationControl.java AbstractInformationControl.java AbstractInformationControl.java AbstractInformationControl.java AbstractInformationControl.java AbstractInformationControl.java AbstractInformationControl.java AbstractInformationControl.java AbstractInformationControl.java AbstractInformationControl.java AbstractInformationControl.java AbstractInformationControl.java AbstractInformationControl.java AbstractInformationControl.java AbstractInformationControl.java AbstractInformationControl.java AbstractInformationControl.java AbstractInformationControl.java AbstractInformationControl.java AbstractInformationControl.java AbstractInformationControl.java AbstractInformationControl.java AbstractInformationControl.java AbstractInformationControl.java AbstractInformationControl.java AbstractInformationControl.java AbstractInformationControl.java AbstractInformationControl.java AbstractInformationControl.java AbstractInformationControl.java AbstractInformationControl.java AbstractInformationControl.java AbstractInformationControl.java AbstractInformationControl.java AbstractInformationControl.java AbstractInformationControl.java AbstractInformationControl.java AbstractInformationControl.java AbstractInformationControl.java AbstractInformationControl.java AbstractInformationControl.java AbstractInformationControl.java AbstractInformationControl.java AbstractInformationControl.java AbstractInformationControl.java AbstractInformationControl.java AbstractInformationControl.java AbstractInformationControl.java AbstractInformationControl.java AbstractInformationControl.java AbstractInformationControl.java AbstractInformationControl.java AbstractInformationControl.java AbstractInformationControl.java AbstractInformationControl.java AbstractInformationControl.java AbstractInformationControl.java AbstractInformationControl.java AbstractInformationControl.java AbstractInformationControl.java AbstractInformationControl.java AbstractInformationControl.java AbstractInformationControl.java AbstractInformationControl.java AbstractInformationControl.java AbstractInformationControl.java AbstractInformationControl.java AbstractInformationControl.java AbstractInformationControl.java AbstractInformationControl.java AbstractInformationControl.java AbstractInformationControl.java AbstractInformationControl.java AbstractInformationControl.java AbstractInformationControl.java AbstractInformationControl.java AbstractInformationControl.java AbstractInformationControl.java AbstractInformationControl.java AbstractInformationControl.java AbstractInformationControl.java AbstractInformationControl.java AbstractInformationControl.java AbstractInformationControl.java AbstractInformationControl.java AbstractInformationControl.java AbstractInformationControl.java AbstractInformationControl.java AbstractInformationControl.java AbstractInformationControl.java AbstractInformationControl.java AbstractInformationControl.java,StackOverflowError in ClassFile.equals,x86_64,2016-12-12T10:39:41.800Z
WindowCursor.java RevWalk.java RevCommit.java RevWalk.java RevUtils.java CompareUtils.java CompareUtils.java CompareUtils.java CompareUtils.java CompareWithRefActionHandler.java RepositoryAction.java PluginAction.java ActionContributionItem.java ActionContributionItem.java ActionContributionItem.java EventTable.java Display.java Widget.java Display.java Display.java PartRenderingEngine.java Realm.java PartRenderingEngine.java E4Workbench.java Workbench.java Realm.java Workbench.java PlatformUI.java IDEApplication.java EclipseAppHandle.java EclipseAppLauncher.java EclipseAppLauncher.java EclipseStarter.java EclipseStarter.java NativeMethodAccessorImpl.java NativeMethodAccessorImpl.java DelegatingMethodAccessorImpl.java Method.java Main.java Main.java Main.java Main.java,IncorrectObjectTypeException in WindowCursor.open,x86_64,2016-12-13T10:52:19.545Z
ExternalToolsCore.java ExternalToolBuilder.java BuildManager.java SafeRunner.java BuildManager.java BuildManager.java BuildManager.java SafeRunner.java BuildManager.java BuildManager.java BuildManager.java Workspace.java Workspace.java GlobalBuildAction.java Worker.java,CoreException in ExternalToolsCore.newError,x86_64,2016-12-13T15:09:15.218Z
GitProjectData.java GitProjectData.java GitProjectData.java GitProjectData.java GitProjectData.java GitProvider.java RepositoryMapping.java StagingView.java StagingView.java StagingView.java StagingView.java SelectionService.java SelectionService.java SelectionService.java SelectionService.java SelectionAggregator.java SafeRunner.java SelectionAggregator.java SelectionAggregator.java SelectionAggregator.java RunAndTrack.java SelectionAggregator.java TrackableComputationExt.java EclipseContext.java EclipseContext.java SelectionServiceImpl.java CompatibilityPart.java StructuredViewer.java SafeRunner.java JFaceUtil.java SafeRunnable.java StructuredViewer.java StructuredViewer.java StructuredViewer.java OpenStrategy.java OpenStrategy.java OpenStrategy.java RunnableLock.java Synchronizer.java Display.java Display.java PartRenderingEngine.java Realm.java PartRenderingEngine.java E4Workbench.java Workbench.java Realm.java Workbench.java PlatformUI.java IDEApplication.java EclipseAppHandle.java EclipseAppLauncher.java EclipseAppLauncher.java EclipseStarter.java EclipseStarter.java Main.java Main.java Main.java Main.java,FileNotFoundException in GitProjectData.logAndUnmapGoneMappedResource,x86_64,2016-12-13T08:19:05.000Z
Synchronizer.java Display.java Display.java PartRenderingEngine.java Realm.java PartRenderingEngine.java E4Workbench.java Workbench.java Realm.java Workbench.java PlatformUI.java IDEApplication.java EclipseAppHandle.java EclipseAppLauncher.java EclipseAppLauncher.java EclipseStarter.java EclipseStarter.java NativeMethodAccessorImpl.java NativeMethodAccessorImpl.java DelegatingMethodAccessorImpl.java Method.java Main.java Main.java Main.java Main.java,IllegalArgumentException below GradientCanvas.onPaint (thrown in Image.init),x86_64,2016-12-07T15:12:14.235Z
MavenClasspathContainerInitializer.java MavenClasspathContainerInitializer.java JavaModelManager.java JavaModelManager.java JavaModelManager.java JavaModelManager.java JavaCore.java JavaProject.java JavaProject.java JavaProject.java DeltaProcessor.java DeltaProcessor.java DeltaProcessor.java DeltaProcessingState.java NotificationManager.java SafeRunner.java NotificationManager.java NotificationManager.java Workspace.java Resource.java SystemRemoteEditManager.java Activator.java Worker.java,NullPointerException in MavenClasspathContainerInitializer.getBuildPathManager,x86_64,2016-12-13T13:37:15.898Z
JDIDebugUIPlugin.java JDIDebugUIPlugin.java AbstractDetailPane.java DetailPaneProxy.java VariablesView.java VariablesView.java StructuredViewer.java SafeRunner.java JFaceUtil.java SafeRunnable.java StructuredViewer.java StructuredViewer.java StructuredViewer.java OpenStrategy.java OpenStrategy.java OpenStrategy.java RunnableLock.java Synchronizer.java Display.java Display.java PartRenderingEngine.java Realm.java PartRenderingEngine.java E4Workbench.java Workbench.java Realm.java Workbench.java PlatformUI.java IDEApplication.java EclipseAppHandle.java EclipseAppLauncher.java EclipseAppLauncher.java EclipseStarter.java EclipseStarter.java NativeMethodAccessorImpl.java NativeMethodAccessorImpl.java DelegatingMethodAccessorImpl.java Method.java Main.java Main.java Main.java Main.java,NoStackTrace in AbstractDetailPane.display,x86_64,2016-12-13T03:33:10.225Z
DefaultUiFreezeEventLogger.java EventLoopMonitorThread.java EventLoopMonitorThread.java,FreezeWarning below CommandActionHandler.run (thrown in BasicEObjectImpl.eIsSet),x86_64,2016-09-19T08:39:53.016Z
Assert.java SaveablesList.java SaveablesList.java SaveablesList.java WorkbenchPage.java WorkbenchPage.java CloseAllHandler.java HandlerProxy.java E4HandlerProxy.java DelegatingMethodAccessorImpl.java Method.java MethodRequestor.java InjectorImpl.java InjectorImpl.java ContextInjectionFactory.java HandlerServiceHandler.java Command.java ParameterizedCommand.java HandlerServiceImpl.java LegacyHandlerService.java CommandAction.java ActionContributionItem.java ActionContributionItem.java ActionContributionItem.java EventTable.java Display.java Widget.java Display.java Display.java PartRenderingEngine.java Realm.java PartRenderingEngine.java E4Workbench.java Workbench.java Realm.java Workbench.java PlatformUI.java IDEApplication.java EclipseAppHandle.java EclipseAppLauncher.java EclipseAppLauncher.java EclipseStarter.java EclipseStarter.java NativeMethodAccessorImpl.java NativeMethodAccessorImpl.java DelegatingMethodAccessorImpl.java Method.java Main.java Main.java Main.java Main.java,AssertionFailedException in SaveablesList.decrementRefCount,x86_64,2016-12-13T14:37:27.021Z
CommitMessageViewer.java CommitMessageViewer.java GitHistoryPage.java GitHistoryPage.java GitHistoryPage.java GenericHistoryView.java CompatibilityPart.java MethodRequestor.java InjectorImpl.java InjectorImpl.java InjectorImpl.java ContextInjectionFactory.java PartRenderingEngine.java ContributedPartRenderer.java Composite.java CTabItem.java CTabFolder.java Control.java Control.java CTabFolder.java CTabFolder.java CTabFolder.java CTabFolder.java EventTable.java Display.java Widget.java Display.java Display.java PartRenderingEngine.java Realm.java PartRenderingEngine.java E4Workbench.java Workbench.java Realm.java Workbench.java PlatformUI.java IDEApplication.java EclipseAppHandle.java EclipseAppLauncher.java EclipseAppLauncher.java EclipseStarter.java EclipseStarter.java Main.java Main.java Main.java,NullPointerException in CommitMessageViewer.getBranches,x86,2016-11-16T07:46:51.124Z
FileRepository.java FileRepository.java ContainerTreeIterator.java IteratorService.java IndexDiffCacheEntry.java IndexDiffCacheEntry.java IndexDiffCacheEntry.java Worker.java,ConfigInvalidException in Config.readSectionName,x86,2016-12-11T07:50:04.836Z
TeamPlugin.java RepositoryProvider.java GitProjectData.java GitProjectData.java GitProjectData.java GitProjectData.java ConnectProviderOperation.java JobUtil.java Worker.java,TeamException below GitProjectData.logAndUnmapGoneMappedResource (thrown in RepositoryProvider.unmap),x86,2016-09-19T08:39:53.060Z
VfgPqrlLRhL7/8iB dhu65VvImnkx47Gz bXxkFHHD88KtkhpP ContentTypeCatalog.java ContentTypeCatalog.java ContentTypeCatalog.java ContentTypeCatalog.java ContentTypeCatalog.java ContentTypeCatalog.java ContentTypeMatcher.java ContentDescriptionManager.java ContentDescriptionManager.java File.java ContentTypeDecorator.java LightweightDecoratorDefinition.java LightweightDecoratorManager.java SafeRunner.java LightweightDecoratorManager.java LightweightDecoratorManager.java DecorationScheduler.java DecorationScheduler.java Worker.java,3rd party caused LowLevelIOException below ContentTypeDecorator.decorate,x86_64,2016-12-12T07:51:48.142Z
Logger.java Logger.java DefaultBindingResolver.java DefaultBindingResolver.java Expression.java ModelUtils.java DeprecatedHighlighting.java MethodInvocation.java ASTNode.java ExpressionStatement.java ExpressionStatement.java ASTNode.java Program.java Program.java ASTNode.java AbstractSemanticHighlighting.java PHPSyntaxColoringPage.java PHPSyntaxColoringPage.java PreferencePage.java PreferenceDialog.java PreferenceDialog.java SafeRunner.java JFaceUtil.java SafeRunnable.java PreferenceDialog.java FilteredPreferenceDialog.java PreferenceDialog.java BusyIndicator.java PreferenceDialog.java StructuredViewer.java SafeRunner.java JFaceUtil.java SafeRunnable.java StructuredViewer.java StructuredViewer.java StructuredViewer.java OpenStrategy.java OpenStrategy.java OpenStrategy.java RunnableLock.java Synchronizer.java Display.java Display.java OS.java Display.java Display.java OS.java Widget.java Widget.java Tree.java Widget.java Control.java Tree.java Display.java OS.java Widget.java Widget.java Shell.java Display.java OS.java Display.java Display.java OS.java NSApplication.java Display.java Window.java Window.java WorkbenchPreferenceDialog.java ShowPreferencePageHandler.java HandlerProxy.java E4HandlerProxy.java NativeMethodAccessorImpl.java NativeMethodAccessorImpl.java DelegatingMethodAccessorImpl.java Method.java MethodRequestor.java InjectorImpl.java InjectorImpl.java ContextInjectionFactory.java HandlerServiceHandler.java Command.java ParameterizedCommand.java HandlerServiceImpl.java HandlerServiceImpl.java CocoaUIHandler.java CocoaUIHandler.java CocoaUIHandler.java TypedListener.java EventTable.java Display.java Widget.java Widget.java Widget.java Widget.java Display.java Display.java PartRenderingEngine.java Realm.java PartRenderingEngine.java E4Workbench.java Workbench.java Realm.java Workbench.java PlatformUI.java IDEApplication.java EclipseAppHandle.java EclipseAppLauncher.java EclipseAppLauncher.java EclipseStarter.java EclipseStarter.java NativeMethodAccessorImpl.java NativeMethodAccessorImpl.java DelegatingMethodAccessorImpl.java Method.java Main.java Main.java Main.java,NoStackTrace in DefaultBindingResolver.getEvaluatedType,x86_64,2016-09-19T08:39:59.671Z
Worker.java,NullPointerException in Worker.run,x86_64,2016-12-13T08:55:36.562Z
GenericPositionManager.java BasicStructuredDocument.java SemanticHighlightingPresenter.java SemanticHighlightingPresenter.java RunnableLock.java Synchronizer.java Display.java Display.java PartRenderingEngine.java Realm.java PartRenderingEngine.java E4Workbench.java Workbench.java Realm.java Workbench.java PlatformUI.java IDEApplication.java EclipseAppHandle.java EclipseAppLauncher.java EclipseAppLauncher.java EclipseStarter.java EclipseStarter.java NativeMethodAccessorImpl.java NativeMethodAccessorImpl.java DelegatingMethodAccessorImpl.java Method.java Main.java Main.java Main.java,BadLocationException in GenericPositionManager.addPosition,x86_64,2016-12-12T07:51:48.795Z
VirtualFolder.java J2EEModuleVirtualComponent.java JavaEEDeploymentAssemblyAdvancedSectionBuilder.java J2EEModuleDependenciesPropertyPage.java J2EEModuleDependenciesPropertyPage.java WebDependencyPropertyPage.java WebModuleDependencyPageProvider.java ModuleAssemblyRootPage.java PreferencePage.java ModuleAssemblyRootPage.java PreferenceDialog.java PreferenceDialog.java SafeRunner.java JFaceUtil.java SafeRunnable.java PreferenceDialog.java FilteredPreferenceDialog.java PreferenceDialog.java BusyIndicator.java PreferenceDialog.java StructuredViewer.java SafeRunner.java JFaceUtil.java SafeRunnable.java StructuredViewer.java StructuredViewer.java StructuredViewer.java OpenStrategy.java OpenStrategy.java OpenStrategy.java RunnableLock.java Synchronizer.java Display.java Display.java OS.java Display.java Display.java OS.java Widget.java Widget.java Tree.java Widget.java Control.java Tree.java Display.java OS.java Widget.java Widget.java Shell.java Display.java OS.java Display.java Display.java OS.java NSApplication.java Display.java Window.java Window.java PropertyDialogAction.java Action.java ActionContributionItem.java ActionContributionItem.java ActionContributionItem.java EventTable.java Display.java Widget.java Widget.java Widget.java Widget.java Display.java Display.java PartRenderingEngine.java Realm.java PartRenderingEngine.java E4Workbench.java Workbench.java Realm.java Workbench.java PlatformUI.java IDEApplication.java EclipseAppHandle.java EclipseAppLauncher.java EclipseAppLauncher.java EclipseStarter.java EclipseStarter.java NativeMethodAccessorImpl.java NativeMethodAccessorImpl.java DelegatingMethodAccessorImpl.java Method.java Main.java Main.java Main.java,NullPointerException in VirtualFolder.getFirstTaggedResource,x86_64,2016-12-13T14:04:51.936Z
SimpleProfileRegistry.java SimpleProfileRegistry.java SimpleProfileRegistry.java P2TargetUtils.java PDECore.java SaveManager.java SaveManager.java SafeRunner.java SaveManager.java SaveManager.java SaveManager.java DelayedSnapshotJob.java Worker.java,IllegalStateException below P2TargetUtils.cleanOrphanedTargetDefinitionProfiles (thrown in SimpleProfileRegistry.restore),x86_64,2016-12-09T15:14:53.147Z
DefaultUiFreezeEventLogger.java EventLoopMonitorThread.java EventLoopMonitorThread.java,FreezeWarning below UMLEditor$9.selectionChanged (thrown in DiagnosticDecorator.decorate),x86_64,2016-12-11T07:50:11.011Z
Sorting.java Sorting.java Sorting.java MethodVerifier.java MethodVerifier.java MethodVerifier.java MethodVerifier15.java MethodVerifier.java SourceTypeBinding.java ClassScope.java BlockScope.java QualifiedAllocationExpression.java QualifiedAllocationExpression.java FieldDeclaration.java TypeDeclaration.java TypeDeclaration.java CompilationUnitDeclaration.java HierarchyResolver.java IndexBasedHierarchyBuilder.java IndexBasedHierarchyBuilder.java IndexBasedHierarchyBuilder.java TypeHierarchy.java TypeHierarchy.java CreateTypeHierarchyOperation.java JavaModelOperation.java JavaModelOperation.java BinaryType.java BinaryType.java TypeHierarchyLifeCycle.java TypeHierarchyLifeCycle.java TypeHierarchyLifeCycle.java TypeHierarchyLifeCycle.java Worker.java,NullPointerException in Sorting.sortSuper,x86_64,2016-12-11T07:50:11.417Z
LightweightDecoratorDefinition.java SafeRunner.java Platform.java LightweightDecoratorDefinition.java LightweightDecoratorDefinition.java LightweightDecoratorManager.java SafeRunner.java LightweightDecoratorManager.java LightweightDecoratorManager.java DecorationScheduler.java DecorationScheduler.java Worker.java,ClassCastException in LightweightDecoratorDefinition$1.run,x86_64,2016-09-19T08:39:59.727Z
Module.java Module.java SecureAction.java EclipseLazyStarter.java ClasspathManager.java ModuleClassLoader.java BundleLoader.java SingleSourcePackage.java BundleLoader.java BundleLoader.java BundleLoader.java ModuleClassLoader.java B5f+Cqa86oUdlO9L EarlyStartupRunnable.java EarlyStartupRunnable.java SafeRunner.java Workbench.java Worker.java,IncompatibleClassChangeError in MavenPluginActivator.<init>,x86_64,2016-12-09T07:48:31.485Z
Control.java StatusLine.java StatusLine.java StatusLine.java StatusLine.java StatusLineManager.java ProgressMonitorWrapper.java SubProgressMonitor.java ProgressMonitorWrapper.java SubProgressMonitor.java ProgressMonitorWrapper.java SubProgressMonitor.java TextSearchVisitor.java Worker.java,SWTException below TextSearchVisitor$1.run (thrown in Control.getForeground),x86_64,2016-09-19T08:39:59.798Z
LaunchConfigurationQueryParticipant.java JavaSearchQuery.java SafeRunner.java JavaSearchQuery.java eq1PkBaG5+if7Ah9 Worker.java,PatternSyntaxException below LaunchConfigurationQueryParticipant.search (thrown in Pattern.accept),x86,2016-09-19T08:39:59.805Z
ConfigurationEditorComponent.java GlobalConfigurationPreferencePage.java PreferencePage.java TypedListener.java EventTable.java Display.java Widget.java Display.java Display.java Window.java Window.java WorkbenchPreferenceDialog.java OpenPreferencesAction.java Action.java ActionContributionItem.java ActionContributionItem.java ActionContributionItem.java EventTable.java Display.java Widget.java Display.java Display.java PartRenderingEngine.java Realm.java PartRenderingEngine.java E4Workbench.java Workbench.java Realm.java Workbench.java PlatformUI.java IDEApplication.java EclipseAppHandle.java EclipseAppLauncher.java EclipseAppLauncher.java EclipseStarter.java EclipseStarter.java Main.java Main.java Main.java,IOException in ConfigurationEditorComponent.restore,x86,2016-12-11T07:50:11.580Z
Resource.java Resource.java EBQtirvVp7ZXvyqb MmX5pga2QbJY+IgT AJeUwAo49T7OP0Al Workspace.java Workspace.java Ex8I85Kckr+aABl1 kyQIKV7oUQPxvqxc IbN93HR6KXdynucn CvN9uzWsdtL1RT++ BuildManager.java SafeRunner.java BuildManager.java BuildManager.java BuildManager.java SafeRunner.java BuildManager.java BuildManager.java BuildManager.java AutoBuildJob.java AutoBuildJob.java Worker.java,3rd party caused ResourceException below Resource.move,x86_64,2016-12-12T07:51:54.255Z
GitResourceVariantTreeSubscriber.java SubscriberResourceCollector.java SubscriberResourceCollector.java Subscriber.java SafeRunner.java Subscriber.java ResourceVariantTreeSubscriber.java ResourceVariantTreeSubscriber.java GitResourceVariantTreeSubscriber.java GitSubscriberMergeContext.java GitSubscriberMergeContext.java GitSubscriberMergeContext.java GitSubscriberMergeContext.java GitSubscriberMergeContext.java NotificationManager.java SafeRunner.java NotificationManager.java NotificationManager.java Workspace.java Workspace.java InternalWorkspaceJob.java Worker.java,NullPointerException in GitResourceVariantTreeSubscriber.roots,x86_64,2016-09-19T08:39:59.830Z
StyledText.java DiscoveryItem.java TypedListener.java EventTable.java Display.java Widget.java Widget.java Widget.java Widget.java Display.java Display.java Window.java Window.java MarketplaceWizardCommand.java HandlerProxy.java E4HandlerProxy.java NativeMethodAccessorImpl.java NativeMethodAccessorImpl.java DelegatingMethodAccessorImpl.java Method.java MethodRequestor.java InjectorImpl.java InjectorImpl.java ContextInjectionFactory.java HandlerServiceHandler.java Command.java ParameterizedCommand.java HandlerServiceImpl.java HandledContributionItem.java HandledContributionItem.java HandledContributionItem.java HandledContributionItem.java EventTable.java Display.java Widget.java Widget.java Widget.java Widget.java Display.java Display.java Window.java Window.java MarketplaceWizardCommand.java HandlerProxy.java E4HandlerProxy.java NativeMethodAccessorImpl.java NativeMethodAccessorImpl.java DelegatingMethodAccessorImpl.java Method.java MethodRequestor.java InjectorImpl.java InjectorImpl.java ContextInjectionFactory.java HandlerServiceHandler.java Command.java ParameterizedCommand.java HandlerServiceImpl.java HandledContributionItem.java HandledContributionItem.java HandledContributionItem.java HandledContributionItem.java EventTable.java Display.java Widget.java Widget.java Widget.java Widget.java Display.java Display.java PartRenderingEngine.java Realm.java PartRenderingEngine.java E4Workbench.java Workbench.java Realm.java Workbench.java PlatformUI.java IDEApplication.java EclipseAppHandle.java EclipseAppLauncher.java EclipseAppLauncher.java EclipseStarter.java EclipseStarter.java NativeMethodAccessorImpl.java NativeMethodAccessorImpl.java DelegatingMethodAccessorImpl.java Method.java Main.java Main.java Main.java,IllegalArgumentException below DiscoveryItem$LinkListener.mouseUp (thrown in StyledText.getOffsetAtLocation),x86_64,2016-09-19T08:39:59.843Z
WorkbenchPlugin.java WorkbenchPlugin.java EditorDescriptor.java WorkbenchPage.java WorkbenchPage.java WorkbenchPage.java NavigationLocation.java NavigationLocation.java NavigationHistoryEntry.java NavigationHistory.java NavigationHistory.java NavigationHistory.java AbstractTextEditor.java AbstractTextEditor.java AbstractTextEditor.java AbstractTextEditor.java JavaEditor.java AbstractTextEditor.java AbstractTextEditor.java PartService.java SafeRunner.java PartService.java WorkbenchPage.java SafeRunner.java WorkbenchPage.java CompatibilityPart.java UIEventHandler.java Synchronizer.java UISynchronizer.java Display.java E4Application.java UIEventHandler.java EventHandlerWrapper.java EventHandlerTracker.java EventHandlerTracker.java EventManager.java ListenerQueue.java EventAdminImpl.java EventAdminImpl.java EventComponent.java EventBroker.java UIEventPublisher.java BasicNotifierImpl.java PartImpl.java ContributedPartRenderer.java PartRenderingEngine.java PartRenderingEngine.java PartRenderingEngine.java PartRenderingEngine.java PartRenderingEngine.java SafeRunner.java PartRenderingEngine.java PartServiceImpl.java UIEventHandler.java Synchronizer.java UISynchronizer.java Display.java E4Application.java UIEventHandler.java EventHandlerWrapper.java EventHandlerTracker.java EventHandlerTracker.java EventManager.java ListenerQueue.java EventAdminImpl.java EventAdminImpl.java EventComponent.java EventBroker.java UIEventPublisher.java BasicNotifierImpl.java ElementContainerImpl.java PartServiceImpl.java PartServiceImpl.java StackRenderer.java StackRenderer.java StackRenderer.java CTabFolder.java CTabFolder.java EventTable.java Display.java Widget.java Display.java Display.java PartRenderingEngine.java Realm.java PartRenderingEngine.java E4Workbench.java Workbench.java Realm.java Workbench.java PlatformUI.java IDEApplication.java EclipseAppHandle.java EclipseAppLauncher.java EclipseAppLauncher.java EclipseStarter.java EclipseStarter.java NativeMethodAccessorImpl.java NativeMethodAccessorImpl.java DelegatingMethodAccessorImpl.java Method.java Main.java Main.java Main.java Main.java,NoStackTrace in EditorDescriptor.getEditorMatchingStrategy,x86_64,2016-12-09T07:48:31.722Z
ResourceBundleMapSource.java ResourceBundleMapSource.java ResourceBundleMapSourceFactory.java ResourceBundleSymbolSourceProvider.java ResourceBundleSymbolSourceProvider.java DTJSPExternalContext.java AbstractDTExternalContext.java AbstractDTExternalContext.java DefaultDTVariableResolver.java ConfigBasedDTVariableResolver.java SymbolContextResolver.java ASTSemanticValidator.java ASTValuePrefix.java SimpleNode.java ASTSemanticValidator.java ASTValue.java SimpleNode.java ASTSemanticValidator.java ASTUnaryExpression.java SimpleNode.java ASTSemanticValidator.java ASTExpression.java ASTSemanticValidator.java ELExpressionValidator.java ELExpressionValidator.java AttributeValidatingStrategy.java AttributeValidatingStrategy.java AttributeValidatingStrategy.java AttributeValidatingStrategy.java SafeRunner.java AttributeValidatingStrategy.java AttributeValidatingStrategy.java XMLViewDefnValidator.java XMLViewDefnValidator.java XMLViewDefnValidator.java DefaultFaceletValidationStrategy.java AbstractFaceletValidationStrategy.java HTMLValidator.java Validator.java ValManager.java ValManager.java ValManager.java ValManager.java ValBuilderJob.java ResourceDelta.java ResourceDelta.java ResourceDelta.java ResourceDelta.java ResourceDelta.java ResourceDelta.java ResourceDelta.java ResourceDelta.java ResourceDelta.java ValBuilderJob.java ValBuilderJob.java ValBuilderJob.java InternalWorkspaceJob.java Worker.java,IOException in ResourceBundleMapSource.createCachedBundleFile,x86_64,2016-12-13T14:47:00.584Z
DefaultUiFreezeEventLogger.java EventLoopMonitorThread.java EventLoopMonitorThread.java,FreezeWarning below RemoveAllBreakpointsAction.init (thrown in Workspace.run),x86_64,2016-11-17T07:50:42.345Z
ListLineTracker.java AbstractLineTracker.java AbstractDocument.java SynchronizableDocument.java FileLink.java TextConsoleViewer.java EventTable.java Widget.java Display.java Display.java PartRenderingEngine.java Realm.java PartRenderingEngine.java E4Workbench.java Workbench.java Realm.java Workbench.java PlatformUI.java IDEApplication.java EclipseAppHandle.java EclipseAppLauncher.java EclipseAppLauncher.java EclipseStarter.java EclipseStarter.java Main.java Main.java Main.java,BadLocationException below FileLink.linkActivated (thrown in ListLineTracker.getLineInformation),x86,2016-12-13T02:13:35.328Z
BundleResourceManager.java ResourceManagerImpl.java ResourceManagerImpl.java ResourceManagerImpl.java Scope.java ExecutionContextImpl.java ExecutionContextImpl.java TypeHelper.java ExecutionContextImpl.java ExecutionContextImpl.java XpandFacade.java XpandTextEmitter.java XpandTextEmitter.java GeneratorBase.java Generator.java Generator.java GeneratorBase.java Workspace.java Workspace.java GeneratorBase.java GeneratorBase.java ExecuteTemplatesOperation.java ExecuteTemplatesOperation.java Worker.java,NoClassDefFoundError in BundleResourceManager.getQVTUnitResolver,x86_64,2016-11-26T07:53:33.861Z
Logs.java Logs.java Logs.java Zbs7FYoSGti8IhCG Worker.java,LogTraceException in PartialIndexingJob.run,x86_64,2016-09-19T08:40:00.810Z
FacetedProjectWorkingCopy.java J2EEFacetInstallDelegate.java J2EEFacetInstallDelegate.java WebFacetPostInstallDelegate.java LegacyEventHandlerAdapter.java ProjectListenerRegistry.java FacetedProject.java FacetedProject.java FacetedProject.java FacetedProject.java FacetedProject.java Workspace.java FacetedProject.java FacetedProjectWorkingCopy.java ModifyFacetedProjectWizard.java NewProjectDataModelFacetWizard.java ModifyFacetedProjectWizard.java Workspace.java ModifyFacetedProjectWizard.java ModalContext.java,IllegalArgumentException in FacetedProjectWorkingCopy.setSelectedPreset,x86,2016-11-17T07:50:50.810Z
OCLinEcoreDocumentProvider.java FileDocumentProvider.java XtextDocumentProvider.java OCLinEcoreDocumentProvider.java StorageDocumentProvider.java XtextDocumentProvider.java FileDocumentProvider.java XtextDocumentProvider.java AbstractDocumentProvider.java AbstractTextEditor.java StatusTextEditor.java AbstractDecoratedTextEditor.java TextEditor.java XtextEditor.java AbstractTextEditor.java ModalContext.java ModalContext.java WorkbenchWindow.java BusyIndicator.java WorkbenchWindow.java AbstractTextEditor.java AbstractTextEditor.java XtextEditor.java EditorReference.java CompatibilityPart.java MethodRequestor.java InjectorImpl.java InjectorImpl.java InjectorImpl.java InjectorImpl.java InjectorImpl.java ContextInjectionFactory.java ReflectionContributionFactory.java ReflectionContributionFactory.java ReflectionContributionFactory.java ContributedPartRenderer.java PartRenderingEngine.java PartRenderingEngine.java PartRenderingEngine.java PartRenderingEngine.java PartRenderingEngine.java SafeRunner.java PartRenderingEngine.java StackRenderer.java LazyStackRenderer.java UIEventHandler.java Synchronizer.java UISynchronizer.java Display.java E4Application.java UIEventHandler.java EventHandlerWrapper.java EventHandlerTracker.java EventHandlerTracker.java EventManager.java ListenerQueue.java EventAdminImpl.java EventAdminImpl.java EventComponent.java EventBroker.java UIEventPublisher.java BasicNotifierImpl.java ElementContainerImpl.java ModelServiceImpl.java ModelServiceImpl.java PartServiceImpl.java PartServiceImpl.java PartServiceImpl.java WorkbenchPage.java WorkbenchPage.java WorkbenchPage.java BusyIndicator.java WorkbenchPage.java WorkbenchPage.java OpenWithMenu.java OpenWithMenu.java EventTable.java Display.java Widget.java Display.java Display.java PartRenderingEngine.java Realm.java PartRenderingEngine.java E4Workbench.java Workbench.java Realm.java Workbench.java PlatformUI.java IDEApplication.java EclipseAppHandle.java EclipseAppLauncher.java EclipseAppLauncher.java EclipseStarter.java EclipseStarter.java Main.java Main.java Main.java Main.java,CoreException in OCLinEcoreDocumentProvider.setDocumentContent,x86_64,2016-09-19T08:40:00.833Z
StandInStacktraceProvider.java LogListener.java RuntimeLog.java PlatformLogWriter.java ExtendedLogReaderServiceFactory.java ExtendedLogReaderServiceFactory.java ExtendedLogReaderServiceFactory.java ExtendedLogServiceFactory.java ExtendedLogServiceImpl.java LoggerImpl.java Log.java JDIDebugUIPlugin.java JDIDebugUIPlugin.java AbstractDetailPane.java DetailPaneProxy.java VariablesView.java VariablesView.java UIJob.java RunnableLock.java Synchronizer.java Display.java Display.java PartRenderingEngine.java Realm.java PartRenderingEngine.java E4Workbench.java Workbench.java Realm.java Workbench.java PlatformUI.java IDEApplication.java EclipseAppHandle.java EclipseAppLauncher.java EclipseAppLauncher.java EclipseStarter.java EclipseStarter.java Main.java Main.java Main.java Main.java,NoStackTrace in AbstractDetailPane.display,x86_64,2016-12-13T03:33:10.233Z
PDEFormEditor.java PDEFormEditorContributor.java Action.java ActionContributionItem.java ActionContributionItem.java ActionContributionItem.java EventTable.java Display.java Widget.java Display.java Display.java PartRenderingEngine.java Realm.java PartRenderingEngine.java E4Workbench.java Workbench.java Realm.java Workbench.java PlatformUI.java IDEApplication.java EclipseAppHandle.java EclipseAppLauncher.java EclipseAppLauncher.java EclipseStarter.java EclipseStarter.java Main.java Main.java Main.java,NullPointerException in PDEFormEditor.performGlobalAction,x86_64,2016-09-19T08:40:00.873Z
PropertySheet.java PageBookView.java PropertySheet.java PageBookView.java WorkbenchPage.java SafeRunner.java WorkbenchPage.java WorkbenchPage.java WorkbenchPage.java PartServiceImpl.java SafeRunner.java PartServiceImpl.java PartServiceImpl.java PartServiceImpl.java PartServiceImpl.java WorkbenchPage.java WorkbenchPage.java WorkbenchPage.java WorkbenchPage.java BusyIndicator.java WorkbenchPage.java WorkbenchPage.java WorkbenchPage.java EcoreModelWizard.java WizardDialog.java WizardDialog.java Dialog.java TypedListener.java EventTable.java Display.java Widget.java Display.java Display.java Window.java Window.java WizardHandler.java WizardHandler.java HandlerProxy.java E4HandlerProxy.java MethodRequestor.java InjectorImpl.java InjectorImpl.java ContextInjectionFactory.java HandlerServiceHandler.java Command.java ParameterizedCommand.java HandlerServiceImpl.java LegacyHandlerService.java CommandAction.java ActionContributionItem.java ActionContributionItem.java ActionContributionItem.java EventTable.java Display.java Widget.java Display.java Display.java PartRenderingEngine.java Realm.java PartRenderingEngine.java E4Workbench.java Workbench.java Realm.java Workbench.java PlatformUI.java IDEApplication.java EclipseAppHandle.java EclipseAppLauncher.java EclipseAppLauncher.java EclipseStarter.java EclipseStarter.java Main.java Main.java Main.java,NullPointerException in PropertySheet.isImportant,x86_64,2016-12-09T07:49:31.409Z
Assert.java Assert.java DefaultJavaFoldingStructureProvider.java DefaultJavaFoldingStructureProvider.java DefaultJavaFoldingStructureProvider.java DefaultJavaFoldingStructureProvider.java DeltaProcessor.java SafeRunner.java DeltaProcessor.java DeltaProcessor.java DeltaProcessor.java JavaModelOperation.java JavaModelOperation.java CompilationUnit.java JavaReconcilingStrategy.java JavaReconcilingStrategy.java JavaReconcilingStrategy.java SafeRunner.java JavaReconcilingStrategy.java JavaReconcilingStrategy.java CompositeReconcilingStrategy.java JavaCompositeReconcilingStrategy.java MonoReconciler.java AbstractReconciler.java,AssertionFailedException in DefaultJavaFoldingStructureProvider.computeCurrentStructure,x86_64,2016-12-12T10:31:21.159Z
CElement.java TranslationUnit.java ReconcileWorkingCopyOperation.java CModelOperation.java CModelOperation.java CModelOperation.java WorkingCopy.java CReconcilingStrategy.java CReconcilingStrategy.java CompositeReconcilingStrategy.java CCompositeReconcilingStrategy.java MonoReconciler.java CReconciler.java AbstractReconciler.java,CModelException in CElement.newNotPresentException,x86_64,2016-12-13T07:53:11.125Z
KarJhMkwmUq4NRHo h/yCUYiJgD1rEAln PreferencePage.java PreferenceDialog.java PreferenceDialog.java SafeRunner.java JFaceUtil.java SafeRunnable.java PreferenceDialog.java FilteredPreferenceDialog.java PreferenceDialog.java BusyIndicator.java PreferenceDialog.java StructuredViewer.java SafeRunner.java JFaceUtil.java SafeRunnable.java StructuredViewer.java StructuredViewer.java StructuredViewer.java OpenStrategy.java OpenStrategy.java OpenStrategy.java RunnableLock.java Synchronizer.java Display.java Display.java Window.java Window.java PropertyDialogAction.java ProjectPropertyDialogAction.java Action.java ActionContributionItem.java ActionContributionItem.java ActionContributionItem.java EventTable.java Widget.java Display.java Display.java PartRenderingEngine.java Realm.java PartRenderingEngine.java E4Workbench.java Workbench.java Realm.java Workbench.java PlatformUI.java IDEApplication.java EclipseAppHandle.java EclipseAppLauncher.java EclipseAppLauncher.java EclipseStarter.java EclipseStarter.java Main.java Main.java Main.java,3rd party caused NullPointerException below FilteredPreferenceDialog.showPage,x86_64,2016-12-13T07:53:19.445Z
DefaultUiFreezeEventLogger.java EventLoopMonitorThread.java EventLoopMonitorThread.java,FreezeWarning below SelectionDispatchAction.run (thrown in FileInputStream.readBytes),x86_64,2016-09-19T08:40:00.960Z
Policy.java UpdateHandler.java PreloadingRepositoryHandler.java RunnableLock.java Synchronizer.java Display.java Display.java PartRenderingEngine.java Realm.java PartRenderingEngine.java E4Workbench.java Workbench.java Realm.java Workbench.java PlatformUI.java IDEApplication.java EclipseAppHandle.java EclipseAppLauncher.java EclipseAppLauncher.java EclipseStarter.java EclipseStarter.java NativeMethodAccessorImpl.java NativeMethodAccessorImpl.java DelegatingMethodAccessorImpl.java Method.java Main.java Main.java Main.java Main.java,RuntimeException in Policy.continueWorkingWithOperation,x86_64,2016-12-12T07:52:59.413Z
ListLineTracker.java AbstractLineTracker.java AbstractDocument.java JavaBreakpointConditionEditor.java JavaBreakpointConditionEditor.java CompositeBreakpointEditor.java AbstractDetailPane.java DetailPaneProxy.java VariablesView.java VariablesView.java StructuredViewer.java SafeRunner.java JFaceUtil.java SafeRunnable.java StructuredViewer.java StructuredViewer.java StructuredViewer.java OpenStrategy.java OpenStrategy.java OpenStrategy.java Display.java OS.java OS.java Display.java PartRenderingEngine.java Realm.java PartRenderingEngine.java E4Workbench.java Workbench.java Realm.java Workbench.java PlatformUI.java IDEApplication.java EclipseAppHandle.java EclipseAppLauncher.java EclipseAppLauncher.java EclipseStarter.java EclipseStarter.java NativeMethodAccessorImpl.java NativeMethodAccessorImpl.java DelegatingMethodAccessorImpl.java Method.java Main.java Main.java Main.java Main.java,BadLocationException below JavaBreakpointConditionEditor.setBreakpoint (thrown in ListLineTracker.getLineOffset),x86_64,2016-12-13T14:18:27.991Z
LocalFile.java FileSystemResourceManager.java File.java WorkspaceModelIndex.java WorkspaceModelIndex.java WorkspaceModelIndex.java Resource.java Resource.java ElementTreeIterator.java ElementTreeIterator.java ElementTreeIterator.java ElementTreeIterator.java Resource.java Resource.java Resource.java Resource.java WorkspaceModelIndex.java WorkspaceModelIndex.java Worker.java,FileNotFoundException below WorkspaceModelIndex.match (thrown in FileInputStream.open),x86,2016-09-19T08:40:01.003Z
SocketTransportService.java SocketTransportService.java SocketTransportService.java,IOException in SocketTransportService.readHandshake,x86_64,2016-12-12T16:22:32.248Z
DefaultUiFreezeEventLogger.java EventLoopMonitorThread.java EventLoopMonitorThread.java,FreezeWarning below CompareEditor$3.run (thrown in PackageFragmentRootWalker.traverse),x86_64,2016-10-27T11:39:34.731Z
CompilationUnitRewriteOperationsFix.java FixCorrectionProposal.java CUCorrectionProposal.java ChangeCorrectionProposal.java ChangeCorrectionProposal.java LinkedCorrectionProposal.java CUCorrectionProposal.java FixCorrectionProposal.java CompletionProposalPopup.java CompletionProposalPopup.java CompletionProposalPopup.java CompletionProposalPopup.java TypedListener.java EventTable.java Display.java Widget.java Display.java Display.java PartRenderingEngine.java Realm.java PartRenderingEngine.java E4Workbench.java Workbench.java Realm.java Workbench.java PlatformUI.java IDEApplication.java EclipseAppHandle.java EclipseAppLauncher.java EclipseAppLauncher.java EclipseStarter.java EclipseStarter.java Main.java Main.java Main.java Main.java,CoreException in CompilationUnitRewriteOperationsFix.createChange,x86_64,2016-12-13T11:01:01.713Z
WindowTopBoundsSupport.java AbstractComponentInfo.java ObjectInfo.java ObjectInfo.java ObjectInfo.java ExecutionUtils.java ObjectInfo.java SwingUtils.java,IllegalStateException below WindowTopBoundsSupport.apply (thrown in GroupLayout.checkComponents),x86_64,2016-12-12T07:53:02.699Z
RemediationGroup.java RemediationGroup.java EventTable.java Display.java Widget.java Display.java Display.java Window.java Window.java ProvisioningUI.java ProvisioningUI.java InstallNewSoftwareHandler.java PreloadingRepositoryHandler.java PreloadingRepositoryHandler.java BusyIndicator.java PreloadingRepositoryHandler.java HandlerProxy.java E4HandlerProxy.java MethodRequestor.java InjectorImpl.java InjectorImpl.java ContextInjectionFactory.java HandlerServiceHandler.java Command.java ParameterizedCommand.java HandlerServiceImpl.java HandledContributionItem.java HandledContributionItem.java HandledContributionItem.java HandledContributionItem.java EventTable.java Display.java Widget.java Display.java Display.java PartRenderingEngine.java Realm.java PartRenderingEngine.java E4Workbench.java Workbench.java Realm.java Workbench.java PlatformUI.java IDEApplication.java EclipseAppHandle.java EclipseAppLauncher.java EclipseAppLauncher.java EclipseStarter.java EclipseStarter.java Main.java Main.java Main.java,NullPointerException in RemediationGroup.searchRemedyMatchingUserChoices,x86_64,2016-12-13T06:20:44.747Z
MessageSend.java MessageSend.java MessageSend.java FieldReference.java Block.java LambdaExpression.java MessageSend.java FieldReference.java Block.java LambdaExpression.java MessageSend.java FieldReference.java Block.java LambdaExpression.java MessageSend.java FieldReference.java Block.java LambdaExpression.java MessageSend.java FieldReference.java Block.java LambdaExpression.java MessageSend.java FieldReference.java Block.java LambdaExpression.java MessageSend.java FieldReference.java Block.java LambdaExpression.java MessageSend.java FieldReference.java Block.java LambdaExpression.java MessageSend.java FieldReference.java Block.java LambdaExpression.java MessageSend.java FieldReference.java Block.java LambdaExpression.java MessageSend.java FieldReference.java Block.java LambdaExpression.java MessageSend.java FieldReference.java Block.java LambdaExpression.java MessageSend.java FieldReference.java Block.java LambdaExpression.java MessageSend.java FieldReference.java Block.java LambdaExpression.java MessageSend.java FieldReference.java Block.java LambdaExpression.java MessageSend.java FieldReference.java Block.java LambdaExpression.java MessageSend.java FieldReference.java Block.java LambdaExpression.java MessageSend.java FieldReference.java Block.java LambdaExpression.java MessageSend.java FieldReference.java Block.java LambdaExpression.java MessageSend.java FieldReference.java Block.java LambdaExpression.java MessageSend.java FieldReference.java Block.java LambdaExpression.java MessageSend.java FieldReference.java Block.java LambdaExpression.java MessageSend.java FieldReference.java Block.java LambdaExpression.java MessageSend.java FieldReference.java Block.java LambdaExpression.java MessageSend.java FieldReference.java Block.java LambdaExpression.java MessageSend.java FieldReference.java Block.java LambdaExpression.java MessageSend.java FieldReference.java Block.java LambdaExpression.java MessageSend.java FieldReference.java Block.java LambdaExpression.java MessageSend.java FieldReference.java Block.java LambdaExpression.java MessageSend.java FieldReference.java Block.java LambdaExpression.java MessageSend.java FieldReference.java Block.java LambdaExpression.java MessageSend.java FieldReference.java Block.java LambdaExpression.java MessageSend.java FieldReference.java Block.java LambdaExpression.java MessageSend.java FieldReference.java Block.java LambdaExpression.java MessageSend.java FieldReference.java Block.java LambdaExpression.java MessageSend.java FieldReference.java Block.java LambdaExpression.java MessageSend.java FieldReference.java Block.java LambdaExpression.java MessageSend.java FieldReference.java Block.java LambdaExpression.java MessageSend.java FieldReference.java Block.java LambdaExpression.java MessageSend.java FieldReference.java Block.java LambdaExpression.java MessageSend.java FieldReference.java Block.java LambdaExpression.java MessageSend.java FieldReference.java Block.java LambdaExpression.java MessageSend.java FieldReference.java Block.java LambdaExpression.java MessageSend.java FieldReference.java Block.java LambdaExpression.java MessageSend.java FieldReference.java Block.java LambdaExpression.java MessageSend.java FieldReference.java Block.java LambdaExpression.java MessageSend.java FieldReference.java Block.java LambdaExpression.java MessageSend.java FieldReference.java Block.java LambdaExpression.java MessageSend.java FieldReference.java Block.java LambdaExpression.java MessageSend.java FieldReference.java Block.java LambdaExpression.java MessageSend.java FieldReference.java Block.java LambdaExpression.java MessageSend.java FieldReference.java Block.java LambdaExpression.java MessageSend.java FieldReference.java Block.java LambdaExpression.java MessageSend.java FieldReference.java Block.java LambdaExpression.java MessageSend.java FieldReference.java Block.java LambdaExpression.java MessageSend.java FieldReference.java Block.java LambdaExpression.java MessageSend.java FieldReference.java Block.java LambdaExpression.java MessageSend.java FieldReference.java Block.java LambdaExpression.java MessageSend.java FieldReference.java Block.java LambdaExpression.java MessageSend.java FieldReference.java Block.java LambdaExpression.java MessageSend.java FieldReference.java Block.java LambdaExpression.java MessageSend.java FieldReference.java Block.java LambdaExpression.java MessageSend.java FieldReference.java Block.java LambdaExpression.java MessageSend.java FieldReference.java Block.java LambdaExpression.java MessageSend.java FieldReference.java Block.java LambdaExpression.java MessageSend.java FieldReference.java Block.java LambdaExpression.java MessageSend.java FieldReference.java Block.java LambdaExpression.java MessageSend.java FieldReference.java Block.java LambdaExpression.java MessageSend.java FieldReference.java Block.java LambdaExpression.java MessageSend.java FieldReference.java Block.java LambdaExpression.java MessageSend.java FieldReference.java Block.java LambdaExpression.java MessageSend.java FieldReference.java Block.java LambdaExpression.java MessageSend.java FieldReference.java Block.java LambdaExpression.java MessageSend.java FieldReference.java Block.java LambdaExpression.java MessageSend.java FieldReference.java Block.java LambdaExpression.java MessageSend.java FieldReference.java Block.java LambdaExpression.java MessageSend.java FieldReference.java Block.java LambdaExpression.java MessageSend.java FieldReference.java Block.java LambdaExpression.java MessageSend.java FieldReference.java Block.java LambdaExpression.java MessageSend.java FieldReference.java Block.java LambdaExpression.java MessageSend.java FieldReference.java Block.java LambdaExpression.java MessageSend.java FieldReference.java Block.java LambdaExpression.java MessageSend.java FieldReference.java Block.java LambdaExpression.java MessageSend.java FieldReference.java Block.java LambdaExpression.java MessageSend.java FieldReference.java Block.java LambdaExpression.java MessageSend.java FieldReference.java Block.java LambdaExpression.java MessageSend.java FieldReference.java Block.java LambdaExpression.java MessageSend.java FieldReference.java Block.java LambdaExpression.java MessageSend.java FieldReference.java Block.java LambdaExpression.java MessageSend.java FieldReference.java Block.java LambdaExpression.java MessageSend.java FieldReference.java Block.java LambdaExpression.java MessageSend.java FieldReference.java Block.java LambdaExpression.java MessageSend.java FieldReference.java Block.java LambdaExpression.java MessageSend.java FieldReference.java Block.java LambdaExpression.java MessageSend.java FieldReference.java Block.java LambdaExpression.java MessageSend.java FieldReference.java Block.java LambdaExpression.java MessageSend.java FieldReference.java Block.java LambdaExpression.java MessageSend.java FieldReference.java Block.java LambdaExpression.java MessageSend.java FieldReference.java Block.java LambdaExpression.java MessageSend.java FieldReference.java Block.java LambdaExpression.java MessageSend.java FieldReference.java Block.java LambdaExpression.java MessageSend.java FieldReference.java Block.java LambdaExpression.java MessageSend.java FieldReference.java Block.java LambdaExpression.java MessageSend.java FieldReference.java Block.java LambdaExpression.java MessageSend.java FieldReference.java Block.java LambdaExpression.java MessageSend.java FieldReference.java Block.java LambdaExpression.java MessageSend.java FieldReference.java Block.java LambdaExpression.java MessageSend.java FieldReference.java Block.java LambdaExpression.java MessageSend.java FieldReference.java Block.java LambdaExpression.java MessageSend.java FieldReference.java Block.java LambdaExpression.java MessageSend.java FieldReference.java Block.java LambdaExpression.java MessageSend.java FieldReference.java Block.java LambdaExpression.java MessageSend.java FieldReference.java Block.java LambdaExpression.java MessageSend.java FieldReference.java Block.java LambdaExpression.java MessageSend.java FieldReference.java Block.java LambdaExpression.java MessageSend.java FieldReference.java Block.java LambdaExpression.java MessageSend.java FieldReference.java Block.java LambdaExpression.java MessageSend.java FieldReference.java Block.java LambdaExpression.java MessageSend.java FieldReference.java Block.java LambdaExpression.java MessageSend.java FieldReference.java Block.java LambdaExpression.java MessageSend.java FieldReference.java Block.java LambdaExpression.java MessageSend.java FieldReference.java Block.java LambdaExpression.java MessageSend.java FieldReference.java Block.java LambdaExpression.java MessageSend.java FieldReference.java Block.java LambdaExpression.java MessageSend.java FieldReference.java Block.java LambdaExpression.java MessageSend.java FieldReference.java Block.java LambdaExpression.java MessageSend.java FieldReference.java Block.java LambdaExpression.java MessageSend.java FieldReference.java Block.java LambdaExpression.java MessageSend.java FieldReference.java Block.java LambdaExpression.java MessageSend.java FieldReference.java Block.java LambdaExpression.java MessageSend.java FieldReference.java Block.java LambdaExpression.java MessageSend.java FieldReference.java Block.java LambdaExpression.java MessageSend.java FieldReference.java Block.java LambdaExpression.java MessageSend.java FieldReference.java Block.java LambdaExpression.java MessageSend.java FieldReference.java Block.java LambdaExpression.java MessageSend.java FieldReference.java Block.java LambdaExpression.java MessageSend.java FieldReference.java Block.java LambdaExpression.java MessageSend.java FieldReference.java Block.java LambdaExpression.java MessageSend.java FieldReference.java Block.java LambdaExpression.java MessageSend.java FieldReference.java Block.java LambdaExpression.java MessageSend.java FieldReference.java Block.java LambdaExpression.java MessageSend.java FieldReference.java Block.java LambdaExpression.java MessageSend.java FieldReference.java Block.java LambdaExpression.java MessageSend.java FieldReference.java Block.java LambdaExpression.java MessageSend.java FieldReference.java Block.java LambdaExpression.java MessageSend.java FieldReference.java Block.java LambdaExpression.java MessageSend.java FieldReference.java Block.java LambdaExpression.java MessageSend.java FieldReference.java Block.java LambdaExpression.java MessageSend.java FieldReference.java Block.java LambdaExpression.java MessageSend.java FieldReference.java Block.java LambdaExpression.java MessageSend.java FieldReference.java Block.java LambdaExpression.java MessageSend.java FieldReference.java Block.java LambdaExpression.java MessageSend.java FieldReference.java Block.java LambdaExpression.java MessageSend.java FieldReference.java Block.java LambdaExpression.java MessageSend.java FieldReference.java Block.java LambdaExpression.java MessageSend.java FieldReference.java Block.java LambdaExpression.java MessageSend.java FieldReference.java Block.java LambdaExpression.java MessageSend.java FieldReference.java Block.java LambdaExpression.java MessageSend.java FieldReference.java Block.java LambdaExpression.java MessageSend.java FieldReference.java Block.java LambdaExpression.java MessageSend.java FieldReference.java Block.java LambdaExpression.java MessageSend.java FieldReference.java Block.java LambdaExpression.java MessageSend.java FieldReference.java Block.java LambdaExpression.java MessageSend.java FieldReference.java Block.java LambdaExpression.java MessageSend.java FieldReference.java Block.java LambdaExpression.java MessageSend.java FieldReference.java Block.java LambdaExpression.java MessageSend.java FieldReference.java Block.java LambdaExpression.java MessageSend.java FieldReference.java Block.java LambdaExpression.java MessageSend.java FieldReference.java Block.java LambdaExpression.java MessageSend.java FieldReference.java Block.java LambdaExpression.java MessageSend.java FieldReference.java Block.java LambdaExpression.java MessageSend.java FieldReference.java Block.java LambdaExpression.java MessageSend.java FieldReference.java Block.java LambdaExpression.java MessageSend.java FieldReference.java Block.java LambdaExpression.java MessageSend.java FieldReference.java Block.java LambdaExpression.java MessageSend.java FieldReference.java Block.java LambdaExpression.java MessageSend.java FieldReference.java Block.java LambdaExpression.java MessageSend.java FieldReference.java Block.java LambdaExpression.java MessageSend.java FieldReference.java Block.java LambdaExpression.java MessageSend.java FieldReference.java Block.java LambdaExpression.java MessageSend.java FieldReference.java Block.java LambdaExpression.java MessageSend.java FieldReference.java Block.java LambdaExpression.java MessageSend.java FieldReference.java Block.java LambdaExpression.java MessageSend.java FieldReference.java Block.java LambdaExpression.java MessageSend.java FieldReference.java Block.java LambdaExpression.java MessageSend.java FieldReference.java Block.java LambdaExpression.java MessageSend.java FieldReference.java Block.java LambdaExpression.java MessageSend.java FieldReference.java Block.java LambdaExpression.java MessageSend.java FieldReference.java Block.java LambdaExpression.java MessageSend.java FieldReference.java Block.java LambdaExpression.java MessageSend.java FieldReference.java Block.java LambdaExpression.java MessageSend.java FieldReference.java Block.java LambdaExpression.java MessageSend.java FieldReference.java Block.java LambdaExpression.java MessageSend.java FieldReference.java Block.java LambdaExpression.java MessageSend.java FieldReference.java Block.java LambdaExpression.java MessageSend.java FieldReference.java Block.java LambdaExpression.java MessageSend.java FieldReference.java Block.java LambdaExpression.java MessageSend.java FieldReference.java Block.java LambdaExpression.java MessageSend.java FieldReference.java Block.java LambdaExpression.java MessageSend.java FieldReference.java Block.java LambdaExpression.java MessageSend.java FieldReference.java Block.java LambdaExpression.java MessageSend.java FieldReference.java Block.java LambdaExpression.java MessageSend.java FieldReference.java Block.java LambdaExpression.java MessageSend.java FieldReference.java Block.java LambdaExpression.java MessageSend.java FieldReference.java Block.java LambdaExpression.java MessageSend.java FieldReference.java Block.java LambdaExpression.java MessageSend.java FieldReference.java Block.java LambdaExpression.java MessageSend.java FieldReference.java Block.java LambdaExpression.java MessageSend.java FieldReference.java Block.java LambdaExpression.java MessageSend.java FieldReference.java Block.java LambdaExpression.java MessageSend.java FieldReference.java Block.java LambdaExpression.java MessageSend.java FieldReference.java Block.java LambdaExpression.java MessageSend.java FieldReference.java Block.java LambdaExpression.java MessageSend.java FieldReference.java Block.java LambdaExpression.java MessageSend.java FieldReference.java Block.java LambdaExpression.java MessageSend.java FieldReference.java Block.java LambdaExpression.java MessageSend.java FieldReference.java Block.java LambdaExpression.java MessageSend.java FieldReference.java Block.java LambdaExpression.java MessageSend.java FieldReference.java Block.java LambdaExpression.java MessageSend.java FieldReference.java Block.java LambdaExpression.java MessageSend.java FieldReference.java Block.java LambdaExpression.java MessageSend.java FieldReference.java Block.java LambdaExpression.java MessageSend.java FieldReference.java Block.java LambdaExpression.java MessageSend.java FieldReference.java Block.java LambdaExpression.java MessageSend.java FieldReference.java Block.java LambdaExpression.java MessageSend.java FieldReference.java Block.java LambdaExpression.java MessageSend.java FieldReference.java Block.java LambdaExpression.java MessageSend.java FieldReference.java Block.java LambdaExpression.java MessageSend.java FieldReference.java Block.java LambdaExpression.java MessageSend.java FieldReference.java Block.java LambdaExpression.java MessageSend.java FieldReference.java Block.java LambdaExpression.java MessageSend.java FieldReference.java Block.java LambdaExpression.java MessageSend.java FieldReference.java Block.java LambdaExpression.java MessageSend.java FieldReference.java Block.java LambdaExpression.java MessageSend.java FieldReference.java Block.java LambdaExpression.java MessageSend.java FieldReference.java Block.java LambdaExpression.java MessageSend.java FieldReference.java Block.java LambdaExpression.java MessageSend.java FieldReference.java Block.java LambdaExpression.java MessageSend.java FieldReference.java Block.java LambdaExpression.java MessageSend.java FieldReference.java Block.java LambdaExpression.java MessageSend.java FieldReference.java Block.java LambdaExpression.java MessageSend.java FieldReference.java Block.java LambdaExpression.java MessageSend.java FieldReference.java Block.java LambdaExpression.java MessageSend.java FieldReference.java Block.java LambdaExpression.java MessageSend.java FieldReference.java Block.java LambdaExpression.java MessageSend.java FieldReference.java Block.java LambdaExpression.java MessageSend.java FieldReference.java Block.java LambdaExpression.java MessageSend.java FieldReference.java Block.java LambdaExpression.java MessageSend.java FieldReference.java Block.java LambdaExpression.java MessageSend.java FieldReference.java Block.java LambdaExpression.java MessageSend.java FieldReference.java Block.java LambdaExpression.java MessageSend.java FieldReference.java Block.java LambdaExpression.java MessageSend.java FieldReference.java Block.java LambdaExpression.java MessageSend.java FieldReference.java Block.java LambdaExpression.java MessageSend.java FieldReference.java Block.java LambdaExpression.java MessageSend.java FieldReference.java,StackOverflowError in MessageSend.traverse,x86_64,2016-09-19T08:40:01.096Z
DefaultUiFreezeEventLogger.java EventLoopMonitorThread.java EventLoopMonitorThread.java,FreezeWarning below JavaProjectWizard.addPages (thrown in StandardVMType.getDefaultLibraryLocations),x86,2016-12-13T07:53:25.632Z
String.java TextSequenceUtilities.java PHPSelectionEngine.java PHPSelectionEngine.java Openable.java Openable.java AbstractSourceModule.java AbstractSourceModule.java OpenTypeHierarchyAction.java OpenTypeHierarchyAction.java OpenTypeHierarchyAction.java OpenTypeHierarchyAction.java Worker.java,StringIndexOutOfBoundsException below TextSequenceUtilities$SimpleTextSequence.toString (thrown in String.<init>),x86_64,2016-12-07T21:13:56.476Z
WindowCursor.java ObjectReader.java RevWalk.java RevWalk.java RefUpdateElement.java RefUpdateElement.java RefUpdateElement.java PushResultTable.java DelegatingStyledCellLabelProvider.java DelegatingStyledCellLabelProvider.java ViewerColumn.java AbstractTreeViewer.java AbstractTreeViewer.java SafeRunner.java JFaceUtil.java SafeRunnable.java AbstractTreeViewer.java StructuredViewer.java SafeRunner.java JFaceUtil.java SafeRunnable.java StructuredViewer.java AbstractTreeViewer.java AbstractTreeViewer.java BusyIndicator.java AbstractTreeViewer.java TreeViewer.java AbstractTreeViewer.java AbstractTreeViewer.java TreeViewer.java AbstractTreeViewer.java StructuredViewer.java TreeViewer.java StructuredViewer.java AbstractTreeViewer.java ContentViewer.java StructuredViewer.java PushResultTable.java ConfirmationPage.java ConfirmationPage.java ConfirmationPage.java RunnableLock.java Synchronizer.java Display.java Display.java Window.java Window.java PushActionHandler.java HandlerProxy.java E4HandlerProxy.java MethodRequestor.java InjectorImpl.java InjectorImpl.java ContextInjectionFactory.java HandlerServiceHandler.java Command.java ParameterizedCommand.java HandlerServiceImpl.java HandledContributionItem.java HandledContributionItem.java HandledContributionItem.java HandledContributionItem.java EventTable.java Display.java Widget.java Display.java Display.java PartRenderingEngine.java Realm.java PartRenderingEngine.java E4Workbench.java Workbench.java Realm.java Workbench.java PlatformUI.java IDEApplication.java EclipseAppHandle.java EclipseAppLauncher.java EclipseAppLauncher.java EclipseStarter.java EclipseStarter.java Main.java Main.java Main.java,MissingObjectException in WindowCursor.open,x86,2016-12-13T07:03:14.467Z
DefaultUiFreezeEventLogger.java EventLoopMonitorThread.java EventLoopMonitorThread.java,FreezeWarning below IOConsolePartitioner$TrimJob.runInUIThread (thrown in Thread.sleep),x86_64,2016-12-10T07:47:53.868Z
AbstractJptXmlResourceProvider.java AbstractJptXmlResourceProvider.java JpaProjectConfigurator.java JpaProjectConfigurator.java AbstractLifecycleMapping.java ProjectConfigurationManager.java ProjectConfigurationManager.java MavenExecutionContext.java MavenExecutionContext.java ProjectConfigurationManager.java ProjectConfigurationManager.java ProjectConfigurationManager.java ProjectConfigurationManager.java MavenExecutionContext.java MavenExecutionContext.java MavenExecutionContext.java MavenImpl.java ProjectConfigurationManager.java UpdateMavenProjectJob.java InternalWorkspaceJob.java Worker.java,ClassCastException in AbstractJptXmlResourceProvider.buildXmlResource,x86_64,2016-12-12T02:01:50.501Z
DataInputStream.java JavaModelManager.java JavaModelManager.java JavaModelManager.java JavaModelManager.java JavaModelManager.java JavaScriptCore.java BundleContextImpl.java BundleContextImpl.java AccessController.java BundleContextImpl.java BundleContextImpl.java EquinoxBundle.java EquinoxBundle.java Module.java Module.java SecureAction.java EclipseLazyStarter.java ClasspathManager.java ModuleClassLoader.java BundleLoader.java BundleLoader.java BundleLoader.java BundleLoader.java ModuleClassLoader.java ClassLoader.java JavaScriptPlugin.java BundleContextImpl.java BundleContextImpl.java AccessController.java BundleContextImpl.java BundleContextImpl.java EquinoxBundle.java EquinoxBundle.java Module.java Module.java SecureAction.java EclipseLazyStarter.java ClasspathManager.java ModuleClassLoader.java BundleLoader.java BundleLoader.java BundleLoader.java BundleLoader.java ModuleClassLoader.java ClassLoader.java EquinoxBundle.java RegistryStrategyOSGI.java ExtensionRegistry.java ConfigurationElement.java ConfigurationElementHandle.java ModelProviderDescriptor.java ResourceChangeValidator.java ResourceChangeValidator.java IDE.java CloseResourceAction.java CloseResourceAction.java BaseSelectionListenerAction.java ActionContributionItem.java ActionContributionItem.java ActionContributionItem.java EventTable.java Display.java Widget.java Display.java Display.java PartRenderingEngine.java Realm.java PartRenderingEngine.java E4Workbench.java Workbench.java Realm.java Workbench.java PlatformUI.java IDEApplication.java EclipseAppHandle.java EclipseAppLauncher.java EclipseAppLauncher.java EclipseStarter.java EclipseStarter.java NativeMethodAccessorImpl.java NativeMethodAccessorImpl.java DelegatingMethodAccessorImpl.java Method.java Main.java Main.java Main.java Main.java,EOFException below JavaModelManager$VariablesAndContainersLoadHelper.loadInt (thrown in DataInputStream.readInt),x86_64,2016-12-13T11:48:52.596Z
Synchronizer.java Display.java Display.java Window.java Window.java LogListener.java RunnableLock.java Synchronizer.java Display.java Display.java Window.java Window.java MessageDialog.java RebaseResultDialog.java RunnableLock.java Synchronizer.java Display.java Display.java PartRenderingEngine.java Realm.java PartRenderingEngine.java E4Workbench.java Workbench.java Realm.java Workbench.java PlatformUI.java IDEApplication.java EclipseAppHandle.java EclipseAppLauncher.java EclipseAppLauncher.java EclipseStarter.java EclipseStarter.java NativeMethodAccessorImpl.java NativeMethodAccessorImpl.java DelegatingMethodAccessorImpl.java Method.java Main.java Main.java Main.java Main.java,ClassCastException in ResourceDiffCompareInput.update,x86_64,2016-12-12T07:53:06.382Z
DefaultUiFreezeEventLogger.java EventLoopMonitorThread.java EventLoopMonitorThread.java,FreezeWarning below MarketplacePage$7.run (thrown in SocketInputStream.socketRead0),x86_64,2016-12-10T07:47:55.177Z
ReleaseManager.java VersionBuilder.java VersionBuilder.java BuildManager.java SafeRunner.java BuildManager.java BuildManager.java BuildManager.java SafeRunner.java BuildManager.java BuildManager.java BuildManager.java AutoBuildJob.java AutoBuildJob.java Worker.java,IllegalStateException in ReleaseManager.createElement,x86_64,2016-10-26T13:37:57.077Z
TypeInferencingVisitorWithRequestor.java TypeInferencingVisitorWithRequestor.java cEIQ08fEJvwYzt0m BSOp/m+/QectoKLJ EYEzMnPyyza+M2zU JFQ+LHiK8gTZ21mW LhsVpPlW/Z5nqUTH j4mljsRahxSBo9Oj TypeInferencingVisitorWithRequestor.java VStgvwBHK7I8xOPI V3d+8saFFOvDNdIQ FjTBz6SQKjI7LDti TypeInferencingVisitorWithRequestor.java TypeInferencingVisitorWithRequestor.java TypeInferencingVisitorWithRequestor.java TypeInferencingVisitorWithRequestor.java eWtrXswUpfV1NVE0 T3yR1sapaAC0BXAf ZPRTezpi67rfIxxB JavaEditor.java SelectionListenerWithASTManager.java SelectionListenerWithASTManager.java Worker.java,NoClassDefFoundError in TypeInferencingVisitorWithRequestor.inferGenericMethodType,x86_64,2016-12-09T07:49:51.845Z
MavenImpl.java MavenImpl.java MavenExecutionContext.java MavenExecutionContext.java MavenExecutionContext.java MavenImpl.java MavenImpl.java ProjectConfigurationManager.java ProjectConfigurationManager.java ProjectConfigurationManager.java ProjectConfigurationManager.java MavenExecutionContext.java MavenExecutionContext.java MavenExecutionContext.java MavenImpl.java ProjectConfigurationManager.java MavenProjectWizard.java AbstactCreateMavenProjectJob.java AbstractCreateMavenProjectsOperation.java AbstactCreateMavenProjectJob.java InternalWorkspaceJob.java Worker.java,CoreException in MavenImpl$5.call,x86_64,2016-12-13T14:54:25.070Z
DefaultUiFreezeEventLogger.java EventLoopMonitorThread.java EventLoopMonitorThread.java,FreezeWarning below InternalTreeModelViewer.handleSelect (thrown in JDIThread.getTopStackFrame),x86_64,2016-12-12T07:53:16.693Z
DefaultUiFreezeEventLogger.java EventLoopMonitorThread.java EventLoopMonitorThread.java,FreezeWarning below RunToLineActionDelegate$1.run (thrown in JDIThread.isSuspendVoteInProgress),x86_64,2016-10-20T12:30:53.345Z
PageSetupDialog.java PageSetupDialog.java PageSetupAction.java Action.java ActionContributionItem.java ActionContributionItem.java ActionContributionItem.java EventTable.java Display.java Widget.java Display.java Display.java PartRenderingEngine.java Realm.java PartRenderingEngine.java E4Workbench.java Workbench.java Realm.java Workbench.java PlatformUI.java IDEApplication.java EclipseAppHandle.java EclipseAppLauncher.java EclipseAppLauncher.java EclipseStarter.java EclipseStarter.java Main.java Main.java Main.java,NullPointerException in PageSetupDialog.getGlobalPreferencesStore,x86,2016-12-12T07:53:16.919Z
HashMap.java HashMap.java YvI5AVhOlth/wQNQ jM/8rwUCL6rj/oNV DKXBCgGEr1QpCNWG cPPt70+l8NekxbLU YBMNhj0YOJX6F1J1 lLWNDRScEt8yjE/K Worker.java,3rd party caused ConcurrentModificationException below Worker.run,x86_64,2016-12-08T08:27:28.776Z
VirtualConstraintsCreationSupport.java GridBagLayoutInfo.java GridBagLayoutInfo.java ExecutionUtils.java GridBagLayoutInfo.java GridBagLayoutSurroundSupport.java GridBagLayoutSurroundSupport.java SurroundSupport.java SurroundSupport.java SurroundSupport.java DelegatingMethodAccessorImpl.java Method.java BroadcastSupport.java <generated> DesignContextMenuProvider.java ExecutionUtils.java DesignContextMenuProvider.java MultiSelectionContextMenuProvider.java ContextMenuProvider.java MenuManager.java MenuManager.java MenuManager.java MenuManager.java TypedListener.java EventTable.java Display.java Widget.java Widget.java Widget.java Menu.java Display.java Display.java PartRenderingEngine.java Realm.java PartRenderingEngine.java E4Workbench.java Workbench.java Realm.java Workbench.java PlatformUI.java IDEApplication.java EclipseAppHandle.java EclipseAppLauncher.java EclipseAppLauncher.java EclipseStarter.java EclipseStarter.java NativeMethodAccessorImpl.java NativeMethodAccessorImpl.java DelegatingMethodAccessorImpl.java Method.java Main.java Main.java Main.java Main.java,ClassCastException in VirtualConstraintsCreationSupport.<init>,x86_64,2016-12-13T07:53:38.886Z
SwingLiveManager.java AbstractLiveManager.java AbstractLiveManager.java AbstractLiveManager.java AbstractLiveManager.java SwingLiveManager.java ComponentInfo.java ComponentInfo.java SwingScreenshotMaker.java ObjectInfo.java ObjectInfo.java ExecutionUtils.java ObjectInfo.java SwingScreenshotMaker.java ComponentInfo.java ComponentInfo.java ContainerInfo.java ObjectInfo.java ExecutionUtils.java ObjectInfo.java SwingUtils.java SwingUtils.java SwingUtils.java ComponentInfo.java ObjectInfo.java ObjectInfo.java ExecutionUtils.java GenericPropertyImpl.java DirectTextPropertyEditPolicy.java ExecutionUtils.java DirectTextPropertyEditPolicy.java DirectTextEditPolicy.java DirectTextEditPolicy.java DirectTextEditPolicy.java EventTable.java Display.java Widget.java Widget.java Widget.java Widget.java Widget.java Control.java Text.java Widget.java Control.java Text.java Display.java OS.java OS.java Display.java OS.java OS.java Display.java PartRenderingEngine.java Realm.java PartRenderingEngine.java E4Workbench.java Workbench.java Realm.java Workbench.java PlatformUI.java IDEApplication.java EclipseAppHandle.java EclipseAppLauncher.java EclipseAppLauncher.java EclipseStarter.java EclipseStarter.java NativeMethodAccessorImpl.java NativeMethodAccessorImpl.java DelegatingMethodAccessorImpl.java Method.java Main.java Main.java Main.java Main.java,NullPointerException in SwingLiveManager.createComponentCacheEntry,x86_64,2016-12-13T07:53:40.765Z
ContainerInfo.java ObjectInfo.java ComponentInfo.java ComponentInfo.java ComponentInfo.java ComponentInfo.java ContainerInfo.java ObjectInfo.java ExecutionUtils.java ObjectInfo.java SwingUtils.java SwingUtils.java SwingUtils.java ComponentInfo.java ObjectInfo.java ObjectInfo.java ExecutionUtils.java GenericPropertyImpl.java DirectTextPropertyEditPolicy.java ExecutionUtils.java DirectTextPropertyEditPolicy.java DirectTextEditPolicy.java DirectTextEditPolicy.java DirectTextEditPolicy.java EventTable.java Display.java Widget.java Widget.java Widget.java Widget.java Widget.java Control.java Text.java Widget.java Control.java Text.java Display.java OS.java OS.java Display.java OS.java OS.java Display.java PartRenderingEngine.java Realm.java PartRenderingEngine.java E4Workbench.java Workbench.java Realm.java Workbench.java PlatformUI.java IDEApplication.java EclipseAppHandle.java EclipseAppLauncher.java EclipseAppLauncher.java EclipseStarter.java EclipseStarter.java NativeMethodAccessorImpl.java NativeMethodAccessorImpl.java DelegatingMethodAccessorImpl.java Method.java Main.java Main.java Main.java Main.java,NullPointerException in ContainerInfo.refresh_fetch,x86_64,2016-12-13T07:53:42.688Z
ASTNode.java ASTConverter.java ASTConverter.java ASTConverter.java ASTConverter.java ASTConverter.java ASTConverter.java ASTConverter.java ASTConverter.java ASTConverter.java AST.java CompilationUnit.java Openable.java JavaElement.java CompilationUnit.java ReconcileWorkingCopyOperation.java ReconcileWorkingCopyOperation.java JavaModelOperation.java JavaModelOperation.java CompilationUnit.java JavaReconcilingStrategy.java JavaReconcilingStrategy.java JavaReconcilingStrategy.java SafeRunner.java JavaReconcilingStrategy.java JavaReconcilingStrategy.java CompositeReconcilingStrategy.java JavaCompositeReconcilingStrategy.java MonoReconciler.java AbstractReconciler.java,IllegalArgumentException in ASTNode.setSourceRange,x86_64,2016-12-13T07:53:49.027Z
TaglibIndex.java TaglibIndex.java JSPCorePlugin.java BundleContextImpl.java BundleContextImpl.java AccessController.java BundleContextImpl.java BundleContextImpl.java EquinoxBundle.java EquinoxBundle.java Module.java Module.java SecureAction.java EclipseLazyStarter.java ClasspathManager.java ModuleClassLoader.java BundleLoader.java SingleSourcePackage.java BundleLoader.java BundleLoader.java BundleLoader.java ModuleClassLoader.java ClassLoader.java Class.java Class.java XMLJavaHyperlinkDetector.java XMLJavaHyperlinkDetector.java NativeMethodAccessorImpl.java NativeMethodAccessorImpl.java DelegatingMethodAccessorImpl.java Method.java jo+QCcVdgeINuG42 Ie0GsRBB3hIV3C41 YAhOdgQ7cY67X4Gi k4OMLUqqVS75dai7 UsNGR6jtwyOwSWmw fCmfuW62ja/61VYQ UH48h0rAFzqenYFJ f0YFx+95uo4m3RHW HyperlinkManager.java HyperlinkManager.java HyperlinkManager.java TypedListener.java EventTable.java Display.java Widget.java Display.java Display.java PartRenderingEngine.java Realm.java PartRenderingEngine.java E4Workbench.java Workbench.java Realm.java Workbench.java PlatformUI.java IDEApplication.java EclipseAppHandle.java EclipseAppLauncher.java EclipseAppLauncher.java EclipseStarter.java EclipseStarter.java NativeMethodAccessorImpl.java NativeMethodAccessorImpl.java DelegatingMethodAccessorImpl.java Method.java Main.java Main.java Main.java Main.java,NoStackTrace in TaglibIndex.initializeInstance,x86_64,2016-12-13T14:40:52.963Z
RegistryStrategyOSGI.java RegistryStrategyOSGI.java ExtensionRegistry.java ConfigurationElement.java ConfigurationElementHandle.java NavigatorContentDescriptor.java NavigatorContentExtension.java SafeRunner.java NavigatorContentExtension.java NavigatorContentServiceContentProvider.java SafeRunner.java NavigatorContentServiceContentProvider.java NavigatorContentServiceContentProvider.java AbstractTreeViewer.java TreeViewer.java StructuredViewer.java AbstractTreeViewer.java AbstractTreeViewer.java BusyIndicator.java AbstractTreeViewer.java TreeViewer.java AbstractTreeViewer.java AbstractTreeViewer.java TreeViewer.java AbstractTreeViewer.java TypedListener.java EventTable.java Display.java Widget.java Widget.java Widget.java Tree.java Control.java Composite.java Control.java Control.java Display.java OS.java OS.java Tree.java Tree.java Control.java Tree.java Display.java OS.java OS.java Display.java PartRenderingEngine.java Realm.java PartRenderingEngine.java E4Workbench.java Workbench.java Realm.java Workbench.java PlatformUI.java IDEApplication.java EclipseAppHandle.java EclipseAppLauncher.java EclipseAppLauncher.java EclipseStarter.java EclipseStarter.java Main.java Main.java Main.java,IllegalStateException in PlatformUI.getWorkbench,x86,2016-12-13T09:50:06.858Z
DefaultUiFreezeEventLogger.java EventLoopMonitorThread.java EventLoopMonitorThread.java,FreezeWarning below Display.runAsyncMessages (thrown in AbstractTreeViewer.createTreeItem),x86_64,2016-11-25T14:35:47.338Z
ConfigurationElement.java ConfigurationElement.java ConfigurationElementHandle.java WorkbenchPlugin.java BusyIndicator.java WorkbenchPlugin.java EarlyStartupRunnable.java EarlyStartupRunnable.java SafeRunner.java Workbench.java Worker.java,CoreException below WorkbenchPlugin$1.run (thrown in ConfigurationElement.throwException),x86,2016-12-13T14:56:20.175Z
ContributeEmfWizardsAction.java AbstractContributeWizardsAction.java AbstractContributeWizardsAction.java TypedListener.java EventTable.java Display.java Widget.java Widget.java Widget.java Widget.java ActionContributionItem.java ActionContributionItem.java ActionContributionItem.java ActionContributionItem.java EventTable.java Display.java Widget.java Widget.java Widget.java Control.java Control.java Canvas.java Decorations.java Shell.java Display.java OS.java Menu.java Display.java Display.java PartRenderingEngine.java Realm.java PartRenderingEngine.java E4Workbench.java Workbench.java Realm.java Workbench.java PlatformUI.java IDEApplication.java EclipseAppHandle.java EclipseAppLauncher.java EclipseAppLauncher.java EclipseStarter.java EclipseStarter.java Main.java Main.java Main.java,ClassCastException in ContributeEmfWizardsAction.getEditingDomain,x86,2016-11-08T11:40:24.868Z
OverviewPage.java OverviewPage.java OverviewPage.java UIJob.java RunnableLock.java Synchronizer.java Display.java Display.java PartRenderingEngine.java Realm.java PartRenderingEngine.java E4Workbench.java Workbench.java Realm.java Workbench.java PlatformUI.java IDEApplication.java EclipseAppHandle.java EclipseAppLauncher.java EclipseAppLauncher.java EclipseStarter.java EclipseStarter.java NativeMethodAccessorImpl.java NativeMethodAccessorImpl.java DelegatingMethodAccessorImpl.java Method.java Main.java Main.java Main.java,NullPointerException in OverviewPage.isFragment,x86_64,2016-12-12T07:53:32.765Z
DTPConnectionProfileWrapper.java DTPConnectionProfileWrapper.java DTPConnectionProfileWrapper.java JpaFacetInstallPage.java JpaFacetInstallPage.java JpaFacetInstallPage.java TypedListener.java EventTable.java Display.java Widget.java Widget.java Widget.java Link.java Display.java OS.java Widget.java Widget.java Widget.java Control.java Display.java OS.java Widget.java Widget.java Shell.java Display.java OS.java Display.java Display.java OS.java NSApplication.java Display.java Window.java Window.java ConvertJavaProjectToJpaCommandHandler.java ConvertJavaProjectToJpaCommandHandler.java HandlerProxy.java E4HandlerProxy.java NativeMethodAccessorImpl.java NativeMethodAccessorImpl.java DelegatingMethodAccessorImpl.java Method.java MethodRequestor.java InjectorImpl.java InjectorImpl.java ContextInjectionFactory.java HandlerServiceHandler.java Command.java ParameterizedCommand.java HandlerServiceImpl.java HandledContributionItem.java HandledContributionItem.java HandledContributionItem.java HandledContributionItem.java EventTable.java Display.java Widget.java Widget.java Widget.java Widget.java Display.java Display.java PartRenderingEngine.java Realm.java PartRenderingEngine.java E4Workbench.java Workbench.java Realm.java Workbench.java PlatformUI.java IDEApplication.java EclipseAppHandle.java EclipseAppLauncher.java EclipseAppLauncher.java EclipseStarter.java EclipseStarter.java NativeMethodAccessorImpl.java NativeMethodAccessorImpl.java DelegatingMethodAccessorImpl.java Method.java Main.java Main.java Main.java,ClassNotFoundException below JDBCConnection.createConnection (thrown in URLClassLoader$1.run),x86_64,2016-12-13T07:53:56.978Z
XSLDebugUILaunchListener.java LaunchManager.java SafeRunner.java LaunchManager.java LaunchManager.java Launch.java Launch.java DebugPlugin.java SafeRunner.java DebugPlugin.java DebugPlugin.java Worker.java,NullPointerException in XSLDebugUILaunchListener.launchesTerminated,x86_64,2016-12-13T14:11:19.402Z
RebaseCommand.java RebaseOperation.java Workspace.java RebaseOperation.java JobUtil.java InternalWorkspaceJob.java Worker.java,IOException in FileUtils.delete,x86_64,2016-12-13T07:53:58.034Z
ManifestElement.java ApiAnalysisBuilder.java ApiAnalysisBuilder.java ApiAnalysisBuilder.java BuildManager.java SafeRunner.java BuildManager.java BuildManager.java BuildManager.java SafeRunner.java BuildManager.java BuildManager.java BuildManager.java AutoBuildJob.java AutoBuildJob.java Worker.java,BundleException below ApiAnalysisBuilder.compareManifest (thrown in ManifestElement.parseHeader),x86_64,2016-10-26T13:37:57.260Z
AyrM2w7+yPa8vzMy UpdateManagerHelper.java TargetPlatform.java LaunchConfigurationHelper.java EclipseApplicationLaunchConfiguration.java AbstractPDELaunchConfiguration.java LaunchConfiguration.java LaunchConfiguration.java DebugUIPlugin.java DebugUIPlugin.java Worker.java,3rd party caused IOException below UpdateManagerHelper.createPlatformConfiguration,x86_64,2016-12-10T07:48:39.371Z
StyledText.java ContentAssistSubjectControlAdapter.java ContentAssistant.java ContentAssistant.java ContextInformationPopup.java ContextInformationPopup.java ContextInformationPopup.java ContextInformationPopup.java ContextInformationPopup.java BusyIndicator.java ContextInformationPopup.java ContentAssistant.java CompletionProposalPopup.java CompletionProposalPopup.java ContentAssistant.java TextViewer.java StyledTextListener.java EventTable.java Display.java Widget.java Widget.java Widget.java Widget.java StyledText.java StyledText.java EventTable.java Display.java Widget.java Widget.java Widget.java Widget.java Widget.java Widget.java Control.java Canvas.java Control.java Canvas.java Display.java OS.java OS.java Display.java PartRenderingEngine.java Realm.java PartRenderingEngine.java E4Workbench.java Workbench.java Realm.java Workbench.java PlatformUI.java IDEApplication.java EclipseAppHandle.java EclipseAppLauncher.java EclipseAppLauncher.java EclipseStarter.java EclipseStarter.java NativeMethodAccessorImpl.java NativeMethodAccessorImpl.java DelegatingMethodAccessorImpl.java Method.java Main.java Main.java Main.java Main.java,IllegalArgumentException in StyledText.getLocationAtOffset,x86_64,2016-12-12T19:54:25.105Z
MethodRequestor.java InjectorImpl.java InjectorImpl.java ContextInjectionFactory.java HandlerServiceHandler.java Command.java HandlerServiceImpl.java HandlerServiceImpl.java CommandProvider.java QuickAccessProvider.java QuickAccessContents.java QuickAccessContents.java QuickAccessContents.java TypedListener.java EventTable.java Display.java Widget.java Widget.java Widget.java Text.java Control.java Control.java Display.java OS.java OS.java Text.java Control.java Text.java Display.java OS.java OS.java Display.java PartRenderingEngine.java Realm.java PartRenderingEngine.java E4Workbench.java Workbench.java Realm.java Workbench.java PlatformUI.java IDEApplication.java EclipseAppHandle.java EclipseAppLauncher.java EclipseAppLauncher.java EclipseStarter.java EclipseStarter.java Main.java Main.java Main.java Main.java,NullPointerException in SelectColumnsHandler.setEnabled,x86_64,2016-09-19T08:40:03.230Z
NewHTMLWizard.java NewHTMLWizard.java WizardDialog.java WizardDialog.java Dialog.java TypedListener.java EventTable.java Display.java Widget.java Widget.java Widget.java Widget.java Display.java Display.java Window.java Window.java WizardHandler.java WizardHandler.java HandlerProxy.java E4HandlerProxy.java NativeMethodAccessorImpl.java NativeMethodAccessorImpl.java DelegatingMethodAccessorImpl.java Method.java MethodRequestor.java InjectorImpl.java InjectorImpl.java ContextInjectionFactory.java HandlerServiceHandler.java Command.java ParameterizedCommand.java HandlerServiceImpl.java LegacyHandlerService.java CommandAction.java ActionContributionItem.java ActionContributionItem.java ActionContributionItem.java EventTable.java Display.java Widget.java Widget.java Widget.java Widget.java Display.java Display.java PartRenderingEngine.java Realm.java PartRenderingEngine.java E4Workbench.java Workbench.java Realm.java Workbench.java PlatformUI.java IDEApplication.java EclipseAppHandle.java EclipseAppLauncher.java EclipseAppLauncher.java EclipseStarter.java EclipseStarter.java NativeMethodAccessorImpl.java NativeMethodAccessorImpl.java DelegatingMethodAccessorImpl.java Method.java Main.java Main.java Main.java,NullPointerException in NewHTMLWizard.openEditor,x86_64,2016-12-11T07:51:48.734Z
StyledText.java ContentAssistSubjectControlAdapter.java ContextInformationPopup.java ContextInformationPopup.java ContentAssistant.java ContentAssistant.java TypedListener.java EventTable.java Display.java Widget.java Display.java Display.java PartRenderingEngine.java Realm.java PartRenderingEngine.java E4Workbench.java Workbench.java Realm.java Workbench.java PlatformUI.java IDEApplication.java EclipseAppHandle.java EclipseAppLauncher.java EclipseAppLauncher.java EclipseStarter.java EclipseStarter.java NativeMethodAccessorImpl.java NativeMethodAccessorImpl.java DelegatingMethodAccessorImpl.java Method.java Main.java Main.java Main.java Main.java,IllegalArgumentException in StyledText.removeSelectionListener,x86_64,2016-12-06T20:30:20.917Z
TabbedPropertySheetPage.java TabbedPropertySheetPage.java TabbedPropertySheetPage.java PropertySheet.java SelectionService.java SelectionService.java SelectionService.java SelectionService.java SelectionAggregator.java SafeRunner.java SelectionAggregator.java SelectionAggregator.java SelectionAggregator.java RunAndTrack.java SelectionAggregator.java TrackableComputationExt.java EclipseContext.java EclipseContext.java SelectionServiceImpl.java CompatibilityPart.java PageBookView.java SafeRunner.java PageBookView.java PageBookView.java PageBookView.java PageBookView.java PageBookView.java StructuredViewer.java SafeRunner.java JFaceUtil.java SafeRunnable.java StructuredViewer.java StructuredViewer.java CommonViewer.java StructuredViewer.java OpenStrategy.java OpenStrategy.java OpenStrategy.java RunnableLock.java Synchronizer.java Display.java Display.java PartRenderingEngine.java Realm.java PartRenderingEngine.java E4Workbench.java Workbench.java Realm.java Workbench.java PlatformUI.java IDEApplication.java EclipseAppHandle.java EclipseAppLauncher.java EclipseAppLauncher.java EclipseStarter.java EclipseStarter.java Main.java Main.java Main.java,NullPointerException in TabbedPropertySheetPage.validateRegistry,x86_64,2016-12-04T08:46:51.019Z
YI1SjKjTrCOww5Js Z/QruCn++u8Z2teo Id2Aqbuy1bKXbSdJ JgG3N3c7g33eo0gR kaSCb0NvADszG8WM afxuuUZf8p9NCF3U cYhWao7qX5Jvn81t ZlaBMFrU0QZ3TgNU EclipseSshSessionFactory.java JschConfigSessionFactory.java JschConfigSessionFactory.java SshTransport.java TransportGitSsh.java TransportGitSsh.java LsRemoteCommand.java LsRemoteCommand.java ListRemoteOperation.java SourceBranchPage.java ModalContext.java,3rd party caused HIDDEN below EclipseSshSessionFactory.createSession,x86_64,2016-12-13T07:53:58.850Z
TabbedPropertyTitle.java TabbedPropertyTitle.java TypedListener.java EventTable.java Display.java Widget.java Widget.java Widget.java Composite.java Control.java Display.java OS.java OS.java Display.java PartRenderingEngine.java Realm.java PartRenderingEngine.java E4Workbench.java Workbench.java Realm.java Workbench.java PlatformUI.java IDEApplication.java EclipseAppHandle.java EclipseAppLauncher.java EclipseAppLauncher.java EclipseStarter.java EclipseStarter.java Main.java Main.java Main.java,NullPointerException in TabbedPropertyTitle.drawTitleBackground,x86_64,2016-09-19T08:40:03.305Z
JavaProjectWizardPage.java JavaProjectWizardPage.java JavaProjectWizardPage.java JavaProjectWizardPage.java JavaProjectWizardPage.java JavaProjectWizardPage.java Wizard.java WizardDialog.java WizardDialog.java WizardDialog.java WizardDialog.java WizardDialog.java BusyIndicator.java WizardDialog.java WizardDialog.java WizardDialog.java Dialog.java TypedListener.java EventTable.java Display.java Widget.java Widget.java Widget.java Widget.java Display.java Display.java Window.java Window.java WizardHandler.java WizardHandler.java HandlerProxy.java E4HandlerProxy.java NativeMethodAccessorImpl.java NativeMethodAccessorImpl.java DelegatingMethodAccessorImpl.java Method.java MethodRequestor.java InjectorImpl.java InjectorImpl.java ContextInjectionFactory.java HandlerServiceHandler.java Command.java ParameterizedCommand.java HandlerServiceImpl.java LegacyHandlerService.java CommandAction.java ActionContributionItem.java ActionContributionItem.java ActionContributionItem.java EventTable.java Display.java Widget.java Widget.java Widget.java Widget.java Display.java Display.java PartRenderingEngine.java Realm.java PartRenderingEngine.java E4Workbench.java Workbench.java Realm.java Workbench.java PlatformUI.java IDEApplication.java EclipseAppHandle.java EclipseAppLauncher.java EclipseAppLauncher.java EclipseStarter.java EclipseStarter.java NativeMethodAccessorImpl.java NativeMethodAccessorImpl.java DelegatingMethodAccessorImpl.java Method.java Main.java Main.java Main.java,NullPointerException in JavaProjectWizardPage.getProjects,x86_64,2016-12-12T10:21:06.529Z
ModelElement.java ModelElement.java ModelElement.java ModelElement.java ModelElement.java ModelElement.java SourceType.java PHPSelectionEngine.java PHPSelectionEngine.java PHPSelectionEngine.java Openable.java Openable.java AbstractSourceModule.java AbstractSourceModule.java PHPHyperlinkDetector.java HyperlinkDetectorRegistry.java PHPStructuredTextViewerConfiguration.java HyperlinkManager.java HyperlinkManager.java HyperlinkManager.java TypedListener.java EventTable.java Display.java Widget.java Display.java Display.java PartRenderingEngine.java Realm.java PartRenderingEngine.java E4Workbench.java Workbench.java Realm.java Workbench.java PlatformUI.java IDEApplication.java EclipseAppHandle.java EclipseAppLauncher.java EclipseAppLauncher.java EclipseStarter.java EclipseStarter.java Main.java Main.java Main.java,ModelException below PHPSelectionEngine.getConstructorsIfAny (thrown in ModelElement.newNotPresentException),x86_64,2016-12-13T07:54:02.733Z
WorkbenchPlugin.java CompatibilityPart.java CompatibilityPart.java DelegatingMethodAccessorImpl.java Method.java MethodRequestor.java InjectorImpl.java InjectorImpl.java InjectorImpl.java InjectorImpl.java InjectorImpl.java ContextInjectionFactory.java ReflectionContributionFactory.java ReflectionContributionFactory.java ReflectionContributionFactory.java ContributedPartRenderer.java PartRenderingEngine.java PartRenderingEngine.java PartRenderingEngine.java PartRenderingEngine.java PartRenderingEngine.java SafeRunner.java PartRenderingEngine.java StackRenderer.java LazyStackRenderer.java UIEventHandler.java Synchronizer.java UISynchronizer.java Display.java E4Application.java UIEventHandler.java EventHandlerWrapper.java EventHandlerTracker.java EventHandlerTracker.java EventManager.java ListenerQueue.java EventAdminImpl.java EventAdminImpl.java EventComponent.java EventBroker.java UIEventPublisher.java BasicNotifierImpl.java ElementContainerImpl.java ModelServiceImpl.java ModelServiceImpl.java PartServiceImpl.java PartServiceImpl.java PartServiceImpl.java WorkbenchPage.java WorkbenchPage.java WorkbenchPage.java BusyIndicator.java WorkbenchPage.java WorkbenchPage.java WorkbenchPage.java Y5JajE+XfhYa14js RAaU82HSjhBRRdN4 JcaVMXrZXSLvMKXd PP32qf4NWvF4Qvu5 BusyIndicator.java aL7etRpvM/+3Wq6X b92YZYZWGDoBx8YN PwB7ikCJJ5CSQ7MI RN5pNeDj/miOdhmM ZRHl6omVTODc5tNN Xj5yWohthyL9ne+h StructuredViewer.java SafeRunner.java JFaceUtil.java SafeRunnable.java StructuredViewer.java AbstractTreeViewer.java StructuredViewer.java OpenStrategy.java OpenStrategy.java OpenStrategy.java EventTable.java Display.java Widget.java Display.java Display.java PartRenderingEngine.java Realm.java PartRenderingEngine.java E4Workbench.java Workbench.java Realm.java Workbench.java PlatformUI.java IDEApplication.java EclipseAppHandle.java EclipseAppLauncher.java EclipseAppLauncher.java EclipseStarter.java EclipseStarter.java NativeMethodAccessorImpl.java NativeMethodAccessorImpl.java DelegatingMethodAccessorImpl.java Method.java Main.java Main.java Main.java Main.java,NoStackTrace in CompatibilityPart.handlePartInitException,x86_64,2016-12-13T14:34:54.602Z
StreamsProxy.java ProcessConsole.java Worker.java,IOException in StreamsProxy.write,x86,2016-12-13T07:54:03.296Z
DefaultUiFreezeEventLogger.java EventLoopMonitorThread.java EventLoopMonitorThread.java,FreezeWarning below MavenProjectWizardArchetypePage$15$2.run (thrown in TimSort.sort),x86_64,2016-09-19T08:40:03.439Z
DefaultOldArchetype.java DefaultArchetypeGenerator.java DefaultArchetypeGenerator.java DefaultArchetypeGenerator.java DefaultArchetype.java ProjectConfigurationManager.java ProjectConfigurationManager.java ProjectConfigurationManager.java MavenExecutionContext.java MavenExecutionContext.java MavenExecutionContext.java MavenImpl.java ProjectConfigurationManager.java MavenProjectWizard.java AbstactCreateMavenProjectJob.java AbstractCreateMavenProjectsOperation.java AbstactCreateMavenProjectJob.java InternalWorkspaceJob.java Worker.java,ArchetypeTemplateProcessingException below ProjectConfigurationManager.createArchetypeProjects0 (thrown in DefaultOldArchetype.createArchetype),x86_64,2016-12-13T14:02:44.317Z
TabbedPropertySheetPage.java TabbedPropertySheetPage.java TabbedPropertySheetPage.java Viewer.java SafeRunner.java JFaceUtil.java SafeRunnable.java Viewer.java StructuredViewer.java StructuredViewer.java StructuredViewer.java OpenStrategy.java OpenStrategy.java OpenStrategy.java EventTable.java Display.java Widget.java Widget.java Widget.java Widget.java TabbedPropertyList.java TabbedPropertyList.java TypedListener.java EventTable.java Display.java Widget.java Display.java Display.java PartRenderingEngine.java Realm.java PartRenderingEngine.java E4Workbench.java Workbench.java Realm.java Workbench.java PlatformUI.java IDEApplication.java EclipseAppHandle.java EclipseAppLauncher.java EclipseAppLauncher.java EclipseStarter.java EclipseStarter.java Main.java Main.java Main.java Main.java,NullPointerException in TabbedPropertySheetPage.createTabComposite,x86_64,2016-12-04T07:52:06.764Z
AntClassLoader.java AntRunner.java FeatureExportOperation.java FeatureBasedExportOperation.java Worker.java,OutOfMemoryError below AntClassLoader.findClass (thrown in ClassLoader.defineClass1),x86_64,2016-12-07T15:16:49.438Z
CrossGCCBuiltinSpecsDetector.java AbstractBuiltinSpecsDetector.java AbstractBuiltinSpecsDetector.java AbstractBuiltinSpecsDetector.java AbstractBuiltinSpecsDetector.java AbstractBuiltinSpecsDetector.java LanguageSettingsProvidersSerializer.java XmlProjectDescriptionStorage.java SetCProjectDescriptionOperation.java CModelOperation.java CModelOperation.java Workspace.java CModelOperation.java AbstractCProjectDescriptionStorage.java CProjectDescriptionStorageManager.java CProjectDescriptionManager.java CProjectDescriptionManager.java CProjectDescriptionManager.java CoreModel.java AbstractPage.java WorkspaceModifyDelegatingOperation.java WorkspaceModifyOperation.java Workspace.java WorkspaceModifyOperation.java ModalContext.java ModalContext.java ProgressMonitorDialog.java ProgressManager.java BusyIndicator.java ProgressManager.java Synchronizer.java UISynchronizer.java Display.java ProgressManager.java AbstractPage.java AbstractPage.java PreferencePage.java TypedListener.java EventTable.java Display.java Widget.java Display.java Display.java Window.java Window.java PropertyDialogAction.java Action.java ActionContributionItem.java ActionContributionItem.java ActionContributionItem.java EventTable.java Display.java Widget.java Display.java Display.java PartRenderingEngine.java Realm.java PartRenderingEngine.java E4Workbench.java Workbench.java Realm.java Workbench.java PlatformUI.java IDEApplication.java EclipseAppHandle.java EclipseAppLauncher.java EclipseAppLauncher.java EclipseStarter.java EclipseStarter.java Main.java Main.java Main.java,NullPointerException in CrossGCCBuiltinSpecsDetector.getCompilerCommand,x86_64,2016-12-10T07:49:06.124Z
Request.java ValidRequests.java Session.java RemoteFile.java EclipseFile.java CVSFileHistory.java CVSHistoryPage.java Worker.java,CVSException in Request.executeRequest,x86_64,2016-12-13T15:11:15.581Z
LaunchingPlugin.java LaunchingPlugin.java StandardVMType.java StandardVMType.java StandardVMType.java StandardVMType.java StandardVMType.java JavaRuntime.java JavaRuntime.java JavaRuntime.java EnvironmentsManager.java ExecutionEnvironment.java ExecutionEnvironment.java JREContainerInitializer.java JREContainerInitializer.java JREContainerInitializer.java JavaModelManager.java JavaModelManager.java JavaCore.java JavaProject.java JavaProject.java JavaProject.java ExternalFoldersManager.java DeltaProcessor.java DeltaProcessingState.java NotificationManager.java SafeRunner.java NotificationManager.java NotificationManager.java Workspace.java Resource.java Project.java Project.java ContainerGenerator.java ContainerGenerator.java ContainerGenerator.java Workspace.java ContainerGenerator.java ImportOperation.java WorkspaceModifyOperation.java Workspace.java WorkspaceModifyOperation.java WizardProjectsImportPage.java WizardProjectsImportPage.java WizardProjectsImportPage.java WorkspaceModifyOperation.java Workspace.java WorkspaceModifyOperation.java ModalContext.java,HIDDEN below LaunchingPlugin.readInstallInfo (thrown in ErrorHandlerWrapper.createSAXParseException),x86,2016-12-13T10:04:15.642Z
LaunchConfigurationManager.java LaunchConfigurationManager.java LaunchConfigurationManager.java AbstractLaunchHistoryAction.java AbstractLaunchHistoryAction.java AbstractLaunchHistoryAction.java AbstractLaunchHistoryAction.java AbstractLaunchHistoryAction.java PluginAction.java PluginAction.java PluginAction.java WWinPluginAction.java ActionContributionItem.java ActionContributionItem.java ActionContributionItem.java EventTable.java Display.java Widget.java Display.java Display.java PartRenderingEngine.java Realm.java PartRenderingEngine.java E4Workbench.java Workbench.java Realm.java Workbench.java PlatformUI.java IDEApplication.java EclipseAppHandle.java EclipseAppLauncher.java EclipseAppLauncher.java EclipseStarter.java EclipseStarter.java Main.java Main.java Main.java,HIDDEN below LaunchConfigurationManager.restoreLaunchHistory (thrown in ErrorHandlerWrapper.createSAXParseException),x86,2016-12-13T07:54:06.735Z
DefaultUiFreezeEventLogger.java EventLoopMonitorThread.java EventLoopMonitorThread.java,FreezeWarning below DefaultHelpUI.displayHelp (thrown in JettyHelpServer.start),x86_64,2016-12-04T07:52:09.308Z
ReferenceExpression.java ReferenceExpression.java Statement.java MessageSend.java Statement.java MessageSend.java Statement.java AllocationExpression.java Statement.java MessageSend.java Expression.java AbstractMethodDeclaration.java AbstractMethodDeclaration.java TypeDeclaration.java TypeDeclaration.java CompilationUnitDeclaration.java CompilationUnitResolver.java CompilationUnitResolver.java ASTParser.java ASTParser.java CleanUpPostSaveListener.java CleanUpPostSaveListener.java CompilationUnitDocumentProvider.java SafeRunner.java CompilationUnitDocumentProvider.java CompilationUnitDocumentProvider.java CompilationUnitDocumentProvider.java TextFileDocumentProvider.java WorkspaceModifyDelegatingOperation.java WorkspaceModifyOperation.java Workspace.java WorkspaceModifyOperation.java WorkspaceOperationRunner.java WorkspaceOperationRunner.java TextFileDocumentProvider.java TextFileDocumentProvider.java AbstractTextEditor.java CompilationUnitEditor.java CompilationUnitEditor.java AbstractTextEditor.java Saveable.java SaveableHelper.java SaveableHelper.java SaveableHelper.java ModalContext.java ModalContext.java WorkbenchWindow.java BusyIndicator.java WorkbenchWindow.java SaveableHelper.java SaveableHelper.java SaveableHelper.java SaveableHelper.java WorkbenchPage.java WorkbenchPage.java SaveHandler.java HandlerProxy.java E4HandlerProxy.java MethodRequestor.java InjectorImpl.java InjectorImpl.java ContextInjectionFactory.java HandlerServiceHandler.java Command.java ParameterizedCommand.java HandlerServiceImpl.java KeyBindingDispatcher.java KeyBindingDispatcher.java KeyBindingDispatcher.java KeyBindingDispatcher.java KeyBindingDispatcher.java KeyBindingDispatcher.java EventTable.java Display.java Widget.java Widget.java Widget.java Widget.java Widget.java Widget.java Control.java Canvas.java Control.java Canvas.java Display.java OS.java OS.java Display.java PartRenderingEngine.java Realm.java PartRenderingEngine.java E4Workbench.java Workbench.java Realm.java Workbench.java PlatformUI.java IDEApplication.java EclipseAppHandle.java EclipseAppLauncher.java EclipseAppLauncher.java EclipseStarter.java EclipseStarter.java Main.java Main.java Main.java Main.java,NullPointerException in ReferenceExpression.shouldGenerateImplicitLambda,x86_64,2016-09-19T08:40:03.603Z
NodeFinder.java NodeFinder.java NodeFinder.java ASTNodeUtils.java CompletionContextFunctions.java CompletionContextFunctions.java RecommendersCompletionContext.java RecommendersCompletionContext.java CallCompletionContextFunctions.java RecommendersCompletionContext.java RecommendersCompletionContext.java CallCompletionSessionProcessor.java CallCompletionSessionProcessor.java IntelligentCompletionProposalComputer.java IntelligentCompletionProposalComputer.java CompletionProposalComputerDescriptor.java CompletionProposalCategory.java ContentAssistProcessor.java ContentAssistProcessor.java ContentAssistant.java CompletionProposalPopup.java CompletionProposalPopup.java CompletionProposalPopup.java BusyIndicator.java CompletionProposalPopup.java ContentAssistant.java CompilationUnitEditor.java ContentAssistAction.java BusyIndicator.java ContentAssistAction.java Action.java ActionHandler.java E4HandlerProxy.java MethodRequestor.java InjectorImpl.java InjectorImpl.java ContextInjectionFactory.java HandlerServiceHandler.java Command.java ParameterizedCommand.java HandlerServiceImpl.java KeyBindingDispatcher.java KeyBindingDispatcher.java KeyBindingDispatcher.java KeyBindingDispatcher.java KeyBindingDispatcher.java KeyBindingDispatcher.java EventTable.java Display.java Widget.java Widget.java Widget.java Widget.java Widget.java Widget.java Control.java Canvas.java Control.java Canvas.java Display.java OS.java OS.java Display.java PartRenderingEngine.java Realm.java PartRenderingEngine.java E4Workbench.java Workbench.java Realm.java Workbench.java PlatformUI.java IDEApplication.java EclipseAppHandle.java EclipseAppLauncher.java EclipseAppLauncher.java EclipseStarter.java EclipseStarter.java Main.java Main.java Main.java Main.java,NullPointerException in NodeFinder.<init>,x86_64,2016-12-08T16:52:08.907Z
DND.java DND.java FileTransfer.java DragSource.java DragSource.java OS.java OS.java Display.java OS.java OS.java Display.java PartRenderingEngine.java Realm.java PartRenderingEngine.java E4Workbench.java Workbench.java Realm.java Workbench.java PlatformUI.java IDEApplication.java EclipseAppHandle.java EclipseAppLauncher.java EclipseAppLauncher.java EclipseStarter.java EclipseStarter.java NativeMethodAccessorImpl.java NativeMethodAccessorImpl.java DelegatingMethodAccessorImpl.java Method.java Main.java Main.java Main.java Main.java,SWTException in FileTransfer.javaToNative,x86_64,2016-11-29T18:02:35.293Z
DefaultUiFreezeEventLogger.java EventLoopMonitorThread.java EventLoopMonitorThread.java,FreezeWarning below CheckoutCommitHandler.execute (thrown in JavaSourceLookupUtil.translate),x86_64,2016-09-19T08:40:03.640Z
FileInputStream.java FileInputStream.java LocalNonWorkspaceTypedElement.java CompareUIPlugin.java CompareUIPlugin.java CompareUIPlugin.java CompareUIPlugin.java TextMergeViewer.java TextMergeViewer.java ContentMergeViewer.java ContentMergeViewer.java ContentViewer.java JavaMergeViewer.java CompareViewerSwitchingPane.java CompareContentViewerSwitchingPane.java CompareEditorInput.java CompareEditorInput.java CompareEditorInput.java BusyIndicator.java CompareEditorInput.java CompareEditorInput.java CompareEditorInput.java CompareEditor.java CompareEditor.java CompareEditor.java UILockListener.java UISynchronizer.java RunnableLock.java Synchronizer.java Display.java Display.java PartRenderingEngine.java Realm.java PartRenderingEngine.java E4Workbench.java Workbench.java Realm.java Workbench.java PlatformUI.java IDEApplication.java EclipseAppHandle.java EclipseAppLauncher.java EclipseAppLauncher.java EclipseStarter.java EclipseStarter.java NativeMethodAccessorImpl.java NativeMethodAccessorImpl.java DelegatingMethodAccessorImpl.java Method.java Main.java Main.java Main.java Main.java,FileNotFoundException below LocalNonWorkspaceTypedElement.getContents (thrown in FileInputStream.open),x86_64,2016-12-12T07:54:04.621Z
FetchOperationUI.java FetchOperationUI.java InternalWorkspaceJob.java Worker.java,InterruptedIOException in TimeoutInputStream.readTimedOut,x86_64,2016-12-13T07:18:33.494Z
AJCompilationUnit.java AJCompilationUnit.java CompilationUnit.java JavaReflectionSynchronizer.java JavaReflectionSynchronizer.java JavaModelListener.java JavaReflectionSynchronizer.java JavaModelListener.java JavaReflectionSynchronizer.java JavaModelListener.java JavaReflectionSynchronizer.java JavaModelListener.java JavaReflectionSynchronizer.java JavaModelListener.java JavaReflectionSynchronizer.java JavaModelListener.java JavaReflectionSynchronizer.java JavaModelListener.java JavaReflectionSynchronizer.java JavaModelListener.java JavaReflectionSynchronizer.java JavaReflectionSynchronizer.java JavaModelListener.java JavaReflectionSynchronizer.java JavaModelListener.java JavaReflectionSynchronizer.java JavaModelListener.java JavaModelListener.java JavaReflectionSynchronizer.java JavaModelListener.java JavaReflectionSynchronizer.java DeltaProcessor.java SafeRunner.java DeltaProcessor.java DeltaProcessor.java DeltaProcessor.java DeltaProcessor.java DeltaProcessingState.java NotificationManager.java SafeRunner.java NotificationManager.java NotificationManager.java Workspace.java Workspace.java InternalWorkspaceJob.java Worker.java,NoStackTrace in AJCompilationUnit.findAspectType,x86_64,2016-12-12T14:16:42.497Z
FileLink.java TextConsoleViewer.java EventTable.java Widget.java Display.java Display.java PartRenderingEngine.java Realm.java PartRenderingEngine.java E4Workbench.java Workbench.java Realm.java Workbench.java PlatformUI.java IDEApplication.java EclipseAppHandle.java EclipseAppLauncher.java EclipseAppLauncher.java EclipseStarter.java EclipseStarter.java Main.java Main.java Main.java,NullPointerException in FileLink.linkActivated,x86,2016-12-12T07:54:05.957Z
CommitCommand.java CommitCommand.java CommitOperation.java CommitOperation.java CommitOperation.java Workspace.java CommitOperation.java CommitJob.java Worker.java,JGitInternalException in CommitCommand.createTemporaryIndex,x86_64,2016-12-09T07:51:27.584Z
SynchronizeManager.java SynchronizeManager.java SynchronizeView.java SynchronizeView.java CompatibilityPart.java CompatibilityView.java CompatibilityPart.java MethodRequestor.java InjectorImpl.java InjectorImpl.java InjectorImpl.java InjectorImpl.java InjectorImpl.java ContextInjectionFactory.java ReflectionContributionFactory.java ReflectionContributionFactory.java ReflectionContributionFactory.java ContributedPartRenderer.java PartRenderingEngine.java PartRenderingEngine.java PartRenderingEngine.java SafeRunner.java PartRenderingEngine.java ElementReferenceRenderer.java PartRenderingEngine.java PartRenderingEngine.java PartRenderingEngine.java PartRenderingEngine.java PartRenderingEngine.java SafeRunner.java PartRenderingEngine.java PartServiceImpl.java UIEventHandler.java Synchronizer.java UISynchronizer.java Display.java E4Application.java UIEventHandler.java EventHandlerWrapper.java EventHandlerTracker.java EventHandlerTracker.java EventManager.java ListenerQueue.java EventAdminImpl.java EventAdminImpl.java EventComponent.java EventBroker.java UIEventPublisher.java BasicNotifierImpl.java ElementContainerImpl.java StackRenderer.java TypedListener.java EventTable.java Display.java Widget.java Widget.java Widget.java Widget.java CTabFolder.java CTabFolder.java CTabFolder.java EventTable.java Display.java Widget.java Display.java Display.java PartRenderingEngine.java Realm.java PartRenderingEngine.java E4Workbench.java Workbench.java Realm.java Workbench.java PlatformUI.java IDEApplication.java EclipseAppHandle.java EclipseAppLauncher.java EclipseAppLauncher.java EclipseStarter.java EclipseStarter.java Main.java Main.java Main.java,NullPointerException in RepositoryProvider.getProvider,x86_64,2016-12-13T14:18:25.871Z
DefaultUiFreezeEventLogger.java EventLoopMonitorThread.java EventLoopMonitorThread.java,FreezeWarning below AbstractTextSearchViewPage$5.open (thrown in ConfigurationElement.createExecutableExtension),x86_64,2016-12-02T07:49:54.808Z
ReferenceTypeImpl.java TypeImpl.java LocalVariableImpl.java JDILocalVariable.java JDIVariable.java JavaVarActionFilter.java JavaVarActionFilter.java ActionExpression.java ActionExpression.java ActionExpression.java ActionExpression.java ActionExpression.java ActionExpression.java ActionExpression.java ObjectActionContributor.java ObjectActionContributor.java ObjectContributorManager.java ObjectActionContributorManager.java PopupMenuExtender.java PopupMenuExtender.java MenuManager.java MenuManager.java MenuManager.java MenuManager.java TypedListener.java EventTable.java Display.java Widget.java Widget.java Widget.java Control.java Control.java Canvas.java Decorations.java Shell.java Display.java OS.java Menu.java Display.java Display.java PartRenderingEngine.java Realm.java PartRenderingEngine.java E4Workbench.java Workbench.java Realm.java Workbench.java PlatformUI.java IDEApplication.java EclipseAppHandle.java EclipseAppLauncher.java EclipseAppLauncher.java EclipseStarter.java EclipseStarter.java Main.java Main.java Main.java,ClassNotLoadedException in ReferenceTypeImpl.create,x86_64,2016-11-29T10:08:56.475Z
RecommendersCompletionContext.java CompletionContextFunctions.java CompletionContextFunctions.java RecommendersCompletionContext.java RecommendersCompletionContext.java RecommendersCompletionContext.java ChainCompletionProposalComputer.java ChainCompletionProposalComputer.java ChainQuickAssistProcessor.java JavaCorrectionProcessor.java JavaCorrectionProcessor.java SafeRunner.java JavaCorrectionProcessor.java JavaCorrectionProcessor.java JavaCorrectionProcessor.java JavaCorrectionProcessor.java QuickAssistAssistant.java ContentAssistant.java CompletionProposalPopup.java CompletionProposalPopup.java CompletionProposalPopup.java BusyIndicator.java CompletionProposalPopup.java ContentAssistant.java QuickAssistAssistant.java JavaCorrectionAssistant.java CompilationUnitEditor.java TextOperationAction.java BusyIndicator.java TextOperationAction.java Action.java ActionHandler.java E4HandlerProxy.java DelegatingMethodAccessorImpl.java Method.java MethodRequestor.java InjectorImpl.java InjectorImpl.java ContextInjectionFactory.java HandlerServiceHandler.java Command.java ParameterizedCommand.java HandlerServiceImpl.java KeyBindingDispatcher.java KeyBindingDispatcher.java KeyBindingDispatcher.java KeyBindingDispatcher.java KeyBindingDispatcher.java KeyBindingDispatcher.java EventTable.java Display.java Display.java Widget.java Widget.java Widget.java Widget.java Widget.java Canvas.java Control.java Display.java OS.java NSResponder.java Composite.java Display.java OS.java Widget.java Widget.java Shell.java Display.java OS.java Display.java Display.java OS.java NSApplication.java Display.java PartRenderingEngine.java Realm.java PartRenderingEngine.java E4Workbench.java Workbench.java Realm.java Workbench.java PlatformUI.java IDEApplication.java EclipseAppHandle.java EclipseAppLauncher.java EclipseAppLauncher.java EclipseStarter.java EclipseStarter.java NativeMethodAccessorImpl.java NativeMethodAccessorImpl.java DelegatingMethodAccessorImpl.java Method.java Main.java Main.java Main.java,NoStackTrace in RecommendersCompletionContext.createTypeNamesFromSignatures,x86_64,2016-09-19T08:40:03.790Z
ModalContext.java ProgressMonitorDialog.java ProgressMonitorJobsDialog.java ProgressManager.java BusyIndicator.java ProgressManager.java ProgressManager.java RefactoringWizardOpenOperation.java RefactoringWizardOpenOperation.java RefactoringWizardOpenOperation.java BusyIndicator.java RefactoringWizardOpenOperation.java RefactoringWizardOpenOperation.java RefactoringStarter.java ExtractTempAction.java SelectionDispatchAction.java SelectionDispatchAction.java Action.java ActionHandler.java E4HandlerProxy.java MethodRequestor.java InjectorImpl.java InjectorImpl.java ContextInjectionFactory.java HandlerServiceHandler.java Command.java ParameterizedCommand.java HandlerServiceImpl.java KeyBindingDispatcher.java KeyBindingDispatcher.java KeyBindingDispatcher.java KeyBindingDispatcher.java KeyBindingDispatcher.java KeyBindingDispatcher.java EventTable.java Display.java Widget.java Widget.java Widget.java Control.java Control.java Composite.java Control.java Display.java Display.java Display.java PartRenderingEngine.java Realm.java PartRenderingEngine.java E4Workbench.java Workbench.java Realm.java Workbench.java PlatformUI.java IDEApplication.java EclipseAppHandle.java EclipseAppLauncher.java EclipseAppLauncher.java EclipseStarter.java EclipseStarter.java Main.java Main.java Main.java,NullPointerException in ASTFragmentFactory$FragmentFactory.createFragment,x86_64,2016-12-13T13:24:33.876Z
BasicEList.java NotifyingListImpl.java NotifyingListImpl.java TabFolderImpl.java DiContentProvider.java TransactionalDiContentProvider.java TransactionHelper.java TransactionHelper.java TransactionalDiContentProvider.java DelegateContentProvider.java TabFolderPart.java DragUtil.java PTabFolder.java PTabFolder.java PresentationUtil.java PresentationUtil.java PresentationUtil.java EventTable.java Display.java Widget.java Display.java Display.java PartRenderingEngine.java Realm.java PartRenderingEngine.java E4Workbench.java Workbench.java Realm.java Workbench.java PlatformUI.java IDEApplication.java EclipseAppHandle.java EclipseAppLauncher.java EclipseAppLauncher.java EclipseStarter.java EclipseStarter.java Main.java Main.java Main.java Main.java,ArrayIndexOutOfBoundsException below TabFolderImpl.movePage (thrown in BasicEList.move),x86_64,2016-12-04T07:52:12.031Z
PackageFragmentRoot.java JavaDocLocations.java JavaDocLocations.java JavaUI.java JavaDocLocations.java AbstractJavaCompletionProposal.java AdditionalInfoController.java Worker.java,JavaModelException below JavaUI.getJavadocLocation (thrown in PackageFragmentRoot.getResolvedClasspathEntry),x86_64,2016-12-13T12:02:07.418Z
AbstractEList.java AbstractEList.java AbstractEList.java ElementOperations.java ElementImpl.java ElementOperations.java ElementImpl.java ClassOperations.java ClassImpl.java ClassOperations.java ClassOperations.java ClassImpl.java ClassImpl.java BasicEObjectImpl.java EContentsEList.java EContentsEList.java EcoreUtil.java EcoreUtil.java EcoreUtil.java EcoreUtil.java ModelParameterExtent.java ModelParameterExtent.java ModelOperations.java QvtOperationalEvaluationEnv.java EcoreEvaluationEnvironment.java EvaluationVisitorImpl.java QvtOperationalEvaluationVisitorImpl.java QvtOperationalEvaluationVisitorImpl.java EvaluationVisitorDecorator.java QvtGenericEvaluationVisitor.java OperationCallExpImpl.java AbstractEvaluationVisitor.java QvtOperationalEvaluationVisitorImpl.java QvtGenericEvaluationVisitor.java ObjectExpImpl.java AbstractEvaluationVisitor.java QvtOperationalEvaluationVisitorImpl.java QvtOperationalEvaluationVisitorImpl.java QvtGenericEvaluationVisitor.java MappingBodyImpl.java QvtOperationalEvaluationVisitorImpl.java QvtOperationalEvaluationVisitorImpl.java QvtGenericEvaluationVisitor.java MappingOperationImpl.java QvtOperationalEvaluationVisitorImpl.java QvtOperationalEvaluationVisitorImpl.java QvtOperationalEvaluationVisitorImpl.java QvtOperationalEvaluationVisitorImpl.java QvtGenericEvaluationVisitor.java MappingCallExpImpl.java AbstractEvaluationVisitor.java EvaluationVisitorDecorator.java QvtGenericEvaluationVisitor.java IterationTemplate.java EvaluationVisitorImpl.java EvaluationVisitorImpl.java EvaluationVisitorDecorator.java QvtGenericEvaluationVisitor.java IteratorExpImpl.java AbstractEvaluationVisitor.java QvtOperationalEvaluationVisitorImpl.java QvtOperationalEvaluationVisitorImpl.java QvtGenericEvaluationVisitor.java EntryOperationImpl.java QvtOperationalEvaluationVisitorImpl.java QvtOperationalEvaluationVisitorImpl.java QvtOperationalEvaluationVisitorImpl.java QvtOperationalEvaluationVisitorImpl.java QvtOperationalEvaluationVisitorImpl.java QvtGenericVisitorDecorator.java InternalTransformationExecutor.java InternalTransformationExecutor.java TransformationExecutor.java ImportTransformation.java ImportTransformation.java ImportTransformation.java Worker.java,ConcurrentModificationException below ElementOperations.getAppliedStereotypes (thrown in AbstractEList$EIterator.checkModCount),x86,2016-09-29T09:55:55.270Z
Ks/mjOOIAZCvKRKs MoveDeleteManager.java Resource.java Resource.java BatchImageBuilder.java BatchImageBuilder.java JavaBuilder.java JavaBuilder.java BuildManager.java SafeRunner.java BuildManager.java BuildManager.java BuildManager.java SafeRunner.java BuildManager.java BuildManager.java BuildManager.java AutoBuildJob.java AutoBuildJob.java Worker.java,3rd party caused RuntimeException below MoveDeleteManager.deleteFolder,x86_64,2016-12-13T07:54:08.022Z
JayesCallModel.java PoolingCallModelProvider.java PoolingCallModelProvider.java SimpleModelProvider.java PoolingModelProvider.java PoolingModelProvider.java PoolingModelProvider.java GenericKeyedObjectPool.java PoolingModelProvider.java RcpCallModelProvider.java RcpCallModelProvider.java CallCompletionSessionProcessor.java CallCompletionSessionProcessor.java IntelligentCompletionProposalComputer.java IntelligentCompletionProposalComputer.java CompletionProposalComputerDescriptor.java CompletionProposalCategory.java ContentAssistProcessor.java ContentAssistProcessor.java ContentAssistant.java CompletionProposalPopup.java CompletionProposalPopup.java CompletionProposalPopup.java BusyIndicator.java CompletionProposalPopup.java ContentAssistant.java CompilationUnitEditor.java ContentAssistAction.java BusyIndicator.java ContentAssistAction.java Action.java ActionHandler.java E4HandlerProxy.java MethodRequestor.java InjectorImpl.java InjectorImpl.java ContextInjectionFactory.java HandlerServiceHandler.java Command.java ParameterizedCommand.java HandlerServiceImpl.java KeyBindingDispatcher.java KeyBindingDispatcher.java KeyBindingDispatcher.java KeyBindingDispatcher.java KeyBindingDispatcher.java KeyBindingDispatcher.java EventTable.java Display.java Widget.java Widget.java Widget.java Widget.java Widget.java Widget.java Control.java Canvas.java Control.java Canvas.java Display.java OS.java OS.java Display.java PartRenderingEngine.java Realm.java PartRenderingEngine.java E4Workbench.java Workbench.java Realm.java Workbench.java PlatformUI.java IDEApplication.java EclipseAppHandle.java EclipseAppLauncher.java EclipseAppLauncher.java EclipseStarter.java EclipseStarter.java Main.java Main.java Main.java,LinkageError in JayesCallModel.load,x86_64,2016-09-19T08:40:03.888Z
ReferenceBinding.java ReferenceBinding.java BinaryTypeBinding.java ClassFileMatchLocator.java MatchLocator.java MatchLocator.java MatchLocator.java MatchLocator.java JavaSearchParticipant.java BasicSearchEngine.java BasicSearchEngine.java SearchEngine.java CallerMethodWrapper.java MethodWrapper.java MethodWrapper.java MethodWrapper.java DeferredMethodWrapper.java DeferredMethodWrapper.java DeferredTreeContentManager.java Worker.java,NullPointerException in ReferenceBinding$2.compare,x86,2016-12-11T07:51:58.296Z
TextLayout.java StyledText.java StyledText.java StyledText.java StyledText.java StyledText.java StyledText.java EventTable.java Display.java Widget.java Display.java Display.java PartRenderingEngine.java Realm.java PartRenderingEngine.java E4Workbench.java Workbench.java Realm.java Workbench.java PlatformUI.java IDEApplication.java EclipseAppHandle.java EclipseAppLauncher.java EclipseAppLauncher.java EclipseStarter.java EclipseStarter.java Main.java Main.java Main.java Main.java,IllegalArgumentException in TextLayout.getLocation,x86_64,2016-12-13T07:09:16.367Z
FileBufferModelManager.java JSPTranslator.java JSPTranslator.java JSPTranslatorPersister.java JSPTranslatorPersister.java JSPIndexManager.java AbstractIndexManager.java SafeRunner.java AbstractIndexManager.java Worker.java,IllegalArgumentException in FileBufferModelManager.getBuffer,x86_64,2016-12-09T10:52:41.508Z
WorkbenchPlugin.java PluginAction.java PluginAction.java PluginAction.java PartPluginAction.java EditorPluginAction.java ActionDescriptor.java ActionDescriptor.java ViewerActionBuilder.java PluginActionBuilder.java ViewerActionBuilder.java RegistryReader.java RegistryReader.java PluginActionBuilder.java ViewerActionBuilder.java RegistryReader.java RegistryReader.java RegistryReader.java PluginActionBuilder.java ViewerActionBuilder.java PopupMenuExtender.java PopupMenuExtender.java PopupMenuExtender.java PartSite.java EditorSite.java AbstractTextEditor.java StatusTextEditor.java AbstractDecoratedTextEditor.java HVmo8ZqK9vewk3wD CompatibilityPart.java CompatibilityEditor.java CompatibilityPart.java NativeMethodAccessorImpl.java NativeMethodAccessorImpl.java DelegatingMethodAccessorImpl.java Method.java MethodRequestor.java InjectorImpl.java InjectorImpl.java InjectorImpl.java InjectorImpl.java InjectorImpl.java ContextInjectionFactory.java ReflectionContributionFactory.java ReflectionContributionFactory.java ReflectionContributionFactory.java ContributedPartRenderer.java PartRenderingEngine.java PartRenderingEngine.java PartRenderingEngine.java PartRenderingEngine.java PartRenderingEngine.java SafeRunner.java PartRenderingEngine.java PartServiceImpl.java UIEventHandler.java Synchronizer.java UISynchronizer.java Display.java E4Application.java UIEventHandler.java EventHandlerWrapper.java EventHandlerTracker.java EventHandlerTracker.java EventManager.java ListenerQueue.java EventAdminImpl.java EventAdminImpl.java EventComponent.java EventBroker.java UIEventPublisher.java BasicNotifierImpl.java ElementContainerImpl.java ModelServiceImpl.java ModelServiceImpl.java PartServiceImpl.java PartServiceImpl.java PartServiceImpl.java WorkbenchPage.java WorkbenchPage.java WorkbenchPage.java BusyIndicator.java WorkbenchPage.java WorkbenchPage.java WorkbenchPage.java IDE.java IDE.java EditorUtility.java EditorUtility.java OpenAction.java OpenAction.java SelectionDispatchAction.java SelectionDispatchAction.java PackageExplorerActionGroup.java PackageExplorerPart.java OpenAndLinkWithEditorHelper.java StructuredViewer.java SafeRunner.java JFaceUtil.java SafeRunnable.java StructuredViewer.java StructuredViewer.java StructuredViewer.java OpenStrategy.java OpenStrategy.java OpenStrategy.java EventTable.java Display.java Widget.java Display.java Display.java PartRenderingEngine.java Realm.java PartRenderingEngine.java E4Workbench.java Workbench.java Realm.java Workbench.java PlatformUI.java IDEApplication.java EclipseAppHandle.java EclipseAppLauncher.java EclipseAppLauncher.java EclipseStarter.java EclipseStarter.java NativeMethodAccessorImpl.java NativeMethodAccessorImpl.java DelegatingMethodAccessorImpl.java Method.java Main.java Main.java Main.java Main.java,NoStackTrace below PartPluginAction.<init> (thrown in PluginAction.createDelegate),x86_64,2016-12-13T09:00:45.893Z
WorkbenchPlugin.java PluginActionBuilder.java PluginActionBuilder.java PluginActionBuilder.java PluginActionBuilder.java EditorActionBuilder.java EditorReference.java EditorReference.java CompatibilityPart.java NativeMethodAccessorImpl.java NativeMethodAccessorImpl.java DelegatingMethodAccessorImpl.java Method.java MethodRequestor.java InjectorImpl.java InjectorImpl.java InjectorImpl.java InjectorImpl.java InjectorImpl.java ContextInjectionFactory.java ReflectionContributionFactory.java ReflectionContributionFactory.java ReflectionContributionFactory.java ContributedPartRenderer.java PartRenderingEngine.java PartRenderingEngine.java PartRenderingEngine.java PartRenderingEngine.java PartRenderingEngine.java SafeRunner.java PartRenderingEngine.java PartServiceImpl.java UIEventHandler.java Synchronizer.java UISynchronizer.java Display.java E4Application.java UIEventHandler.java EventHandlerWrapper.java EventHandlerTracker.java EventHandlerTracker.java EventManager.java ListenerQueue.java EventAdminImpl.java EventAdminImpl.java EventComponent.java EventBroker.java UIEventPublisher.java BasicNotifierImpl.java ElementContainerImpl.java ModelServiceImpl.java ModelServiceImpl.java PartServiceImpl.java PartServiceImpl.java PartServiceImpl.java WorkbenchPage.java WorkbenchPage.java WorkbenchPage.java BusyIndicator.java WorkbenchPage.java WorkbenchPage.java WorkbenchPage.java IDE.java IDE.java EditorUtility.java EditorUtility.java OpenAction.java OpenAction.java SelectionDispatchAction.java SelectionDispatchAction.java PackageExplorerActionGroup.java PackageExplorerPart.java OpenAndLinkWithEditorHelper.java StructuredViewer.java SafeRunner.java JFaceUtil.java SafeRunnable.java StructuredViewer.java StructuredViewer.java StructuredViewer.java OpenStrategy.java OpenStrategy.java OpenStrategy.java EventTable.java Display.java Widget.java Display.java Display.java PartRenderingEngine.java Realm.java PartRenderingEngine.java E4Workbench.java Workbench.java Realm.java Workbench.java PlatformUI.java IDEApplication.java EclipseAppHandle.java EclipseAppLauncher.java EclipseAppLauncher.java EclipseStarter.java EclipseStarter.java NativeMethodAccessorImpl.java NativeMethodAccessorImpl.java DelegatingMethodAccessorImpl.java Method.java Main.java Main.java Main.java Main.java,NoStackTrace below PluginActionBuilder$BasicContribution.contributeMenuAction (thrown in PluginActionBuilder.access$0),x86_64,2016-12-13T09:02:26.835Z
hs9YhqYbXFAG6vxq dnsFQBH5+zVj//lo A1OpGbJzkcGZjuS/ NotificationManager.java SafeRunner.java NotificationManager.java NotificationManager.java Workspace.java Project.java CloseResourceAction.java WorkspaceAction.java WorkspaceAction.java InternalWorkspaceJob.java Worker.java,3rd party caused NullPointerException below CloseResourceAction.invokeOperation,x86_64,2016-12-13T07:54:13.364Z
SystemTempFileListener.java SystemTempFileListener.java SystemTempFileListener.java SystemTempFileListener.java SystemTempFileListener.java SystemTempFileListener.java NotificationManager.java SafeRunner.java NotificationManager.java NotificationManager.java Workspace.java Workspace.java InternalWorkspaceJob.java Worker.java,NullPointerException in SystemTempFileListener.checkLocalChanges,x86_64,2016-12-13T13:23:35.141Z
FacetedProjectFrameworkJavaPlugin.java LibraryProviderFrameworkImpl.java LibraryProviderFrameworkImpl.java LibraryProviderFrameworkImpl.java LibraryProviderFrameworkImpl.java LibraryProviderFramework.java LibraryProviderFramework.java LibraryInstallDelegate.java LibraryInstallDelegate.java LibraryInstallDelegate.java LibraryInstallDelegate.java JSFFacetInstallDataModelProvider.java JSFFacetInstallDataModelProvider.java DataModelImpl.java DataModelImpl.java FacetDataModelConfigAdapter.java FacetedProjectWorkingCopy.java FacetedProjectWorkingCopy.java FacetedProjectWorkingCopy.java FacetedProjectWorkingCopy.java FacetedProjectWorkingCopy.java FacetsSelectionPanel.java FacetsSelectionPanel.java FacetsSelectionPanel.java CheckboxTreeViewer.java SafeRunner.java JFaceUtil.java SafeRunnable.java CheckboxTreeViewer.java CheckboxTreeViewer.java StructuredViewer.java OpenStrategy.java OpenStrategy.java OpenStrategy.java EventTable.java Display.java Widget.java Display.java Display.java Window.java Window.java FacetsSelectionDialog.java PresetSelectionPanel.java PresetSelectionPanel.java PresetSelectionPanel.java TypedListener.java EventTable.java Display.java Widget.java Display.java Display.java Window.java Window.java WizardShortcutAction.java Action.java ActionContributionItem.java ActionContributionItem.java ActionContributionItem.java EventTable.java Display.java Widget.java Display.java Display.java PartRenderingEngine.java Realm.java PartRenderingEngine.java E4Workbench.java Workbench.java Realm.java Workbench.java PlatformUI.java IDEApplication.java EclipseAppHandle.java EclipseAppLauncher.java EclipseAppLauncher.java EclipseStarter.java EclipseStarter.java Main.java Main.java Main.java,NoStackTrace in LibraryProviderFrameworkImpl.reportProviderNotDefined,x86,2016-12-08T20:09:50.782Z
GC.java TabbedPropertyList.java TabbedPropertyList.java TabbedPropertyList.java TypedListener.java EventTable.java Display.java Widget.java Widget.java Widget.java Composite.java Control.java Canvas.java Display.java OS.java OS.java Display.java PartRenderingEngine.java Realm.java PartRenderingEngine.java E4Workbench.java Workbench.java Realm.java Workbench.java PlatformUI.java IDEApplication.java EclipseAppHandle.java EclipseAppLauncher.java EclipseAppLauncher.java EclipseStarter.java EclipseStarter.java NativeMethodAccessorImpl.java NativeMethodAccessorImpl.java DelegatingMethodAccessorImpl.java Method.java Main.java Main.java Main.java Main.java,IllegalArgumentException below TabbedPropertyList$ListElement.paint (thrown in GC.setForeground),x86_64,2016-09-19T08:40:04.068Z
JarPackageFragmentRoot.java PackageFragmentRoot.java Openable.java Openable.java Openable.java JavaElement.java JavaElement.java JavaElement.java JarPackageFragment.java JarPackageFragmentRoot.java PackageFragmentRootWalker.java SourceAttachmentPackageFragmentRootWalker.java Storage2UriMapperJavaImpl.java Storage2UriMapperJavaImpl.java Storage2UriMapperJavaImpl.java Storage2UriMapperJavaImpl.java Storage2UriMapperJavaImpl.java DeltaProcessor.java SafeRunner.java DeltaProcessor.java DeltaProcessor.java DeltaProcessor.java DeltaProcessor.java DeltaProcessingState.java NotificationManager.java SafeRunner.java NotificationManager.java NotificationManager.java Workspace.java Workspace.java Workspace.java JavaModelOperation.java JavaProject.java JavaProject.java JavaProject.java ClasspathModifier.java AddSelectedLibraryToBuildpathAction.java AddSelectedLibraryToBuildpathAction.java AddSelectedLibraryToBuildpathAction.java ModalContext.java ModalContext.java ProgressMonitorDialog.java ProgressMonitorJobsDialog.java ProgressManager.java AddSelectedLibraryToBuildpathAction.java Action.java ActionContributionItem.java ActionContributionItem.java ActionContributionItem.java EventTable.java Display.java Widget.java Display.java Display.java PartRenderingEngine.java Realm.java PartRenderingEngine.java E4Workbench.java Workbench.java Realm.java Workbench.java PlatformUI.java IDEApplication.java EclipseAppHandle.java EclipseAppLauncher.java EclipseAppLauncher.java EclipseStarter.java EclipseStarter.java Main.java Main.java Main.java,RuntimeException in JarPackageFragmentRoot.computeChildren,x86_64,2016-12-13T07:54:26.859Z
DefaultUiFreezeEventLogger.java EventLoopMonitorThread.java EventLoopMonitorThread.java,FreezeWarning below DefaultMultiMode$1.widgetSelected (thrown in ProjectClassLoader.create),x86_64,2016-12-11T08:48:25.524Z
Synchronizer.java Display.java Display.java PartRenderingEngine.java Realm.java PartRenderingEngine.java E4Workbench.java Workbench.java Realm.java Workbench.java PlatformUI.java IDEApplication.java EclipseAppHandle.java EclipseAppLauncher.java EclipseAppLauncher.java EclipseStarter.java EclipseStarter.java Main.java Main.java Main.java,AssertionFailedException in MultiPageEditorPart.setActivePage,x86_64,2016-12-12T20:30:05.843Z
ManifestConsistencyChecker.java ManifestConsistencyChecker.java ManifestConsistencyChecker.java ManifestConsistencyChecker.java BuildManager.java SafeRunner.java BuildManager.java BuildManager.java BuildManager.java SafeRunner.java BuildManager.java BuildManager.java BuildManager.java AutoBuildJob.java AutoBuildJob.java Worker.java,NullPointerException in ManifestConsistencyChecker.validateManifestCasing,x86_64,2016-12-04T19:38:43.882Z
InferTypeArgumentsTCModel.java InferTypeArgumentsTCModel.java InferTypeArgumentsConstraintCreator.java InferTypeArgumentsConstraintCreator.java MethodInvocation.java ASTNode.java ASTNode.java MethodInvocation.java ASTNode.java ASTNode.java ExpressionStatement.java ASTNode.java ASTNode.java Block.java ASTNode.java ASTNode.java EnhancedForStatement.java ASTNode.java ASTNode.java Block.java ASTNode.java ASTNode.java ForStatement.java ASTNode.java ASTNode.java Block.java ASTNode.java ASTNode.java EnhancedForStatement.java ASTNode.java ASTNode.java Block.java ASTNode.java ASTNode.java MethodDeclaration.java ASTNode.java ASTNode.java TypeDeclaration.java ASTNode.java ASTNode.java CompilationUnit.java ASTNode.java InferTypeArgumentsRefactoring.java SafeRunner.java InferTypeArgumentsRefactoring.java CompilationUnitResolver.java CompilationUnitResolver.java ASTParser.java InferTypeArgumentsRefactoring.java CheckConditionsOperation.java CreateChangeOperation.java Workspace.java WorkbenchRunnableAdapter.java ModalContext.java,NullPointerException in InferTypeArgumentsTCModel.getIndexedCollectionElements,x86_64,2016-12-11T07:52:23.728Z
PasteAction.java Utilities.java ApplyPatchOperation.java ApplyPatchOperation.java PasteAction.java PasteAction.java SelectionDispatchAction.java SelectionDispatchAction.java Action.java ActionContributionItem.java ActionContributionItem.java ActionContributionItem.java EventTable.java Display.java Widget.java Display.java Display.java PartRenderingEngine.java Realm.java PartRenderingEngine.java E4Workbench.java Workbench.java Realm.java Workbench.java PlatformUI.java IDEApplication.java EclipseAppHandle.java EclipseAppLauncher.java EclipseAppLauncher.java EclipseStarter.java EclipseStarter.java NativeMethodAccessorImpl.java NativeMethodAccessorImpl.java DelegatingMethodAccessorImpl.java Method.java Main.java Main.java Main.java Main.java,NullPointerException in PasteAction$TextPaster$1.getContents,x86_64,2016-12-11T16:09:33.978Z
Resource.java Resource.java File.java AbstractImageBuilder.java AbstractImageBuilder.java AbstractImageBuilder.java Compiler.java AbstractImageBuilder.java BatchImageBuilder.java AbstractImageBuilder.java BatchImageBuilder.java JavaBuilder.java JavaBuilder.java BuildManager.java SafeRunner.java BuildManager.java BuildManager.java BuildManager.java SafeRunner.java BuildManager.java BuildManager.java BuildManager.java AutoBuildJob.java AutoBuildJob.java Worker.java,ResourceException below AbstractImageBuilder.writeClassFileContents (thrown in Resource.checkDoesNotExist),x86_64,2016-12-13T07:54:28.001Z
Synchronizer.java Display.java Display.java Window.java Window.java LogListener.java RunnableLock.java Synchronizer.java Display.java Display.java PartRenderingEngine.java Realm.java PartRenderingEngine.java E4Workbench.java Workbench.java Realm.java Workbench.java PlatformUI.java IDEApplication.java EclipseAppHandle.java EclipseAppLauncher.java EclipseAppLauncher.java EclipseStarter.java EclipseStarter.java NativeMethodAccessorImpl.java NativeMethodAccessorImpl.java DelegatingMethodAccessorImpl.java Method.java Main.java Main.java Main.java Main.java,NullPointerException in WorkbenchWindow$8.run,x86_64,2016-11-18T07:50:10.442Z
DefaultUiFreezeEventLogger.java EventLoopMonitorThread.java EventLoopMonitorThread.java,FreezeWarning below CommandAction.runWithEvent (thrown in ConvertToUMLModelAction$1.run),x86_64,2016-09-19T08:40:04.742Z
CompletionEngine.java CompletionEngine.java CompletionEngine.java CompletionEngine.java CompletionEngine.java CompletionEngine.java Openable.java CompilationUnit.java CompilationUnit.java SubwordsSessionProcessor.java SubwordsSessionProcessor.java SubwordsSessionProcessor.java IntelligentCompletionProposalComputer.java IntelligentCompletionProposalComputer.java CompletionProposalComputerDescriptor.java CompletionProposalCategory.java ContentAssistProcessor.java ContentAssistProcessor.java ContentAssistant.java CompletionProposalPopup.java CompletionProposalPopup.java CompletionProposalPopup.java BusyIndicator.java CompletionProposalPopup.java ContentAssistant.java RunnableLock.java Synchronizer.java Display.java Display.java PartRenderingEngine.java Realm.java PartRenderingEngine.java E4Workbench.java Workbench.java Realm.java Workbench.java PlatformUI.java IDEApplication.java EclipseAppHandle.java EclipseAppLauncher.java EclipseAppLauncher.java EclipseStarter.java EclipseStarter.java NativeMethodAccessorImpl.java NativeMethodAccessorImpl.java DelegatingMethodAccessorImpl.java Method.java Main.java Main.java Main.java,OperationCanceledException in CompletionEngine.checkCancel,x86_64,2016-12-13T15:06:40.776Z
NotationUtils.java NotationUtils.java NotationUtils.java NotationUtils.java ViewPrototype.java PolicyChecker.java DynamicDiagramsMenuContribution.java CompoundContributionItem.java CompoundContributionItem.java DynamicMenuContributionItem.java MenuManager.java MenuManager.java MenuManager.java MenuManager.java MenuManager.java TypedListener.java EventTable.java Display.java Widget.java Widget.java Widget.java Menu.java Display.java OS.java NSMenu.java Menu.java Display.java Display.java PartRenderingEngine.java Realm.java PartRenderingEngine.java E4Workbench.java Workbench.java Realm.java Workbench.java PlatformUI.java IDEApplication.java EclipseAppHandle.java EclipseAppLauncher.java EclipseAppLauncher.java EclipseStarter.java EclipseStarter.java NativeMethodAccessorImpl.java NativeMethodAccessorImpl.java DelegatingMethodAccessorImpl.java Method.java Main.java Main.java Main.java,NullPointerException in NotationUtils$NotationsIterator.<init>,x86_64,2016-12-03T16:03:10.171Z
ArrayList.java ArrayList.java AnnotationModel.java AnnotationModel.java AnnotationModel.java ProblemsLabelDecorator.java ProblemsLabelDecorator.java ProblemsLabelDecorator.java JavaUILabelProvider.java JavaUILabelProvider.java DelegatingStyledCellLabelProvider.java DecoratingStyledCellLabelProvider.java DelegatingStyledCellLabelProvider.java DecoratingStyledCellLabelProvider.java ViewerColumn.java AbstractTreeViewer.java AbstractTreeViewer.java SafeRunner.java JFaceUtil.java SafeRunnable.java AbstractTreeViewer.java StructuredViewer.java SafeRunner.java JFaceUtil.java SafeRunnable.java StructuredViewer.java AbstractTreeViewer.java AbstractTreeViewer.java BusyIndicator.java AbstractTreeViewer.java TreeViewer.java AbstractTreeViewer.java JavaOutlinePage.java AbstractTreeViewer.java JavaOutlinePage.java AbstractTreeViewer.java TreeViewer.java AbstractTreeViewer.java StructuredViewer.java TreeViewer.java StructuredViewer.java AbstractTreeViewer.java ContentViewer.java StructuredViewer.java JavaOutlinePage.java ContentOutline.java PageBookView.java PageBookView.java ContentOutline.java PageBookView.java WorkbenchPage.java SafeRunner.java WorkbenchPage.java WorkbenchPage.java WorkbenchPage.java PartServiceImpl.java SafeRunner.java PartServiceImpl.java PartServiceImpl.java PartServiceImpl.java UIEventHandler.java Synchronizer.java UISynchronizer.java Display.java E4Application.java UIEventHandler.java EventHandlerWrapper.java EventHandlerTracker.java EventHandlerTracker.java EventManager.java ListenerQueue.java EventAdminImpl.java EventAdminImpl.java EventComponent.java EventBroker.java UIEventPublisher.java BasicNotifierImpl.java ElementContainerImpl.java ModelServiceImpl.java ModelServiceImpl.java PartServiceImpl.java PartServiceImpl.java PartServiceImpl.java WorkbenchPage.java WorkbenchPage.java WorkbenchPage.java BusyIndicator.java WorkbenchPage.java WorkbenchPage.java WorkbenchPage.java JavaSearchEditorOpener.java JavaSearchEditorOpener.java JavaSearchEditorOpener.java JavaSearchEditorOpener.java JavaSearchResultPage.java AbstractTextSearchViewPage.java SafeRunner.java AbstractTextSearchViewPage.java AbstractTextSearchViewPage.java AbstractTextSearchViewPage.java AbstractTextSearchViewPage.java k7+8L3aHmakShNi3 Action.java ActionContributionItem.java ActionContributionItem.java ActionContributionItem.java EventTable.java Display.java Widget.java Display.java Display.java PartRenderingEngine.java Realm.java PartRenderingEngine.java E4Workbench.java Workbench.java Realm.java Workbench.java PlatformUI.java IDEApplication.java EclipseAppHandle.java EclipseAppLauncher.java EclipseAppLauncher.java EclipseStarter.java EclipseStarter.java NativeMethodAccessorImpl.java NativeMethodAccessorImpl.java DelegatingMethodAccessorImpl.java Method.java Main.java Main.java Main.java Main.java,ConcurrentModificationException below ProblemsLabelDecorator.getErrorTicksFromAnnotationModel (thrown in ArrayList$Itr.checkForComodification),x86_64,2016-12-13T07:54:52.890Z
DefaultUiFreezeEventLogger.java EventLoopMonitorThread.java EventLoopMonitorThread.java,FreezeWarning below JavaProjectWizard.addPages (thrown in StandardVMType.getDefaultLibraryLocations),x86,2016-12-10T07:49:52.247Z
JaxRsProjectConfigurator.java JaxRsProjectConfigurator.java JaxRsProjectConfigurator.java AbstractLifecycleMapping.java ProjectConfigurationManager.java ProjectConfigurationManager.java MavenExecutionContext.java MavenExecutionContext.java ProjectConfigurationManager.java ProjectConfigurationManager.java ProjectConfigurationManager.java ProjectConfigurationManager.java MavenExecutionContext.java MavenExecutionContext.java MavenExecutionContext.java MavenImpl.java ProjectConfigurationManager.java UpdateMavenProjectJob.java InternalWorkspaceJob.java Worker.java,NoSuchMethodError in JaxRsProjectConfigurator.isConfigurationEnabled,x86_64,2016-12-02T07:50:36.384Z
CloneCommand.java CloneCommand.java CloneOperation.java AbstractGitCloneWizard.java AbstractGitCloneWizard.java AbstractGitCloneWizard.java ModalContext.java,JGitInternalException in CloneCommand.init,x86,2016-12-13T07:54:54.939Z
Synchronizer.java Display.java Display.java Workbench.java Workbench.java Workbench.java Workbench.java Realm.java Workbench.java PlatformUI.java IDEApplication.java EclipseAppHandle.java EclipseAppLauncher.java EclipseAppLauncher.java EclipseStarter.java EclipseStarter.java NativeMethodAccessorImpl.java NativeMethodAccessorImpl.java DelegatingMethodAccessorImpl.java Method.java Main.java Main.java Main.java,NullPointerException in ContentAssistProcessor$CompletionListener.assistSessionStarted,x86,2016-09-19T08:40:04.929Z
FetchOperationUI.java FetchOperationUI.java InternalWorkspaceJob.java Worker.java,TransportException in TransportHttp.connect,x86,2016-12-13T07:54:56.350Z
BuildState.java ApiAnalysisBuilder.java BuildManager.java SafeRunner.java BuildManager.java BuildManager.java BuildManager.java SafeRunner.java BuildManager.java BuildManager.java BuildManager.java AutoBuildJob.java AutoBuildJob.java Worker.java,NullPointerException in BuildState.setBuildPropertiesState,x86_64,2016-09-22T22:00:47.048Z
Synchronizer.java Display.java Display.java PartRenderingEngine.java Realm.java PartRenderingEngine.java E4Workbench.java Workbench.java Realm.java Workbench.java PlatformUI.java IDEApplication.java EclipseAppHandle.java EclipseAppLauncher.java EclipseAppLauncher.java EclipseStarter.java EclipseStarter.java NativeMethodAccessorImpl.java NativeMethodAccessorImpl.java DelegatingMethodAccessorImpl.java Method.java Main.java Main.java Main.java,NullPointerException in PageBookView.showPageRec,x86_64,2016-12-13T13:26:19.596Z
MarkerContentGenerator.java MarkerContentGenerator.java MarkerContentGenerator.java MarkerUpdateJob.java MarkerUpdateJob.java MarkerUpdateJob.java Worker.java,OutOfMemoryError in MarkerContentGenerator.internalGatherMarkers,x86_64,2016-12-10T07:49:55.030Z
MarkerUtilities.java MarkerUtilities.java CorrectionMarkerResolutionGenerator.java CorrectionMarkerResolutionGenerator.java MarkerHelpRegistry.java MarkerHelpRegistry.java MarkerField.java MarkerProblemSeverityAndMessageField.java MarkerColumnLabelProvider.java ViewerColumn.java AbstractTreeViewer.java MarkersTreeViewer.java AbstractTreeViewer.java SafeRunner.java JFaceUtil.java SafeRunnable.java AbstractTreeViewer.java StructuredViewer.java SafeRunner.java JFaceUtil.java SafeRunnable.java StructuredViewer.java AbstractTreeViewer.java AbstractTreeViewer.java TreeViewer.java AbstractTreeViewer.java TreeViewer.java AbstractTreeViewer.java AbstractTreeViewer.java StructuredViewer.java StructuredViewer.java TreeViewer.java StructuredViewer.java StructuredViewer.java ColumnViewer.java StructuredViewer.java UIUpdateJob.java UIJob.java RunnableLock.java Synchronizer.java Display.java Display.java PartRenderingEngine.java Realm.java PartRenderingEngine.java E4Workbench.java Workbench.java Realm.java Workbench.java PlatformUI.java IDEApplication.java EclipseAppHandle.java EclipseAppLauncher.java EclipseAppLauncher.java EclipseStarter.java EclipseStarter.java Main.java Main.java Main.java,NoStackTrace in MarkerUtilities.handleCoreException,x86,2016-12-13T14:37:43.351Z
DirtyStateEditorSupport.java XtextEditor.java WorkbenchPart.java AbstractTextEditor.java AbstractTextEditor.java AbstractTextEditor.java AbstractTextEditor.java AbstractDocumentProvider.java FileDocumentProvider.java FileDocumentProvider.java FileDocumentProvider.java RunnableLock.java Synchronizer.java Display.java Display.java EventLoopProgressMonitor.java EventLoopProgressMonitor.java ProgressMonitorWrapper.java SubProgressMonitor.java SubProgressMonitor.java SubMonitor.java SubMonitor.java ProgressMonitorWrapper.java EventLoopProgressMonitor.java Workspace.java WorkspaceModifyOperation.java WorkspaceOperationRunner.java WorkspaceOperationRunner.java AbstractDocumentProvider.java AbstractDocumentProvider.java AbstractTextEditor.java AbstractTextEditor.java XtextEditor.java AbstractTextEditor.java Saveable.java SaveableHelper.java SaveableHelper.java SaveableHelper.java ModalContext.java ModalContext.java WorkbenchWindow.java BusyIndicator.java WorkbenchWindow.java SaveableHelper.java SaveableHelper.java SaveableHelper.java SaveableHelper.java WorkbenchPage.java WorkbenchPage.java SaveHandler.java HandlerProxy.java E4HandlerProxy.java MethodRequestor.java InjectorImpl.java InjectorImpl.java ContextInjectionFactory.java HandlerServiceHandler.java Command.java ParameterizedCommand.java HandlerServiceImpl.java KeyBindingDispatcher.java KeyBindingDispatcher.java KeyBindingDispatcher.java KeyBindingDispatcher.java KeyBindingDispatcher.java KeyBindingDispatcher.java EventTable.java Display.java Widget.java Widget.java Widget.java Widget.java Widget.java Widget.java Control.java Canvas.java Control.java Canvas.java Display.java OS.java OS.java Display.java PartRenderingEngine.java Realm.java PartRenderingEngine.java E4Workbench.java Workbench.java Realm.java Workbench.java PlatformUI.java IDEApplication.java EclipseAppHandle.java EclipseAppLauncher.java EclipseAppLauncher.java EclipseStarter.java EclipseStarter.java Main.java Main.java Main.java Main.java,IllegalStateException in DirtyStateEditorSupport.markEditorClean,x86_64,2016-09-19T08:40:04.989Z
XbaseBreakpointDetailPaneFactory.java DetailPaneManager.java DetailPaneManager.java DetailPaneManager.java DetailPaneProxy.java ExpressionInformationControlCreator.java TreeModelContentProvider.java SafeRunner.java TreeModelContentProvider.java TreeModelContentProvider.java TreeModelContentProvider.java TreeModelContentProvider.java TreeModelContentProvider.java RunnableLock.java Synchronizer.java Display.java Display.java PartRenderingEngine.java Realm.java PartRenderingEngine.java E4Workbench.java Workbench.java Realm.java Workbench.java PlatformUI.java IDEApplication.java EclipseAppHandle.java EclipseAppLauncher.java EclipseAppLauncher.java EclipseStarter.java EclipseStarter.java NativeMethodAccessorImpl.java NativeMethodAccessorImpl.java DelegatingMethodAccessorImpl.java Method.java Main.java Main.java Main.java,ClassCastException in XbaseBreakpointDetailPaneFactory.getDetailPaneTypes,x86_64,2016-12-01T01:57:45.900Z
DefaultUiFreezeEventLogger.java EventLoopMonitorThread.java EventLoopMonitorThread.java,FreezeWarning below Startup$1.run (thrown in BundleContextImpl.start),x86_64,2016-12-12T07:54:57.297Z
BinaryDelta.java BinaryDelta.java PackParser.java PackParser.java PackParser.java PackParser.java ObjectDirectoryPackParser.java PackParser.java BasePackFetchConnection.java BasePackFetchConnection.java BasePackFetchConnection.java BasePackFetchConnection.java FetchProcess.java FetchProcess.java FetchProcess.java Transport.java FetchCommand.java CloneCommand.java CloneCommand.java CloneOperation.java AbstractGitCloneWizard.java AbstractGitCloneWizard.java AbstractGitCloneWizard.java ModalContext.java,OutOfMemoryError in BinaryDelta.apply,x86_64,2016-11-28T11:54:00.498Z
Synchronizer.java Display.java Display.java Window.java Window.java MessageDialog.java MessageDialog.java MessageDialog.java DefaultDialectEditorDialogFactory.java DDiagramEditorImpl.java CompatibilityPart.java MethodRequestor.java InjectorImpl.java InjectorImpl.java InjectorImpl.java ContextInjectionFactory.java PartRenderingEngine.java ContributedPartRenderer.java CTabItem.java CTabFolder.java Control.java Control.java CTabItem.java StackRenderer.java PartRenderingEngine.java PartRenderingEngine.java PartRenderingEngine.java SafeRunner.java PartRenderingEngine.java PartRenderingEngine.java PartRenderingEngine.java PartRenderingEngine.java SafeRunner.java PartRenderingEngine.java PartRenderingEngine.java PartRenderingEngine.java PartRenderingEngine.java SafeRunner.java PartRenderingEngine.java ElementReferenceRenderer.java PartRenderingEngine.java PartRenderingEngine.java PartRenderingEngine.java SafeRunner.java PartRenderingEngine.java PartRenderingEngine.java PartRenderingEngine.java PartRenderingEngine.java SafeRunner.java PartRenderingEngine.java PartRenderingEngine.java PartRenderingEngine.java PartRenderingEngine.java SafeRunner.java PartRenderingEngine.java PartRenderingEngine.java PartRenderingEngine.java PartRenderingEngine.java SafeRunner.java PartRenderingEngine.java PartRenderingEngine.java PartRenderingEngine.java PartRenderingEngine.java SafeRunner.java PartRenderingEngine.java PartRenderingEngine.java PartRenderingEngine.java PartRenderingEngine.java SafeRunner.java PartRenderingEngine.java PartRenderingEngine.java PartRenderingEngine.java PartRenderingEngine.java SafeRunner.java PartRenderingEngine.java PartRenderingEngine.java PartRenderingEngine.java PartRenderingEngine.java SafeRunner.java PartRenderingEngine.java WorkbenchWindow.java WorkbenchWindow.java WorkbenchWindow.java WorkbenchWindow.java BusyIndicator.java WorkbenchWindow.java Workbench.java SafeRunner.java Workbench.java Workbench.java Workbench.java BusyIndicator.java Workbench.java Workbench.java WorkbenchWindow.java WorkbenchWindow.java WorkbenchWindow.java BusyIndicator.java WorkbenchWindow.java WorkbenchWindow.java WorkbenchWindow.java WBWRenderer.java TypedListener.java EventTable.java Display.java Widget.java Widget.java Widget.java Decorations.java Decorations.java Control.java Canvas.java Decorations.java Shell.java Display.java OS.java OS.java Shell.java Control.java Canvas.java Decorations.java Shell.java Display.java OS.java OS.java Shell.java Control.java Canvas.java Decorations.java Shell.java Display.java OS.java OS.java Display.java PartRenderingEngine.java Realm.java PartRenderingEngine.java E4Workbench.java Workbench.java Realm.java Workbench.java PlatformUI.java IDEApplication.java EclipseAppHandle.java EclipseAppLauncher.java EclipseAppLauncher.java EclipseStarter.java EclipseStarter.java Main.java Main.java Main.java,NullPointerException in PartActivationHistory.activate,x86,2016-12-13T13:17:41.097Z
CommonarchiveFactoryImpl.java CommonarchiveFactoryImpl.java CommonarchiveFactoryImpl.java EJBArtifactEdit.java EnterpriseArtifactEdit.java EJBHelper.java DelegatingMethodAccessorImpl.java Method.java WorkbenchContext.java EJBHelper.java WorkbenchContext.java EJBValidationContext.java EJBValidator.java EJBValidator.java EJBValidator.java UIEjbValidator.java ValidatorJob.java Worker.java,OpenFailureException below WorkbenchContext.loadModel (thrown in CommonarchiveFactoryImpl.openSpecificArchive),x86_64,2016-12-12T16:55:39.586Z
DynamicAcceleoModule.java DynamicAcceleoModule.java AcceleoMTLInterpreter.java AcceleoMTLInterpreter.java ODesignGenericInterpreter.java DiagramElementMappingQuery.java AbstractSynchronizerHelper.java AbstractSynchronizerHelper.java DNodeSynchronizerHelper.java DDiagramSynchronizer.java DDiagramSynchronizer.java DDiagramSynchronizer.java DDiagramSynchronizer.java DDiagramSynchronizer.java DDiagramSynchronizer.java DDiagramSynchronizer.java DDiagramSynchronizer.java DDiagramSynchronizer.java DiagramDialectServices.java DialectManagerImpl.java DialectManagerImpl.java RefreshDiagramOnOpeningCommand.java RecordingCommand.java CompoundCommand.java EMFCommandOperation.java AbstractEMFOperation.java DefaultOperationHistory.java WorkspaceCommandStackImpl.java AbstractTransactionalCommandStack.java AbstractTransactionalCommandStack.java DDiagramEditorImpl.java DDiagramEditorImpl.java DDiagramEditorImpl.java DDiagramEditorImpl.java DDiagramEditorImpl.java GraphicalEditor.java DiagramEditor.java DiagramEditorWithFlyOutPalette.java DiagramDocumentEditor.java DDiagramEditorImpl.java CompatibilityPart.java CompatibilityEditor.java CompatibilityPart.java MethodRequestor.java InjectorImpl.java InjectorImpl.java InjectorImpl.java InjectorImpl.java InjectorImpl.java ContextInjectionFactory.java ReflectionContributionFactory.java ReflectionContributionFactory.java ReflectionContributionFactory.java ContributedPartRenderer.java PartRenderingEngine.java PartRenderingEngine.java PartRenderingEngine.java PartRenderingEngine.java PartRenderingEngine.java SafeRunner.java PartRenderingEngine.java PartServiceImpl.java UIEventHandler.java Synchronizer.java UISynchronizer.java Display.java E4Application.java UIEventHandler.java EventHandlerWrapper.java EventHandlerTracker.java EventHandlerTracker.java EventManager.java ListenerQueue.java EventAdminImpl.java EventAdminImpl.java EventComponent.java EventBroker.java UIEventPublisher.java BasicNotifierImpl.java ElementContainerImpl.java ModelServiceImpl.java ModelServiceImpl.java PartServiceImpl.java PartServiceImpl.java PartServiceImpl.java WorkbenchPage.java WorkbenchPage.java WorkbenchPage.java BusyIndicator.java WorkbenchPage.java WorkbenchPage.java WorkbenchPage.java DiagramDialectUIServices.java Synchronizer.java UISynchronizer.java Display.java DiagramDialectUIServices.java DiagramDialectUIServices.java DialectUIManagerImpl.java OpenRepresentationsAction.java OpenRepresentationsAction.java OpenRepresentationsAction.java ModalContext.java ModalContext.java ProgressMonitorDialog.java ProgressManager.java BusyIndicator.java ProgressManager.java Synchronizer.java UISynchronizer.java Display.java ProgressManager.java OpenRepresentationsAction.java OpenRepresentationListener.java StructuredViewer.java SafeRunner.java JFaceUtil.java SafeRunnable.java StructuredViewer.java AbstractTreeViewer.java CommonViewer.java StructuredViewer.java OpenStrategy.java OpenStrategy.java OpenStrategy.java EventTable.java Display.java Widget.java Display.java Display.java PartRenderingEngine.java Realm.java PartRenderingEngine.java E4Workbench.java Workbench.java Realm.java Workbench.java PlatformUI.java IDEApplication.java EclipseAppHandle.java EclipseAppLauncher.java EclipseAppLauncher.java EclipseStarter.java EclipseStarter.java Main.java Main.java Main.java Main.java,NoStackTrace in DynamicAcceleoModule.compile,x86_64,2016-12-06T17:04:55.392Z
HTMLValidator.java HTMLValidator.java Validator.java ValManager.java ValBuilderJob.java ResourceDelta.java ResourceDelta.java ResourceDelta.java ResourceDelta.java ResourceDelta.java ResourceDelta.java ValBuilderJob.java ValBuilderJob.java ValBuilderJob.java InternalWorkspaceJob.java Worker.java,OperationCanceledException in HTMLValidator.validateFile,x86_64,2016-12-12T21:52:49.654Z
Policy.java Policy.java InternalFileSystemCore.java EFS.java SQLScrapbookEditor.java AbstractTextEditor.java ModalContext.java ModalContext.java WorkbenchWindow.java BusyIndicator.java WorkbenchWindow.java AbstractTextEditor.java AbstractTextEditor.java SQLEditor.java SQLScrapbookEditor.java EditorReference.java CompatibilityPart.java MethodRequestor.java InjectorImpl.java InjectorImpl.java InjectorImpl.java InjectorImpl.java InjectorImpl.java ContextInjectionFactory.java ReflectionContributionFactory.java ReflectionContributionFactory.java ReflectionContributionFactory.java ContributedPartRenderer.java PartRenderingEngine.java PartRenderingEngine.java PartRenderingEngine.java PartRenderingEngine.java PartRenderingEngine.java SafeRunner.java PartRenderingEngine.java PartServiceImpl.java UIEventHandler.java Synchronizer.java UISynchronizer.java Display.java E4Application.java UIEventHandler.java EventHandlerWrapper.java EventHandlerTracker.java EventHandlerTracker.java EventManager.java ListenerQueue.java EventAdminImpl.java EventAdminImpl.java EventComponent.java EventBroker.java UIEventPublisher.java BasicNotifierImpl.java ElementContainerImpl.java ModelServiceImpl.java ModelServiceImpl.java PartServiceImpl.java PartServiceImpl.java WorkbenchPage.java WorkbenchPage.java WorkbenchPage.java BusyIndicator.java WorkbenchPage.java WorkbenchPage.java WorkbenchPage.java EgitUiEditorUtils.java EgitUiEditorUtils.java EgitUiEditorUtils.java CommitFileDiffViewer.java CommitFileDiffViewer.java CommitFileDiffViewer.java CommitFileDiffViewer.java StructuredViewer.java SafeRunner.java JFaceUtil.java SafeRunnable.java StructuredViewer.java StructuredViewer.java StructuredViewer.java OpenStrategy.java OpenStrategy.java OpenStrategy.java EventTable.java Display.java Widget.java Display.java Display.java PartRenderingEngine.java Realm.java PartRenderingEngine.java E4Workbench.java Workbench.java Realm.java Workbench.java PlatformUI.java IDEApplication.java EclipseAppHandle.java EclipseAppLauncher.java EclipseAppLauncher.java EclipseStarter.java EclipseStarter.java Main.java Main.java Main.java Main.java,CoreException below SQLScrapbookEditor.doSetInput (thrown in InternalFileSystemCore.getStore),x86_64,2016-12-05T07:50:05.718Z
LinkedCorrectionProposal.java CUCorrectionProposal.java CompletionProposalPopup.java CompletionProposalPopup.java CompletionProposalPopup.java ContentAssistant.java TextViewer.java StyledTextListener.java EventTable.java Display.java Widget.java Widget.java Widget.java Widget.java StyledText.java StyledText.java EventTable.java Display.java Widget.java Widget.java Widget.java Widget.java Widget.java Widget.java Control.java Canvas.java Control.java Canvas.java Display.java OS.java OS.java Display.java PartRenderingEngine.java Realm.java PartRenderingEngine.java E4Workbench.java Workbench.java Realm.java Workbench.java PlatformUI.java IDEApplication.java EclipseAppHandle.java EclipseAppLauncher.java EclipseAppLauncher.java EclipseStarter.java EclipseStarter.java NativeMethodAccessorImpl.java NativeMethodAccessorImpl.java DelegatingMethodAccessorImpl.java Method.java Main.java Main.java Main.java,BadLocationException below LinkedProposalModelPresenter.enterLinkedMode (thrown in LinkedPositionGroup.enforceEqualContent),x86_64,2016-11-12T07:59:51.577Z
BindingKeyResolver.java BindingKeyParser.java BindingKeyParser.java BindingKeyParser.java BindingKeyResolver.java CompilationUnitResolver.java CompilationUnitResolver.java CompilationUnitResolver.java ASTParser.java TypeURIHelper.java QueryParticipant.java JavaSearchQuery.java SafeRunner.java JavaSearchQuery.java XZMo3FKotBIwfxn0 Worker.java,NullPointerException in BindingKeyResolver.consumeLocalType,x86_64,2016-12-05T07:50:06.053Z
DesignerEditorContributor.java EditorActionBars.java WorkbenchPage.java WorkbenchPage.java WorkbenchPage.java PartServiceImpl.java SafeRunner.java PartServiceImpl.java PartServiceImpl.java PartServiceImpl.java AbstractPartRenderer.java ContributedPartRenderer.java EventTable.java Display.java Widget.java Widget.java Widget.java Shell.java Shell.java Control.java Widget.java Control.java Control.java Text.java Display.java OS.java Control.java Control.java Composite.java ErrorEditorPart.java CompatibilityPart.java MethodRequestor.java InjectorImpl.java InjectorImpl.java InjectorImpl.java ContextInjectionFactory.java PartRenderingEngine.java ContributedPartRenderer.java CTabItem.java CTabFolder.java Control.java Control.java CTabFolder.java CTabFolder.java StackRenderer.java LazyStackRenderer.java UIEventHandler.java Synchronizer.java UISynchronizer.java Display.java E4Application.java UIEventHandler.java EventHandlerWrapper.java EventHandlerTracker.java EventHandlerTracker.java EventManager.java ListenerQueue.java EventAdminImpl.java EventAdminImpl.java EventComponent.java EventBroker.java UIEventPublisher.java BasicNotifierImpl.java ElementContainerImpl.java PartServiceImpl.java PartServiceImpl.java StackRenderer.java StackRenderer.java StackRenderer.java CTabFolder.java CTabFolder.java EventTable.java Display.java Widget.java Display.java Display.java PartRenderingEngine.java Realm.java PartRenderingEngine.java E4Workbench.java Workbench.java Realm.java Workbench.java PlatformUI.java IDEApplication.java EclipseAppHandle.java EclipseAppLauncher.java EclipseAppLauncher.java EclipseStarter.java EclipseStarter.java Main.java Main.java Main.java,ClassCastException in DesignerEditorContributor.setActiveEditor,x86,2016-12-11T14:32:17.312Z
DefaultUiFreezeEventLogger.java EventLoopMonitorThread.java EventLoopMonitorThread.java,FreezeWarning below SourceBranchPage$7.run (thrown in FileRepository.<init>),x86_64,2016-12-01T07:55:37.641Z
CreateLocalBranchOperation.java Workspace.java CreateLocalBranchOperation.java CreateBranchPage.java CreateBranchWizard.java ModalContext.java ModalContext.java WizardDialog.java CreateBranchWizard.java WizardDialog.java WizardDialog.java Dialog.java TypedListener.java EventTable.java Display.java Widget.java Display.java Display.java Window.java Window.java BranchSelectionAndEditDialog.java TypedListener.java EventTable.java Display.java Widget.java Display.java Display.java Window.java Window.java BranchOperationUI.java BranchOperationUI.java BranchOperationUI.java Synchronizer.java UISynchronizer.java Display.java BranchOperationUI.java BranchOperationUI.java BranchOperationUI.java SwitchToMenu.java TypedListener.java EventTable.java Display.java Widget.java Display.java Display.java PartRenderingEngine.java Realm.java PartRenderingEngine.java E4Workbench.java Workbench.java Realm.java Workbench.java PlatformUI.java IDEApplication.java EclipseAppHandle.java EclipseAppLauncher.java EclipseAppLauncher.java EclipseStarter.java EclipseStarter.java NativeMethodAccessorImpl.java NativeMethodAccessorImpl.java DelegatingMethodAccessorImpl.java Method.java Main.java Main.java Main.java,InvalidRefNameException in CreateBranchCommand.processOptions,x86_64,2016-11-20T16:26:16.822Z
DefaultUiFreezeEventLogger.java EventLoopMonitorThread.java EventLoopMonitorThread.java,FreezeWarning below EventTable.sendEvent (thrown in ZipFile.read),x86_64,2016-12-13T07:54:58.332Z
MethodRequestor.java InjectorImpl.java InjectorImpl.java InjectorImpl.java Requestor.java ContextObjectSupplier.java TrackableComputationExt.java TrackableComputationExt.java EclipseContext.java PartRenderingEngine.java PartRenderingEngine.java PartRenderingEngine.java PartRenderingEngine.java SafeRunner.java PartRenderingEngine.java ElementReferenceRenderer.java PartRenderingEngine.java PartRenderingEngine.java PartRenderingEngine.java SafeRunner.java PartRenderingEngine.java PartRenderingEngine.java UIEventHandler.java Synchronizer.java UISynchronizer.java Display.java E4Application.java UIEventHandler.java EventHandlerWrapper.java EventHandlerTracker.java EventHandlerTracker.java EventManager.java ListenerQueue.java EventAdminImpl.java EventAdminImpl.java EventComponent.java EventBroker.java UIEventPublisher.java BasicNotifierImpl.java UIElementImpl.java PartServiceImpl.java PartServiceImpl.java StackRenderer.java StackRenderer.java StackRenderer.java CTabFolder.java CTabFolder.java EventTable.java Display.java Widget.java Display.java Display.java PartRenderingEngine.java Realm.java PartRenderingEngine.java E4Workbench.java Workbench.java Realm.java Workbench.java PlatformUI.java IDEApplication.java EclipseAppHandle.java EclipseAppLauncher.java EclipseAppLauncher.java EclipseStarter.java EclipseStarter.java NativeMethodAccessorImpl.java NativeMethodAccessorImpl.java DelegatingMethodAccessorImpl.java Method.java Main.java Main.java Main.java Main.java,NullPointerException in CompatibilityView.disposeSite,x86_64,2016-12-13T07:54:59.012Z
Activator.java Activator.java VersionBuilder.java VersionBuilder.java BuildManager.java SafeRunner.java BuildManager.java BuildManager.java BuildManager.java SafeRunner.java BuildManager.java BuildManager.java BuildManager.java Workspace.java Workspace.java SetupTaskPerformer.java Worker.java,NoStackTrace in VersionBuilder.build,x86_64,2016-09-19T08:40:05.237Z
FXCSSContentDescriber.java FXCSSContentDescriber.java ContentTypeCatalog.java ContentTypeCatalog.java ContentTypeCatalog.java ContentTypeCatalog.java ContentTypeCatalog.java ContentTypeCatalog.java ContentTypeMatcher.java ContentDescriptionManager.java ContentDescriptionManager.java File.java File.java File.java WorkspaceEncodingProvider.java XtextResource.java XtextResource.java XtextResource.java LazyLinkingResource.java ResourceImpl.java ResourceImpl.java ResourceSetImpl.java ResourceSetImpl.java XtextResourceSet.java SynchronizedXtextResourceSet.java SerialResourceLoader.java AbstractResourceLoader.java ClusteringBuilderState.java ClusteringBuilderState.java AbstractBuilderState.java XtextBuilder.java XtextBuilder.java XtextBuilder.java BuildManager.java SafeRunner.java BuildManager.java BuildManager.java BuildManager.java SafeRunner.java BuildManager.java BuildManager.java BuildManager.java Project.java Workspace.java Project.java Project.java LaunchConfigurationDelegate.java Workspace.java Workspace.java LaunchConfigurationDelegate.java LaunchConfigurationDelegate.java LaunchConfiguration.java LaunchConfiguration.java DebugUIPlugin.java DebugUIPlugin.java Worker.java,NullPointerException in FXCSSContentDescriber.describe,x86_64,2016-12-09T07:52:18.773Z
Synchronizer.java Display.java Display.java PartRenderingEngine.java Realm.java PartRenderingEngine.java E4Workbench.java Workbench.java Realm.java Workbench.java PlatformUI.java IDEApplication.java EclipseAppHandle.java EclipseAppLauncher.java EclipseAppLauncher.java EclipseStarter.java EclipseStarter.java NativeMethodAccessorImpl.java NativeMethodAccessorImpl.java DelegatingMethodAccessorImpl.java Method.java Main.java Main.java Main.java Main.java,NullPointerException in DawnGraphicalEditorSupport$4.run,x86_64,2016-09-19T08:40:05.249Z
AbstractDocument.java SynchronizableDocument.java AbstractDocument.java SynchronizableDocument.java LazyGenericTypeProposal.java AbstractDocument.java AbstractDocument.java ProjectionDocument.java DefaultDocumentAdapter.java StyledText.java StyledText.java StyledText.java StyledText.java StyledText.java StyledText.java EventTable.java Display.java Widget.java Widget.java Widget.java Widget.java Control.java Canvas.java Display.java OS.java NSResponder.java Composite.java Display.java OS.java Widget.java Widget.java Shell.java Display.java OS.java Display.java Display.java OS.java NSApplication.java Display.java PartRenderingEngine.java Realm.java PartRenderingEngine.java E4Workbench.java Workbench.java Realm.java Workbench.java PlatformUI.java IDEApplication.java EclipseAppHandle.java EclipseAppLauncher.java EclipseAppLauncher.java EclipseStarter.java EclipseStarter.java NativeMethodAccessorImpl.java NativeMethodAccessorImpl.java DelegatingMethodAccessorImpl.java Method.java Main.java Main.java Main.java,BadLocationException below LazyGenericTypeProposal$2$1.perform (thrown in AbstractDocument.replace),x86_64,2016-12-10T08:04:17.599Z
ImageDataImageDescriptor.java ImageDescriptor.java EditorElement.java QuickAccessEntry.java QuickAccessEntry.java QuickAccessContents.java EventTable.java Display.java Widget.java Widget.java Widget.java Table.java Table.java Table.java Control.java Composite.java Control.java Control.java Display.java OS.java OS.java Table.java Table.java Control.java Table.java Display.java OS.java OS.java Display.java PartRenderingEngine.java Realm.java PartRenderingEngine.java E4Workbench.java Workbench.java Realm.java Workbench.java PlatformUI.java IDEApplication.java EclipseAppHandle.java EclipseAppLauncher.java EclipseAppLauncher.java EclipseStarter.java EclipseStarter.java Main.java Main.java Main.java,NullPointerException below EditorElement.getImageDescriptor (thrown in ImageDataImageDescriptor.<init>),x86,2016-12-13T13:17:41.139Z
ExportAllWizard.java WizardDialog.java WizardDialog.java Dialog.java TypedListener.java EventTable.java Display.java Widget.java Display.java Display.java Window.java Window.java WizardHandler.java WizardHandler.java HandlerProxy.java E4HandlerProxy.java MethodRequestor.java InjectorImpl.java InjectorImpl.java ContextInjectionFactory.java HandlerServiceHandler.java Command.java ParameterizedCommand.java HandlerServiceImpl.java LegacyHandlerService.java CommandAction.java CommandAction.java ExportResourcesAction.java BaseSelectionListenerAction.java ActionContributionItem.java ActionContributionItem.java ActionContributionItem.java EventTable.java Display.java Widget.java Display.java Display.java PartRenderingEngine.java Realm.java PartRenderingEngine.java E4Workbench.java Workbench.java Realm.java Workbench.java PlatformUI.java IDEApplication.java EclipseAppHandle.java EclipseAppLauncher.java EclipseAppLauncher.java EclipseStarter.java EclipseStarter.java Main.java Main.java Main.java,NullPointerException in ExportAllWizard.performFinish,x86_64,2016-11-12T07:59:52.974Z
ModalContext.java WizardDialog.java NewElementWizard.java JavaProjectWizard.java WizardDialog.java WizardDialog.java Dialog.java TypedListener.java EventTable.java Display.java Widget.java Display.java Display.java Window.java Window.java NewWizardShortcutAction.java Action.java ActionContributionItem.java ActionContributionItem.java ActionContributionItem.java EventTable.java Display.java Widget.java Display.java Display.java PartRenderingEngine.java Realm.java PartRenderingEngine.java E4Workbench.java Workbench.java Realm.java Workbench.java PlatformUI.java IDEApplication.java EclipseAppHandle.java EclipseAppLauncher.java EclipseAppLauncher.java EclipseStarter.java EclipseStarter.java Main.java Main.java Main.java Main.java,NullPointerException in JavaCapabilityConfigurationPage.configureJavaProject,x86_64,2016-12-11T16:17:26.954Z
JavaModelOperation.java CreatePackageFragmentOperation.java JavaModelOperation.java Workspace.java JavaModelOperation.java PackageFragmentRoot.java NewTypeWizardPage.java NewClassCreationWizard.java NewElementWizard.java BatchOperation.java JavaModelOperation.java Workspace.java JavaCore.java WorkbenchRunnableAdapter.java ModalContext.java,JavaModelException below NewTypeWizardPage.createType (thrown in JavaModelOperation.createFolder),x86_64,2016-12-11T09:40:55.070Z
ImplicitJobs.java WorkerPool.java Worker.java,NoStackTrace in ImplicitJobs.endJob,x86_64,2016-12-13T08:13:16.353Z
Synchronizer.java Display.java Display.java PartRenderingEngine.java Realm.java PartRenderingEngine.java E4Workbench.java Workbench.java Realm.java Workbench.java PlatformUI.java IDEApplication.java EclipseAppHandle.java EclipseAppLauncher.java EclipseAppLauncher.java EclipseStarter.java EclipseStarter.java Main.java Main.java Main.java Main.java,SWTException below EMFCompareStructureMergeViewer.internalRedraw (thrown in Control.redraw),x86_64,2016-09-19T08:40:05.281Z
SocketTransportService.java SocketTransportImpl.java SocketAttachingConnectorImpl.java SocketAttachConnector.java JavaRemoteApplicationLaunchConfigurationDelegate.java LaunchConfiguration.java LaunchConfiguration.java DebugUIPlugin.java DebugUIPlugin.java Worker.java,TimeoutException in SocketTransportService.attach,x86_64,2016-12-11T07:52:47.685Z
PDEPlugin.java PDEPlugin.java DownloadStatsSection.java DownloadStatsSection.java DownloadStatsSection.java RepositoryMetadataPage.java RepositoryMetadataPage.java FormPage.java BusyIndicator.java FormPage.java PDEFormPage.java FormEditor.java PDEFormEditor.java MultiPageEditorPart.java TypedListener.java EventTable.java Display.java Widget.java Widget.java Widget.java Widget.java CTabFolder.java CTabFolder.java CTabFolder.java EventTable.java Display.java Widget.java Widget.java Widget.java Widget.java Display.java Display.java PartRenderingEngine.java Realm.java PartRenderingEngine.java E4Workbench.java Workbench.java Realm.java Workbench.java PlatformUI.java IDEApplication.java EclipseAppHandle.java EclipseAppLauncher.java EclipseAppLauncher.java EclipseStarter.java EclipseStarter.java NativeMethodAccessorImpl.java NativeMethodAccessorImpl.java DelegatingMethodAccessorImpl.java Method.java Main.java Main.java Main.java,NoStackTrace in DownloadStatsSection.getStatsInfo,x86_64,2016-12-12T07:54:59.772Z
Site.java Site.java WorkspaceSiteModel.java SiteInputContext.java InputContext.java InputContextManager.java PDEFormEditor.java SiteEditor.java ModalContext.java ModalContext.java WorkbenchWindow.java BusyIndicator.java WorkbenchWindow.java ProgressManager.java BusyIndicator.java ProgressManager.java Synchronizer.java UISynchronizer.java Display.java ProgressManager.java SiteEditor.java SiteEditor.java CategorySection.java CategorySection.java TreeSection.java SharedPartWithButtons.java SharedPartWithButtons.java TypedListener.java EventTable.java Display.java Widget.java Display.java Display.java PartRenderingEngine.java Realm.java PartRenderingEngine.java E4Workbench.java Workbench.java Realm.java Workbench.java PlatformUI.java IDEApplication.java EclipseAppHandle.java EclipseAppLauncher.java EclipseAppLauncher.java EclipseStarter.java EclipseStarter.java Main.java Main.java Main.java,NullPointerException in Site.writeChildren,x86_64,2016-09-19T08:40:05.308Z
DefaultUiFreezeEventLogger.java EventLoopMonitorThread.java EventLoopMonitorThread.java,FreezeWarning below OpenTypeAction.runWithEvent (thrown in RefDirectory.doPeel),x86_64,2016-12-13T07:54:59.679Z
TaskList.java TaskList.java SynchronizeQueriesJob.java GerritConnector.java SynchronizeQueriesJob.java SynchronizeQueriesJob.java SynchronizeQueriesJob.java SynchronizeRepositoriesJob.java SynchronizeRepositoriesJob.java Worker.java,IllegalArgumentException in TaskList.getValidElement,x86_64,2016-10-04T10:21:44.309Z
SubmitRecord.java GerritClient.java GerritClient.java GerritClient.java GerritClient.java GerritReviewRemoteFactory.java GerritReviewRemoteFactory.java RemoteEmfConsumer.java JobRemoteService.java RemoteEmfConsumer.java GerritTaskDataHandler.java GerritTaskDataHandler.java GerritConnector.java SynchronizeTasksJob.java SynchronizeTasksJob.java SynchronizeTasksJob.java SynchronizeTasksJob.java SynchronizeQueriesJob.java Worker.java,NullPointerException in SubmitRecord.createLabel,x86_64,2016-09-19T08:40:05.866Z
DefaultUiFreezeEventLogger.java EventLoopMonitorThread.java EventLoopMonitorThread.java,FreezeWarning below MethodRequestor.execute (thrown in FileInputStream.close0),x86_64,2016-12-05T12:18:34.638Z
DefaultUiFreezeEventLogger.java EventLoopMonitorThread.java EventLoopMonitorThread.java,FreezeWarning below EventManager$8.invoke (thrown in BindingContext.get),x86_64,2016-12-08T07:49:47.251Z
DefaultUiFreezeEventLogger.java EventLoopMonitorThread.java EventLoopMonitorThread.java,FreezeWarning below EventManager$8.invoke (thrown in Thread.sleep),x86_64,2016-09-19T08:40:05.941Z
DefaultUiFreezeEventLogger.java EventLoopMonitorThread.java EventLoopMonitorThread.java,FreezeWarning below CompilationUnitDocumentProvider$ProblemAnnotation.paint (thrown in WinNTFileSystem.getLastModifiedTime),x86_64,2016-12-12T07:55:00.608Z
Tool.java GnuMakefileGenerator.java GnuMakefileGenerator.java GnuMakefileGenerator.java GnuMakefileGenerator.java GnuMakefileGenerator.java CommonBuilder.java CommonBuilder.java CommonBuilder.java CommonBuilder.java CommonBuilder.java BuildManager.java SafeRunner.java BuildManager.java BuildManager.java BuildManager.java SafeRunner.java BuildManager.java BuildManager.java BuildManager.java AutoBuildJob.java AutoBuildJob.java Worker.java,NullPointerException in Tool.getOutputExtension,x86_64,2016-12-11T07:52:48.636Z
Util.java Util.java Util.java SourceFile.java Parser.java Compiler.java ProcessTaskManager.java,OutOfMemoryError below Util.getInputStreamAsCharArray (thrown in BufferedReader.<init>),x86_64,2016-12-13T12:46:08.633Z
BranchOperation.java Workspace.java BranchOperation.java BranchOperationUI.java InternalWorkspaceJob.java Worker.java,RefNotFoundException in CheckoutCommand.call,x86_64,2016-11-28T16:28:50.909Z
AbstractSetupTaskContext.java ConfirmationPage.java SetupWizard.java WizardDialog.java SafeRunner.java JFaceUtil.java SafeRunnable.java WizardDialog.java WizardDialog.java WizardDialog.java WizardDialog.java SetupWizardPage.java ConfirmationPage.java SetupWizard.java WizardDialog.java SafeRunner.java JFaceUtil.java SafeRunnable.java WizardDialog.java WizardDialog.java WizardDialog.java WizardDialog.java SetupWizardPage.java VariablePage.java SetupWizard.java WizardDialog.java SafeRunner.java JFaceUtil.java SafeRunnable.java WizardDialog.java WizardDialog.java WizardDialog.java WizardDialog.java OomphWizardDialog.java Window.java Dialog.java Window.java SetupWizard.java SetupUIPlugin.java UIUtil.java UILockListener.java UISynchronizer.java RunnableLock.java Synchronizer.java Display.java Display.java PartRenderingEngine.java Realm.java PartRenderingEngine.java E4Workbench.java Workbench.java Realm.java Workbench.java PlatformUI.java IDEApplication.java EclipseAppHandle.java EclipseAppLauncher.java EclipseAppLauncher.java EclipseStarter.java EclipseStarter.java Main.java Main.java Main.java Main.java,NoSuchMethodError in AbstractSetupTaskContext.setOffline,x86_64,2016-09-19T08:40:06.075Z
Assert.java Assert.java SelectionRange.java SelectionRangeDragTracker.java AbstractTool.java SelectionTool.java EditDomain.java DomainEventDispatcher.java LightweightSystem.java TypedListener.java EventTable.java Display.java Widget.java Display.java Display.java PartRenderingEngine.java Realm.java PartRenderingEngine.java E4Workbench.java Workbench.java Realm.java Workbench.java PlatformUI.java IDEApplication.java EclipseAppHandle.java EclipseAppLauncher.java EclipseAppLauncher.java EclipseStarter.java EclipseStarter.java NativeMethodAccessorImpl.java NativeMethodAccessorImpl.java DelegatingMethodAccessorImpl.java Method.java Main.java Main.java Main.java Main.java,AssertionFailedException in SelectionRange.<init>,x86_64,2016-09-19T08:40:06.082Z
ColorsAndFontsPreferencePage.java PatternFilter.java ColorsAndFontsPreferencePage.java FilteredTree.java FilteredTree.java FilteredTree.java FilteredTree.java UIJob.java RunnableLock.java Synchronizer.java Display.java Display.java Window.java Window.java WorkbenchPreferenceDialog.java OpenPreferencesAction.java Action.java ActionContributionItem.java ActionContributionItem.java ActionContributionItem.java EventTable.java Display.java Widget.java Display.java Display.java PartRenderingEngine.java Realm.java PartRenderingEngine.java E4Workbench.java Workbench.java Realm.java Workbench.java PlatformUI.java IDEApplication.java EclipseAppHandle.java EclipseAppLauncher.java EclipseAppLauncher.java EclipseStarter.java EclipseStarter.java NativeMethodAccessorImpl.java NativeMethodAccessorImpl.java DelegatingMethodAccessorImpl.java Method.java Main.java Main.java Main.java,NullPointerException in ColorsAndFontsPreferencePage$PresentationLabelProvider.getText,x86_64,2016-12-10T07:50:01.079Z
Activator.java Activator.java ControlFlowGraphBuilder.java ControlFlowGraphBuilder.java ControlFlowGraphBuilder.java ControlFlowGraphBuilder.java ControlFlowGraphBuilder.java ControlFlowGraphBuilder.java ControlFlowGraphBuilder.java CxxControlFlowGraph.java CxxModelsCache.java ReturnChecker.java ReturnChecker.java ReturnChecker.java AbstractAstFunctionChecker.java CPPASTFunctionDefinition.java CPPASTCompositeTypeSpecifier.java CPPASTSimpleDeclaration.java ASTTranslationUnit.java AbstractAstFunctionChecker.java AbstractIndexAstChecker.java CodanRunner.java CodanRunner.java CxxCodanReconciler.java CodanCReconciler.java CEditor.java CReconcilingStrategy.java CReconcilingStrategy.java CompositeReconcilingStrategy.java CCompositeReconcilingStrategy.java MonoReconciler.java CReconciler.java AbstractReconciler.java,NoStackTrace in ControlFlowGraphBuilder.createSubGraph,x86_64,2016-12-13T07:55:01.156Z
DefaultUiFreezeEventLogger.java EventLoopMonitorThread.java EventLoopMonitorThread.java,FreezeWarning below SourceLookupFacility$SourceDisplayJob.runInUIThread (thrown in XtextDocument$XtextDocumentLocker.internalReadOnly),x86_64,2016-09-28T10:56:22.828Z
JavaProject.java JavaProject.java JavaProject.java JavaProject.java BuildPathsBlock.java BuildPathsPropertyPage.java BuildPathsPropertyPage.java PreferencePage.java BuildPathsPropertyPage.java PreferenceDialog.java PreferenceDialog.java SafeRunner.java JFaceUtil.java SafeRunnable.java PreferenceDialog.java FilteredPreferenceDialog.java PreferenceDialog.java BusyIndicator.java PreferenceDialog.java StructuredViewer.java SafeRunner.java JFaceUtil.java SafeRunnable.java StructuredViewer.java StructuredViewer.java TreeViewer.java PreferenceDialog.java FilteredPreferenceDialog.java PreferenceDialog.java BusyIndicator.java PreferenceDialog.java Window.java Dialog.java PropertyDialog.java PreferencesUtil.java PreferencesUtil.java ConfigureBuildPathAction.java Action.java ActionContributionItem.java ActionContributionItem.java ActionContributionItem.java EventTable.java Display.java Widget.java Display.java Display.java PartRenderingEngine.java Realm.java PartRenderingEngine.java E4Workbench.java Workbench.java Realm.java Workbench.java PlatformUI.java IDEApplication.java EclipseAppHandle.java EclipseAppLauncher.java EclipseAppLauncher.java EclipseStarter.java EclipseStarter.java Main.java Main.java Main.java,IOException in JavaProject.decodeClasspath,x86_64,2016-12-13T07:55:02.589Z
DefaultUiFreezeEventLogger.java EventLoopMonitorThread.java EventLoopMonitorThread.java,FreezeWarning below RebaseResultDialog.buttonPressed (thrown in FileStore.childInfos),x86_64,2016-11-21T17:08:49.352Z
DefaultUiFreezeEventLogger.java EventLoopMonitorThread.java EventLoopMonitorThread.java,FreezeWarning below AbstractAnnotationHover$AnnotationInformationControl.setInput (thrown in MatchLocator.locateMatches),x86_64,2016-12-12T12:21:02.293Z
BranchOperation.java Workspace.java BranchOperation.java BranchOperationUI.java InternalWorkspaceJob.java Worker.java,LockFailedException in DirCache.lock,x86_64,2016-12-13T07:55:03.177Z
DefaultUiFreezeEventLogger.java EventLoopMonitorThread.java EventLoopMonitorThread.java,FreezeWarning below EventTable.sendEvent (thrown in FileInputStream.readBytes),x86_64,2016-11-21T12:49:31.949Z
DefaultUiFreezeEventLogger.java EventLoopMonitorThread.java EventLoopMonitorThread.java,FreezeWarning below AntEditor.doSetInput (thrown in AntCorePreferences.<init>),x86_64,2016-11-30T09:29:36.141Z
DefaultUiFreezeEventLogger.java EventLoopMonitorThread.java EventLoopMonitorThread.java,FreezeWarning below Display.runAsyncMessages (thrown in COM.VtblCall),x86_64,2016-12-13T07:55:03.842Z
DefaultUiFreezeEventLogger.java EventLoopMonitorThread.java EventLoopMonitorThread.java,FreezeWarning below MethodRequestor.execute (thrown in XMLHandler.getPackageForURI),x86_64,2016-09-19T08:40:06.378Z
FetchCommand.java GitSnippetRepository.java GitSnippetRepository.java EclipseGitSnippetRepository.java Worker.java,NotSupportedException below GitSnippetRepository.fetch (thrown in Transport.open),x86_64,2016-12-11T07:52:53.096Z
DefaultUiFreezeEventLogger.java EventLoopMonitorThread.java EventLoopMonitorThread.java,FreezeWarning below JavaProjectWizard.addPages (thrown in StandardVMType.getJavaHomeLocation),x86_64,2016-12-13T07:55:04.194Z
DefaultUiFreezeEventLogger.java EventLoopMonitorThread.java EventLoopMonitorThread.java,FreezeWarning below StandardVMPage$2.modifyText (thrown in StandardVMType.getLibraryInfo),x86_64,2016-12-13T05:59:17.491Z
DefaultUiFreezeEventLogger.java EventLoopMonitorThread.java EventLoopMonitorThread.java,FreezeWarning below EventTable.sendEvent (thrown in SelectResourcesDialog.setSelection),x86_64,2016-12-13T07:55:05.003Z
JavaReconciler.java SourceViewer.java JavaSourceViewer.java SourceViewer.java ProjectionViewer.java JavaSourceViewer.java TextViewer.java TypedListener.java EventTable.java Display.java Widget.java Widget.java Widget.java Widget.java StyledText.java StyledText.java EventTable.java Display.java Widget.java Widget.java Widget.java Widget.java Composite.java Canvas.java Widget.java Composite.java Widget.java Composite.java Widget.java Composite.java Widget.java Composite.java Widget.java Composite.java Widget.java Composite.java Widget.java Widget.java SWTPartRenderer.java ContributedPartRenderer.java PartRenderingEngine.java PartRenderingEngine.java PartRenderingEngine.java SafeRunner.java PartRenderingEngine.java PartRenderingEngine.java UIEventHandler.java Synchronizer.java UISynchronizer.java Display.java E4Application.java UIEventHandler.java EventHandlerWrapper.java EventHandlerTracker.java EventHandlerTracker.java EventManager.java ListenerQueue.java EventAdminImpl.java EventAdminImpl.java EventComponent.java EventBroker.java UIEventPublisher.java BasicNotifierImpl.java UIElementImpl.java PartServiceImpl.java WorkbenchPage.java WorkbenchPage.java WorkbenchPage.java WorkbenchPage.java CloseAllHandler.java HandlerProxy.java E4HandlerProxy.java DelegatingMethodAccessorImpl.java Method.java MethodRequestor.java InjectorImpl.java InjectorImpl.java ContextInjectionFactory.java HandlerServiceHandler.java Command.java ParameterizedCommand.java HandlerServiceImpl.java LegacyHandlerService.java CommandAction.java ActionContributionItem.java ActionContributionItem.java ActionContributionItem.java EventTable.java Display.java Widget.java Display.java Display.java PartRenderingEngine.java Realm.java PartRenderingEngine.java E4Workbench.java Workbench.java Realm.java Workbench.java PlatformUI.java IDEApplication.java EclipseAppHandle.java EclipseAppLauncher.java EclipseAppLauncher.java EclipseStarter.java EclipseStarter.java NativeMethodAccessorImpl.java NativeMethodAccessorImpl.java DelegatingMethodAccessorImpl.java Method.java Main.java Main.java Main.java Main.java,NullPointerException in JavaReconciler.uninstall,x86_64,2016-12-13T11:40:08.830Z
Synchronizer.java Display.java Display.java PartRenderingEngine.java Realm.java PartRenderingEngine.java E4Workbench.java Workbench.java Realm.java Workbench.java PlatformUI.java IDEApplication.java EclipseAppHandle.java EclipseAppLauncher.java EclipseAppLauncher.java EclipseStarter.java EclipseStarter.java Main.java Main.java Main.java Main.java,NullPointerException in ExportAllDiagramsParameter.getOutputDirectoryPath,x86_64,2016-12-05T07:50:14.584Z
PluginStructureCreator.java PluginStructureCreator.java StructureCreator.java StructureCreator.java StructureCreator.java BusyIndicator.java Utilities.java StructureCreator.java StructureDiffViewer.java StructureDiffViewer.java StructureDiffViewer.java StructureDiffViewer.java StructureDiffViewer.java StructureDiffViewer.java BusyIndicator.java StructureDiffViewer.java StructureDiffViewer.java StructureDiffViewer.java ContentViewer.java StructuredViewer.java CompareViewerSwitchingPane.java CompareStructureViewerSwitchingPane.java CompareEditorInput.java CompareEditorInput.java CompareEditor.java CompareEditor.java CompareEditor.java UILockListener.java UISynchronizer.java RunnableLock.java Synchronizer.java Display.java Display.java PartRenderingEngine.java Realm.java PartRenderingEngine.java E4Workbench.java Workbench.java Realm.java Workbench.java PlatformUI.java IDEApplication.java EclipseAppHandle.java EclipseAppLauncher.java EclipseAppLauncher.java EclipseStarter.java EclipseStarter.java NativeMethodAccessorImpl.java NativeMethodAccessorImpl.java DelegatingMethodAccessorImpl.java Method.java Main.java Main.java Main.java Main.java,SAXParseException below SAXParserWrapper.parse (thrown in AbstractSAXParser.parse),x86_64,2016-12-03T07:47:49.725Z
ResourceResolver.java ResourceResolver.java ResourceResolver.java DynamicVariable.java StringSubstitutionEngine.java StringSubstitutionEngine.java StringSubstitutionEngine.java StringVariableManager.java StringVariableManager.java ExternalToolsCoreUtil.java ProgramLaunchDelegate.java LaunchConfiguration.java LaunchConfiguration.java LaunchConfiguration.java ExternalToolBuilder.java ExternalToolBuilder.java ExternalToolBuilder.java BuildManager.java SafeRunner.java BuildManager.java BuildManager.java BuildManager.java SafeRunner.java BuildManager.java BuildManager.java BuildManager.java AutoBuildJob.java AutoBuildJob.java Worker.java,CoreException in ResourceResolver.abort,x86_64,2016-12-13T10:05:00.690Z
MethodRequestor.java InjectorImpl.java InjectorImpl.java ContextInjectionFactory.java HandlerServiceHandler.java Command.java ParameterizedCommand.java HandlerServiceImpl.java HandledContributionItem.java HandledContributionItem.java HandledContributionItem.java HandledContributionItem.java EventTable.java Display.java Widget.java Widget.java Widget.java Widget.java Display.java Display.java PartRenderingEngine.java Realm.java PartRenderingEngine.java E4Workbench.java Workbench.java Realm.java Workbench.java PlatformUI.java IDEApplication.java EclipseAppHandle.java EclipseAppLauncher.java EclipseAppLauncher.java EclipseStarter.java EclipseStarter.java NativeMethodAccessorImpl.java NativeMethodAccessorImpl.java DelegatingMethodAccessorImpl.java Method.java Main.java Main.java Main.java,NullPointerException in UpgradeXmlResourceVersionHandler.upgradeXmlResourceVersion,x86_64,2016-12-13T13:36:33.771Z
SynchronizeManager.java SynchronizeManager.java SynchronizeManager.java SynchronizeManager.java GitModelSynchronize.java JobListeners.java JobListeners.java JobListeners.java JobManager.java WorkerPool.java Worker.java,ClassCastException in GitModelSynchronizeParticipant.getRepositoryForPath,x86_64,2016-09-19T08:40:06.585Z
AbstractLiveManager.java SwingLiveManager.java AbstractLiveManager.java AbstractLiveManager.java AbstractLiveManager.java AbstractLiveManager.java SwingLiveManager.java ComponentInfo.java ComponentInfo.java SwingScreenshotMaker.java ObjectInfo.java ObjectInfo.java ExecutionUtils.java ObjectInfo.java SwingScreenshotMaker.java ComponentInfo.java ComponentInfo.java ContainerInfo.java ObjectInfo.java ExecutionUtils.java ObjectInfo.java SwingUtils.java SwingUtils.java SwingUtils.java ComponentInfo.java ObjectInfo.java ObjectInfo.java ExecutionUtils.java SetterAccessor.java GenericPropertyImpl.java GenericPropertyImpl.java StaticFieldPropertyEditor.java AbstractComboPropertyEditor.java AbstractComboPropertyEditor.java AbstractComboPropertyEditor.java TypedListener.java EventTable.java Display.java Widget.java Widget.java Widget.java Widget.java CCombo3.java CCombo3.java CCombo3.java EventTable.java Display.java Widget.java Display.java Display.java ExecutionUtils.java SwingUtils.java SwingScreenshotMaker.java ComponentInfo.java ComponentInfo.java ContainerInfo.java ObjectInfo.java ExecutionUtils.java ObjectInfo.java SwingUtils.java SwingUtils.java SwingUtils.java ComponentInfo.java ObjectInfo.java ObjectInfo.java ExecutionUtils.java SetterAccessor.java GenericPropertyImpl.java GenericPropertyImpl.java StaticFieldPropertyEditor.java AbstractComboPropertyEditor.java AbstractComboPropertyEditor.java AbstractComboPropertyEditor.java TypedListener.java EventTable.java Display.java Widget.java Widget.java Widget.java Widget.java CCombo3.java CCombo3.java CCombo3.java EventTable.java Display.java Widget.java Display.java Display.java PartRenderingEngine.java Realm.java PartRenderingEngine.java E4Workbench.java Workbench.java Realm.java Workbench.java PlatformUI.java IDEApplication.java EclipseAppHandle.java EclipseAppLauncher.java EclipseAppLauncher.java EclipseStarter.java EclipseStarter.java NativeMethodAccessorImpl.java NativeMethodAccessorImpl.java DelegatingMethodAccessorImpl.java Method.java Main.java Main.java Main.java,ClassCastException in AbstractLiveManager.createClone,x86,2016-12-13T07:55:05.886Z
TypedListener.java EventTable.java Display.java Widget.java Display.java Display.java PartRenderingEngine.java Realm.java PartRenderingEngine.java E4Workbench.java Workbench.java Realm.java Workbench.java PlatformUI.java IDEApplication.java EclipseAppHandle.java EclipseAppLauncher.java EclipseAppLauncher.java EclipseStarter.java EclipseStarter.java Main.java Main.java Main.java,NullPointerException in Figure.getFigureCanvas,x86_64,2016-12-13T06:55:32.113Z
ASTNode.java ASTNode.java AstEditor.java AbstractInsideStatementGenerator.java FlatStatementGenerator.java JavaInfoUtils.java JavaInfoUtils.java JavaInfoUtils.java LayoutInfo.java AbstractAbsoluteLayoutInfo.java AbsoluteLayoutEditPolicy.java EditCommand.java ExecutionUtils.java EditCommand.java EditDomain.java Tool.java AbstractCreationTool.java Tool.java EditDomain.java EditEventManager.java EventManager.java TypedListener.java EventTable.java Display.java Widget.java Display.java Display.java PartRenderingEngine.java Realm.java PartRenderingEngine.java E4Workbench.java Workbench.java Realm.java Workbench.java PlatformUI.java IDEApplication.java EclipseAppHandle.java EclipseAppLauncher.java EclipseAppLauncher.java EclipseStarter.java EclipseStarter.java Main.java Main.java Main.java,IllegalArgumentException in ASTNode.checkNewChild,x86_64,2016-12-12T20:21:46.807Z
SecurePreferencesRoot.java SecurePreferencesRoot.java SecurePreferences.java SecurePreferencesWrapper.java EGitSecureStore.java SecureStoreUtils.java EGitCredentialsProvider.java HttpAuthMethod.java TransportHttp.java TransportHttp.java FetchProcess.java FetchProcess.java Transport.java FetchCommand.java PullCommand.java PullOperation.java Workspace.java PullOperation.java PullOperationUI.java PullOperationUI.java InternalWorkspaceJob.java Worker.java,StorageException below EGitSecureStore.getCredentials (thrown in SecurePreferencesRoot.getModulePassword),x86_64,2016-12-09T04:27:57.772Z
ResourceTextFileBuffer.java ResourceFileBuffer.java ResourceFileBuffer.java ResourceFileBuffer.java NotificationManager.java SafeRunner.java NotificationManager.java NotificationManager.java Workspace.java Workspace.java Resource.java TaglibHelperManager.java Resource.java ElementTreeIterator.java ElementTreeIterator.java ElementTreeIterator.java ElementTreeIterator.java ElementTreeIterator.java ElementTreeIterator.java ElementTreeIterator.java ElementTreeIterator.java Resource.java Resource.java TaglibHelperManager.java Worker.java,NullPointerException below TaglibHelperManager$2.visit (thrown in ResourceTextFileBuffer.handleFileContentChanged),x86_64,2016-12-12T07:55:11.012Z
DefaultUiFreezeEventLogger.java EventLoopMonitorThread.java EventLoopMonitorThread.java,FreezeWarning below CatalogSwitcher$2.mouseUp (thrown in SocketInputStream.socketRead0),x86,2016-09-19T08:40:06.687Z
WorkingSetModel.java WorkingSetModel.java WorkingSetModel.java WorkingSetModel.java WorkingSetModel.java AbstractWorkingSetManager.java SafeRunner.java AbstractWorkingSetManager.java RunnableLock.java Synchronizer.java Display.java Display.java ModalContext.java ModalContext.java RefactoringWizardDialog2.java RefactoringWizard.java UserInputWizardPage.java DeleteResourcesWizard.java RefactoringWizard.java RefactoringWizardDialog2.java Dialog.java Dialog.java TypedListener.java EventTable.java Display.java Widget.java Display.java Display.java Window.java Window.java RefactoringWizardOpenOperation.java BusyIndicator.java RefactoringWizardOpenOperation.java RefactoringWizardOpenOperation.java DeleteResourcesHandler.java HandlerProxy.java E4HandlerProxy.java NativeMethodAccessorImpl.java NativeMethodAccessorImpl.java DelegatingMethodAccessorImpl.java Method.java MethodRequestor.java InjectorImpl.java InjectorImpl.java ContextInjectionFactory.java HandlerServiceHandler.java Command.java ParameterizedCommand.java HandlerServiceImpl.java LegacyHandlerService.java LTKLauncher.java LTKLauncher.java DeleteResourceAction.java DeleteAction.java SelectionDispatchAction.java SelectionDispatchAction.java Action.java ActionHandler.java E4HandlerProxy.java NativeMethodAccessorImpl.java NativeMethodAccessorImpl.java DelegatingMethodAccessorImpl.java Method.java MethodRequestor.java InjectorImpl.java InjectorImpl.java ContextInjectionFactory.java HandlerServiceHandler.java Command.java ParameterizedCommand.java HandlerServiceImpl.java KeyBindingDispatcher.java KeyBindingDispatcher.java KeyBindingDispatcher.java OutOfOrderListener.java EventTable.java Display.java Widget.java Widget.java Widget.java Widget.java Widget.java Widget.java Control.java Tree.java Control.java Tree.java Display.java OS.java OS.java Display.java PartRenderingEngine.java Realm.java PartRenderingEngine.java E4Workbench.java Workbench.java Realm.java Workbench.java PlatformUI.java IDEApplication.java EclipseAppHandle.java EclipseAppLauncher.java EclipseAppLauncher.java EclipseStarter.java EclipseStarter.java NativeMethodAccessorImpl.java NativeMethodAccessorImpl.java DelegatingMethodAccessorImpl.java Method.java Main.java Main.java Main.java,NullPointerException in WorkingSetModel$ElementMapper.addElement,x86_64,2016-11-24T07:52:26.087Z
JavaExceptionBreakpoint.java JavaBreakpoint.java EventDispatcher.java EventDispatcher.java EventDispatcher.java Worker.java,NullPointerException in JavaExceptionBreakpoint.handleBreakpointEvent,x86_64,2016-12-13T07:55:06.131Z
RefactoringCorePlugin.java RefactoringHistoryService.java RefactoringHistoryService.java RefactoringHistoryService.java RefactoringHistoryService.java DefaultOperationHistory.java SafeRunner.java DefaultOperationHistory.java DefaultOperationHistory.java DefaultOperationHistory.java UndoManager2.java PerformChangeOperation.java Workspace.java PerformChangeOperation.java UIPerformChangeOperation.java PerformChangeOperation.java Workspace.java WorkbenchRunnableAdapter.java ModalContext.java,NoStackTrace in RefactoringHistoryService.checkDescriptor,x86_64,2016-12-08T07:49:56.256Z
RefactoringHistoryManager.java RefactoringHistoryService.java RefactoringHistoryService.java RefactoringHistoryService.java RefactoringHistoryService.java DefaultOperationHistory.java SafeRunner.java DefaultOperationHistory.java DefaultOperationHistory.java DefaultOperationHistory.java UndoManager2.java PerformChangeOperation.java Workspace.java PerformChangeOperation.java UIPerformChangeOperation.java PerformChangeOperation.java Workspace.java WorkbenchRunnableAdapter.java ModalContext.java,CoreException in RefactoringHistoryManager.checkArgumentMap,x86_64,2016-12-08T07:49:56.447Z
DefaultUiFreezeEventLogger.java EventLoopMonitorThread.java EventLoopMonitorThread.java,FreezeWarning below Display.runAsyncMessages (thrown in LocalFileNatives.internalGetFileInfoW),x86_64,2016-12-13T07:55:06.427Z
ResizableDialog.java Dialog.java StringPropertyDialog.java Dialog.java Dialog.java TypedListener.java EventTable.java Display.java Widget.java Display.java Display.java Window.java Window.java StringPropertyEditor.java StringPropertyEditor.java StringPropertyEditor.java ButtonPropertyEditorPresentationImpl.java EventTable.java Display.java Widget.java Display.java Display.java PartRenderingEngine.java Realm.java PartRenderingEngine.java E4Workbench.java Workbench.java Realm.java Workbench.java PlatformUI.java IDEApplication.java EclipseAppHandle.java EclipseAppLauncher.java EclipseAppLauncher.java EclipseStarter.java EclipseStarter.java Main.java Main.java Main.java Main.java,NullPointerException in ResizableDialog.close,x86_64,2016-12-04T12:11:49.320Z
WorkbenchErrorHandler.java IDEWorkbenchErrorHandler.java WorkbenchErrorHandlerProxy.java StatusManager.java StatusManager.java MarketplaceWizard.java ModalContext.java,NoStackTrace in MarketplaceWizard$6.run,x86_64,2016-09-19T08:40:06.774Z
ReadManager.java Parser.java Parser.java Parser.java Compiler.java Compiler.java Compiler.java AbstractImageBuilder.java BatchImageBuilder.java AbstractImageBuilder.java BatchImageBuilder.java BatchImageBuilder.java CheckUniqueCallinCapture.java CheckUniqueCallinCapture.java CheckUniqueCallinCapture.java BatchImageBuilder.java BatchImageBuilder.java BatchImageBuilder.java JavaBuilder.java JavaBuilder.java BuildManager.java SafeRunner.java BuildManager.java BuildManager.java BuildManager.java SafeRunner.java BuildManager.java BuildManager.java BuildManager.java AutoBuildJob.java AutoBuildJob.java Worker.java,NullPointerException in ReadManager.getContents,x86_64,2016-12-13T01:58:49.257Z
Q7ExtLaunchingPlugin.java ExternalAUTMainTab.java ExternalAUTMainTab.java AbstractLauncherTab.java AbstractLaunchConfigurationTab.java UIJob.java RunnableLock.java Synchronizer.java Display.java Display.java ModalContext.java ModalContext.java ProgressMonitorDialog.java TimeTriggeredProgressMonitorDialog.java TimeTriggeredProgressMonitorDialog.java BusyIndicator.java TimeTriggeredProgressMonitorDialog.java AUTLocationBlock.java AUTLocationBlock.java ExternalAUTMainTab.java AbstractPDELaunchConfigurationTabGroup.java BusyIndicator.java AbstractPDELaunchConfigurationTabGroup.java LaunchConfigurationTabGroupWrapper.java LaunchConfigurationTabGroupViewer.java LaunchConfigurationTabGroupViewer.java BusyIndicator.java LaunchConfigurationTabGroupViewer.java LaunchConfigurationTabGroupViewer.java LaunchConfigurationTabGroupViewer.java LaunchConfigurationsDialog.java LaunchConfigurationsDialog.java StructuredViewer.java SafeRunner.java JFaceUtil.java SafeRunnable.java StructuredViewer.java StructuredViewer.java TreeViewer.java Viewer.java LaunchConfigurationsDialog.java LaunchConfigurationsDialog.java LaunchConfigurationsDialog.java Window.java Dialog.java LaunchConfigurationsDialog.java Window.java LaunchConfigurationsDialog.java DebugUITools.java BusyIndicator.java DebugUITools.java DebugUITools.java OpenLaunchDialogAction.java Action.java ActionContributionItem.java ActionContributionItem.java ActionContributionItem.java EventTable.java Display.java Widget.java Widget.java Widget.java Widget.java Display.java Display.java PartRenderingEngine.java Realm.java PartRenderingEngine.java E4Workbench.java Workbench.java Realm.java Workbench.java PlatformUI.java IDEApplication.java EclipseAppHandle.java EclipseAppLauncher.java EclipseAppLauncher.java EclipseStarter.java EclipseStarter.java NativeMethodAccessorImpl.java NativeMethodAccessorImpl.java DelegatingMethodAccessorImpl.java Method.java Main.java Main.java Main.java,NoStackTrace in ExternalAUTMainTab.setStatus,x86_64,2016-11-22T07:51:35.625Z
URLUtil.java MarketplaceDiscoveryStrategy.java MarketplaceDiscoveryStrategy.java Catalog.java MarketplaceCatalog.java CatalogViewer.java ModalContext.java,IllegalArgumentException below URLUtil.toURL (thrown in URI.toURL),x86_64,2016-09-19T08:40:06.804Z
StashApplyOperation.java Workspace.java StashApplyOperation.java StashApplyCommand.java InternalWorkspaceJob.java Worker.java,TeamException in StashApplyOperation$1.run,x86_64,2016-12-13T07:55:06.780Z
CheckoutCommand.java DirCacheEditor.java DirCacheEditor.java BaseDirCacheEditor.java DirCacheEditor.java CheckoutCommand.java CheckoutCommand.java CheckoutCommand.java DiscardChangesOperation.java DiscardChangesOperation.java DiscardChangesOperation.java DiscardChangesOperation.java Workspace.java DiscardChangesOperation.java DiscardChangesActionHandler.java InternalWorkspaceJob.java Worker.java,UnmergedPathException in CheckoutCommand$1.apply,x86_64,2016-12-13T12:49:08.386Z
Bindings.java Bindings.java MethodExitsFinder.java TryStatement.java ASTNode.java ASTNode.java Block.java ASTNode.java ASTNode.java MethodDeclaration.java ASTNode.java MethodExitsFinder.java MethodExitsFinder.java MethodExitsFinder.java JavaEditor.java JavaEditor.java Workbench.java SafeRunner.java Workbench.java WorkbenchWindow.java TypedListener.java EventTable.java Display.java Widget.java Widget.java Widget.java Decorations.java Shell.java Control.java Canvas.java Decorations.java Shell.java Display.java OS.java Control.java Shell.java Widget.java Widget.java Decorations.java Shell.java Window.java Dialog.java InternalDialog.java Dialog.java Dialog.java InternalDialog.java Dialog.java TypedListener.java EventTable.java Display.java Widget.java Display.java Display.java PartRenderingEngine.java Realm.java PartRenderingEngine.java E4Workbench.java Workbench.java Realm.java Workbench.java PlatformUI.java IDEApplication.java EclipseAppHandle.java EclipseAppLauncher.java EclipseAppLauncher.java EclipseStarter.java EclipseStarter.java NativeMethodAccessorImpl.java NativeMethodAccessorImpl.java DelegatingMethodAccessorImpl.java Method.java Main.java Main.java Main.java Main.java,NullPointerException in Bindings.findMethodInType,x86_64,2016-12-11T14:40:10.544Z
DefaultUiFreezeEventLogger.java EventLoopMonitorThread.java EventLoopMonitorThread.java,FreezeWarning below BuildpathModifierAction.selectionChanged (thrown in Object.wait),x86_64,2016-12-11T07:52:59.255Z
DirCacheCheckout.java DirCacheCheckout.java DirCacheCheckout.java ResetCommand.java ResetCommand.java ResetOperation.java ResetOperation.java ResetOperation.java Workspace.java ResetOperation.java JobUtil.java InternalWorkspaceJob.java Worker.java,CheckoutConflictException in DirCacheCheckout.cleanUpConflicts,x86_64,2016-12-07T01:58:10.464Z
JavaScriptPlugin.java JavadocHover.java AbstractJavaEditorTextHover.java BestMatchHover.java JavaEditorTextHoverProxy.java TextViewerHoverManager.java,NoStackTrace in JavadocHover.getHoverInfo,x86_64,2016-12-12T07:55:12.361Z
DefaultUiFreezeEventLogger.java EventLoopMonitorThread.java EventLoopMonitorThread.java,FreezeWarning below EmptyProjectWizard.performFinish (thrown in Thread.sleep),x86_64,2016-12-13T07:55:07.006Z
DefaultUiFreezeEventLogger.java EventLoopMonitorThread.java EventLoopMonitorThread.java,FreezeWarning below EventTable.sendEvent (thrown in StatusImpl.accept),x86_64,2016-12-13T07:55:07.255Z
Marker.java Marker.java CorrectionMarkerResolutionGenerator.java CorrectionMarkerResolutionGenerator.java QuickFixHandler.java ModalContext.java ModalContext.java ProgressMonitorDialog.java ProgressManager.java BusyIndicator.java ProgressManager.java Synchronizer.java UISynchronizer.java Display.java ProgressManager.java WorkbenchSiteProgressService.java QuickFixHandler.java HandlerProxy.java E4HandlerProxy.java DelegatingMethodAccessorImpl.java Method.java MethodRequestor.java InjectorImpl.java InjectorImpl.java ContextInjectionFactory.java HandlerServiceHandler.java Command.java ParameterizedCommand.java HandlerServiceImpl.java HandledContributionItem.java HandledContributionItem.java HandledContributionItem.java HandledContributionItem.java EventTable.java Display.java Widget.java Display.java Display.java PartRenderingEngine.java Realm.java PartRenderingEngine.java E4Workbench.java Workbench.java Realm.java Workbench.java PlatformUI.java IDEApplication.java EclipseAppHandle.java EclipseAppLauncher.java EclipseAppLauncher.java EclipseStarter.java EclipseStarter.java NativeMethodAccessorImpl.java NativeMethodAccessorImpl.java DelegatingMethodAccessorImpl.java Method.java Main.java Main.java Main.java Main.java,ResourceException below CorrectionMarkerResolutionGenerator$CorrectionMarkerResolution.getMarkersForFiles (thrown in Marker.checkInfo),x86_64,2016-12-07T07:57:38.790Z
SemanticUMLContentProvider.java SemanticUMLContentProvider.java ServiceEditFilteredContentProvider.java UMLContentProvider.java UMLContentProvider.java UMLContentProvider.java UMLContentProvider.java UMLModelElement.java DataSource.java StringMultilineWithReferences.java CommentBodyEditor.java AbstractPropertyEditor.java AbstractPropertyEditor.java DelegatingMethodAccessorImpl.java Method.java BeanProperty.java ResourceLoader.java ResourceLoader.java ResourceLoader.java ResourceLoader.java ResourceLoader.java ResourceLoader.java Core.java Core.java Core.java XWTLoader.java XWT.java DefaultDisplayEngine.java DefaultDisplayEngine.java XWTSection.java XWTSection.java EditionDialog.java EditionDialog.java Window.java PropertyEditorFactory.java EcorePropertyEditorFactory.java EcorePropertyEditorFactory.java IAtomicOperationExecutor.java EObjectAdapterFactory.java RecordingCommand.java EMFCommandOperation.java AbstractEMFOperation.java DefaultOperationHistory.java CheckedOperationHistory.java NotifyingWorkspaceCommandStack.java AbstractTransactionalCommandStack.java AbstractTransactionalCommandStack.java NestingNotifyingWorkspaceCommandStack.java NestingNotifyingWorkspaceCommandStack.java NestingNotifyingWorkspaceCommandStack.java EObjectAdapterFactory.java IAtomicOperationExecutor.java EcorePropertyEditorFactory.java PropertyEditorFactory.java EcorePropertyEditorFactory.java EcorePropertyEditorFactory.java MultipleValueEditor.java EObjectAdapterFactory.java RecordingCommand.java EMFCommandOperation.java AbstractEMFOperation.java DefaultOperationHistory.java CheckedOperationHistory.java NotifyingWorkspaceCommandStack.java AbstractTransactionalCommandStack.java AbstractTransactionalCommandStack.java NestingNotifyingWorkspaceCommandStack.java EObjectAdapterFactory.java MultipleValueEditor.java MultipleValueEditor.java TypedListener.java EventTable.java Display.java Widget.java Display.java Display.java PartRenderingEngine.java Realm.java PartRenderingEngine.java E4Workbench.java Workbench.java Realm.java Workbench.java PlatformUI.java IDEApplication.java EclipseAppHandle.java EclipseAppLauncher.java EclipseAppLauncher.java EclipseStarter.java EclipseStarter.java NativeMethodAccessorImpl.java NativeMethodAccessorImpl.java DelegatingMethodAccessorImpl.java Method.java Main.java Main.java Main.java Main.java,IllegalArgumentException in SemanticUMLContentProvider.getRoots,x86_64,2016-09-19T08:40:07.371Z
DefaultUiFreezeEventLogger.java EventLoopMonitorThread.java EventLoopMonitorThread.java,FreezeWarning below MarketplaceWizardCommand.execute (thrown in HttpURLConnection.getInputStream0),x86_64,2016-12-03T07:47:54.531Z
JavaScriptUnitResolver.java ASTParser.java ASTParser.java ASTProvider.java SafeRunner.java ASTProvider.java ASTProvider.java SelectionListenerWithASTManager.java SelectionListenerWithASTManager.java Worker.java,NullPointerException in JavaScriptUnitResolver.resolve,x86_64,2016-09-19T08:40:07.402Z
SWT.java SWT.java SWT.java Widget.java Widget.java Tree.java TreeViewer.java TreeViewer.java AbstractTreeViewer.java StructuredViewer.java AbstractTreeViewer.java StructuredViewer.java TreeViewer.java StructuredViewer.java StructuredViewer.java ColumnViewer.java StructuredViewer.java RuntimeClasspathViewer.java EclipsePreferences.java SafeRunner.java EclipsePreferences.java EclipsePreferences.java JREsUpdater.java ModalContext.java,SWTException below RuntimeClasspathViewer$1.preferenceChange (thrown in Widget.checkWidget),x86_64,2016-12-12T07:55:12.541Z
Folder.java Folder.java ProjectPreferences.java ProjectPreferences.java EclipsePreferences.java ProjectPreferences.java ProjectPreferences.java CharsetManager.java CharsetManager.java Container.java ProjectConfigurationManager.java ProjectConfigurationManager.java ProjectConfigurationManager.java ProjectConfigurationManager.java MavenExecutionContext.java MavenExecutionContext.java MavenExecutionContext.java MavenImpl.java ProjectConfigurationManager.java UpdateMavenProjectJob.java InternalWorkspaceJob.java Worker.java,ResourceException below ProjectConfigurationManager.updateProjectConfiguration (thrown in Folder.assertCreateRequirements),x86_64,2016-12-11T07:52:59.755Z
MultiOperation.java CopyResourceElementsOperation.java MultiOperation.java JavaModelOperation.java Workspace.java JavaModelOperation.java JavaModel.java PackageFragment.java RenamePackageChange.java RenamePackageChange.java AbstractJavaElementRenameChange.java CompositeChange.java DynamicValidationStateChange.java DynamicValidationStateChange.java BatchOperation.java JavaModelOperation.java Workspace.java JavaCore.java DynamicValidationStateChange.java CompositeChange.java PerformChangeOperation.java Workspace.java PerformChangeOperation.java UIPerformChangeOperation.java PerformChangeOperation.java Workspace.java WorkbenchRunnableAdapter.java ModalContext.java,ResourceException below CopyResourceElementsOperation.processPackageFragmentResource (thrown in Resource.move),x86_64,2016-12-12T07:55:13.251Z
DefaultUiFreezeEventLogger.java EventLoopMonitorThread.java EventLoopMonitorThread.java,FreezeWarning below BuildpathModifierAction.selectionChanged (thrown in ZipFile.read),x86_64,2016-12-11T07:53:00.930Z
LabelEditPart.java AdaptExpression.java CompositeExpression.java IterateExpression.java CompositeExpression.java WithExpression.java CompositeExpression.java OrExpression.java ReferenceExpression.java EvaluationReference.java EvaluationReference.java EvaluationReference.java TrackableComputationExt.java EclipseContext.java EclipseContext.java EvaluationService.java TrackableComputationExt.java EclipseContext.java EclipseContext.java EclipseContext.java EclipseContext.java ShellActivationListener.java SafeRunner.java ShellActivationListener.java ShellActivationListener.java EventTable.java Display.java Widget.java Widget.java Widget.java Decorations.java Shell.java Control.java Canvas.java Decorations.java Shell.java Display.java OS.java Control.java Shell.java Widget.java Widget.java Decorations.java Shell.java Window.java Dialog.java InternalDialog.java Window.java TrayDialog.java Window.java TypedListener.java EventTable.java Display.java Widget.java Widget.java Widget.java Decorations.java Decorations.java Control.java Canvas.java Decorations.java Shell.java Display.java OS.java OS.java Shell.java Control.java Canvas.java Decorations.java Shell.java Display.java OS.java OS.java Shell.java Control.java Canvas.java Decorations.java Shell.java Display.java OS.java OS.java Display.java PartRenderingEngine.java Realm.java PartRenderingEngine.java E4Workbench.java Workbench.java Realm.java Workbench.java PlatformUI.java IDEApplication.java EclipseAppHandle.java EclipseAppLauncher.java EclipseAppLauncher.java EclipseStarter.java EclipseStarter.java Main.java Main.java Main.java Main.java,NullPointerException in LabelEditPart.getAdapter,x86,2016-12-02T07:50:58.737Z
DefaultUiFreezeEventLogger.java EventLoopMonitorThread.java EventLoopMonitorThread.java,FreezeWarning below PackageExplorerContentProvider$1.runInUIThread (thrown in JavaProject.resolveClasspath),x86_64,2016-12-08T07:49:59.520Z
OccurrencesFinder.java OccurrencesFinder.java QualifiedName.java ASTNode.java ASTNode.java PackageDeclaration.java ASTNode.java ASTNode.java CompilationUnit.java ASTNode.java OccurrencesFinder.java OccurrencesFinder.java JavaEditor.java JavaEditor.java SelectionListenerWithASTManager.java SelectionListenerWithASTManager.java Worker.java,LinkageError in OccurrencesFinder.addUsage,x86_64,2016-12-13T01:03:21.971Z
TextMergeViewer.java TextMergeViewer.java ContentMergeViewer.java TextMergeViewer.java ContentMergeViewer.java SaveableCompareEditorInput.java SafeRunner.java SaveableCompareEditorInput.java SaveableCompareEditorInput.java AbstractCompareInput.java SafeRunner.java AbstractCompareInput.java ResourceDiffCompareInput.java ResourceDiffCompareInput.java CompareInputChangeNotifier.java CompareInputChangeNotifier.java CompareInputChangeNotifier.java UILockListener.java UISynchronizer.java RunnableLock.java Synchronizer.java Display.java Display.java PartRenderingEngine.java Realm.java PartRenderingEngine.java E4Workbench.java Workbench.java Realm.java Workbench.java PlatformUI.java IDEApplication.java EclipseAppHandle.java EclipseAppLauncher.java EclipseAppLauncher.java EclipseStarter.java EclipseStarter.java NativeMethodAccessorImpl.java NativeMethodAccessorImpl.java DelegatingMethodAccessorImpl.java Method.java Main.java Main.java Main.java Main.java,NullPointerException in TextMergeViewer.flushRightSide,x86_64,2016-12-08T07:50:01.146Z
DefaultUiFreezeEventLogger.java EventLoopMonitorThread.java EventLoopMonitorThread.java,FreezeWarning in AbstractGuiceAwareExecutableExtensionFactory.create,x86_64,2016-12-08T07:50:01.369Z
TextMergeViewer.java TextMergeViewer.java TextMergeViewer.java UIJob.java RunnableLock.java Synchronizer.java Display.java Display.java PartRenderingEngine.java Realm.java PartRenderingEngine.java E4Workbench.java Workbench.java Realm.java Workbench.java PlatformUI.java IDEApplication.java EclipseAppHandle.java EclipseAppLauncher.java EclipseAppLauncher.java EclipseStarter.java EclipseStarter.java NativeMethodAccessorImpl.java NativeMethodAccessorImpl.java DelegatingMethodAccessorImpl.java Method.java Main.java Main.java Main.java,NullPointerException in TextMergeViewer.doDiff,x86_64,2016-12-12T07:55:14.503Z
DefaultUiFreezeEventLogger.java EventLoopMonitorThread.java EventLoopMonitorThread.java,FreezeWarning below XtextEditor.createPartControl (thrown in ImportScope.getLocalElementsByName),x86_64,2016-10-28T18:48:52.821Z
ClassFileStruct.java AnnotationInfo.java AnnotationInfo.java AnnotationInfo.java ClassFileReader.java ClassFileReader.java ClassFileReader.java IncrementalImageBuilder.java IncrementalImageBuilder.java AbstractImageBuilder.java AbstractImageBuilder.java Compiler.java AbstractImageBuilder.java IncrementalImageBuilder.java AbstractImageBuilder.java IncrementalImageBuilder.java JavaBuilder.java JavaBuilder.java BuildManager.java SafeRunner.java BuildManager.java BuildManager.java BuildManager.java SafeRunner.java BuildManager.java BuildManager.java BuildManager.java AutoBuildJob.java AutoBuildJob.java Worker.java,ArrayIndexOutOfBoundsException in ClassFileStruct.utf8At,x86_64,2016-12-09T20:13:10.364Z
Tomcat70Configuration.java TomcatServer.java TomcatServerBehaviour.java TomcatServerBehaviour.java ServerBehaviourDelegate.java ServerBehaviourDelegate.java Server.java Server.java Worker.java,CoreException in Tomcat70Configuration.load,x86_64,2016-12-13T07:55:07.913Z
JobManager.java WorkerPool.java Worker.java,CVSServerException in UpdateContentCachingService.cacheFileContents,x86_64,2016-12-09T07:52:32.317Z
String.java Buffer.java TypeOccurrenceCollector.java CreateCopyOfCompilationUnitChange.java RefactoringSearchEngine2.java MatchLocator.java TypeReferenceLocator.java TypeReferenceLocator.java OrLocator.java MatchLocator.java MatchLocator.java MatchLocator.java MatchLocator.java MatchLocator.java MatchLocator.java MatchLocator.java MatchLocator.java JavaSearchParticipant.java BasicSearchEngine.java BasicSearchEngine.java SearchEngine.java RefactoringSearchEngine2.java CreateCopyOfCompilationUnitChange.java CreateCopyOfCompilationUnitChange.java CreateCopyOfCompilationUnitChange.java CreateCopyOfCompilationUnitChange.java CreateFileChange.java CreateCopyOfCompilationUnitChange.java CompositeChange.java DynamicValidationStateChange.java DynamicValidationStateChange.java BatchOperation.java JavaModelOperation.java Workspace.java JavaCore.java DynamicValidationStateChange.java JavaCopyProcessor.java CompositeChange.java PerformChangeOperation.java Workspace.java PerformChangeOperation.java PerformChangeOperation.java RefactoringExecutionHelper.java BatchOperation.java JavaModelOperation.java Workspace.java JavaCore.java WorkbenchRunnableAdapter.java ModalContext.java ModalContext.java WorkbenchWindow.java BusyIndicator.java WorkbenchWindow.java RefactoringExecutionHelper.java RefactoringExecutionHelper.java ReorgCopyStarter.java PasteAction.java PasteAction.java SelectionDispatchAction.java SelectionDispatchAction.java Action.java ActionHandler.java E4HandlerProxy.java DelegatingMethodAccessorImpl.java Method.java MethodRequestor.java InjectorImpl.java InjectorImpl.java ContextInjectionFactory.java HandlerServiceHandler.java Command.java ParameterizedCommand.java HandlerServiceImpl.java KeyBindingDispatcher.java KeyBindingDispatcher.java KeyBindingDispatcher.java KeyBindingDispatcher.java KeyBindingDispatcher.java KeyBindingDispatcher.java EventTable.java Display.java Display.java Widget.java Widget.java Widget.java Widget.java Widget.java Tree.java Control.java Composite.java Tree.java Display.java OS.java Widget.java Widget.java Shell.java Display.java OS.java Display.java Display.java OS.java NSApplication.java Display.java PartRenderingEngine.java Realm.java PartRenderingEngine.java E4Workbench.java Workbench.java Realm.java Workbench.java PlatformUI.java IDEApplication.java EclipseAppHandle.java EclipseAppLauncher.java EclipseAppLauncher.java EclipseStarter.java EclipseStarter.java NativeMethodAccessorImpl.java NativeMethodAccessorImpl.java DelegatingMethodAccessorImpl.java Method.java Main.java Main.java Main.java,StringIndexOutOfBoundsException below Buffer.getText (thrown in String.<init>),x86_64,2016-12-12T21:53:02.439Z
AddCommand.java CommitOperation.java CommitOperation.java CommitOperation.java Workspace.java CommitOperation.java CommitJob.java Worker.java,FileNotFoundException below FileTreeIterator$FileEntry.openInputStream (thrown in FileInputStream.open),x86_64,2016-11-25T13:55:11.882Z
DefaultUiFreezeEventLogger.java EventLoopMonitorThread.java EventLoopMonitorThread.java,FreezeWarning below ProcessPropertyPage.createControl (thrown in TextLayout.shape),x86_64,2016-11-25T07:47:40.171Z
DefaultUiFreezeEventLogger.java EventLoopMonitorThread.java EventLoopMonitorThread.java,FreezeWarning below StagingView$43.run (thrown in StagingViewContentProvider.inputChanged),x86_64,2016-09-19T08:40:08.065Z
Assert.java Assert.java ConnectionBendpointEditPolicy.java ConnectionBendpointEditPolicy.java ConnectionBendpointEditPolicy.java AbstractEditPart.java ConnectionEditPart.java SimpleDragTracker.java SimpleDragTracker.java AbstractTool.java SelectionTool.java EditDomain.java DomainEventDispatcher.java LightweightSystem.java TypedListener.java EventTable.java Display.java Widget.java Display.java Display.java PartRenderingEngine.java Realm.java PartRenderingEngine.java E4Workbench.java Workbench.java Realm.java Workbench.java PlatformUI.java IDEApplication.java EclipseAppHandle.java EclipseAppLauncher.java EclipseAppLauncher.java EclipseStarter.java EclipseStarter.java Main.java Main.java Main.java Main.java,AssertionFailedException in ConnectionBendpointEditPolicy.saveOriginalConstraint,x86_64,2016-09-19T08:40:08.079Z
ConnectionBendpointEditPolicy.java ConnectionBendpointEditPolicy.java AbstractEditPart.java ConnectionEditPart.java SimpleDragTracker.java SimpleDragTracker.java AbstractTool.java SelectionTool.java EditDomain.java DomainEventDispatcher.java LightweightSystem.java TypedListener.java EventTable.java Display.java Widget.java Display.java Display.java PartRenderingEngine.java Realm.java PartRenderingEngine.java E4Workbench.java Workbench.java Realm.java Workbench.java PlatformUI.java IDEApplication.java EclipseAppHandle.java EclipseAppLauncher.java EclipseAppLauncher.java EclipseStarter.java EclipseStarter.java Main.java Main.java Main.java Main.java,IndexOutOfBoundsException below ConnectionBendpointEditPolicy.showMoveOrthogonalBenspointFeedback (thrown in ArrayList.rangeCheck),x86_64,2016-11-11T07:58:11.705Z
ConnectionProfileMgmt.java ConnectionProfileMgmt.java ConnectionProfileMgmt.java ConnectionProfileMgmt.java InternalProfileManager.java InternalProfileManager.java ProfileManager.java DTPConnectionProfileFactory.java GenericJpaDataSource.java GenericJpaDataSource.java AbstractJpaFactory.java AbstractJpaProject.java GenericJpaProject.java AbstractJpaFactory.java GenericJpaFactory2_0.java InternalJpaProjectManager.java InternalJpaProjectManager.java InternalJpaProjectManager.java InternalJpaProjectManager.java InternalJpaProjectManager.java InternalJpaProjectManager.java CommandJobCommandAdapter.java JobCommandJob.java Worker.java,NullPointerException in ConnectionProfileMgmt.readCPsFromXML1_0,x86_64,2016-12-13T07:55:08.333Z
DeadlockDetector.java DeadlockDetector.java LockManager.java OrderedLock.java OrderedLock.java OrderedLock.java ProjectDescription.java ProjectDescription.java ProjectDescription.java ProjectDescription.java ProjectDescription.java ProjectDescription.java TaglibIndex.java TaglibIndex.java TLDCMDocumentManager.java TLDCMDocumentManager.java TLDCMDocumentManager.java TLDCMDocumentManager.java TLDCMDocumentManager.java TLDCMDocumentManager.java TLDCMDocumentManager.java XMLSourceParser.java JSPSourceParser.java XMLSourceParser.java TLDCMDocumentManager.java TLDCMDocumentManager.java TLDCMDocumentManager.java TLDCMDocumentManager.java XMLSourceParser.java JSPSourceParser.java XMLSourceParser.java StructuredDocumentReParser.java StructuredDocumentReParser.java JSPReParser.java StructuredDocumentReParser.java BasicStructuredDocument.java BasicStructuredDocument.java BasicStructuredDocument.java BasicStructuredDocument.java ResourceTextFileBuffer.java ResourceTextFileBuffer.java ResourceFileBuffer.java TextFileBufferManager.java FileBufferModelManager.java ModelManagerImpl.java ModelManagerImpl.java ModelManagerImpl.java ModelManagerImpl.java JSPSearchDocument.java JSPSearchDocument.java JavaSearchDocumentDelegate.java JSPSearchSupport.java JSPSearchSupport.java JSPIndexManager.java AbstractIndexManager.java SafeRunner.java AbstractIndexManager.java Worker.java,IllegalStateException below ProjectDescription.ensureUpTodate (thrown in DeadlockDetector.reportDeadlock),x86_64,2016-12-12T14:55:01.897Z
DefaultUiFreezeEventLogger.java EventLoopMonitorThread.java EventLoopMonitorThread.java,FreezeWarning below CorrectionMarkerResolutionGenerator$CorrectionMarkerResolution.run (thrown in Compiler.process),x86_64,2016-12-13T07:55:08.589Z
DefaultUiFreezeEventLogger.java EventLoopMonitorThread.java EventLoopMonitorThread.java,FreezeWarning below GenModelEditor.createPages (thrown in GenModelImpl.getMissingPackagesHelper),x86_64,2016-09-19T08:40:08.124Z
DefaultUiFreezeEventLogger.java EventLoopMonitorThread.java EventLoopMonitorThread.java,FreezeWarning below JavaCorrectionProcessor.computeQuickAssistProposals (thrown in Object.wait),x86_64,2016-12-13T07:55:08.825Z
ExternalToolsPlugin.java ExternalToolsPlugin.java ExternalToolsPlugin.java ExternalToolsAction.java RevisionCompareAction.java RevisionCompareAction.java ModalContext.java,NoStackTrace in RevisionCompareAction.compareWithLatest,x86_64,2016-12-07T06:16:34.815Z
LocalFile.java FileStore.java LocalFile.java BlobStore.java HistoryStore2.java DeleteVisitor.java DeleteVisitor.java DeleteVisitor.java DeleteVisitor.java UnifiedTree.java FileSystemResourceManager.java ResourceTree.java ResourceTree.java Resource.java Resource.java DeleteResourceChange.java CompositeChange.java DynamicValidationStateChange.java DynamicValidationStateChange.java BatchOperation.java JavaModelOperation.java Workspace.java JavaCore.java DynamicValidationStateChange.java CompositeChange.java DynamicValidationStateChange.java DynamicValidationStateChange.java BatchOperation.java JavaModelOperation.java Workspace.java JavaCore.java DynamicValidationStateChange.java CompositeChange.java PerformChangeOperation.java Workspace.java PerformChangeOperation.java UIPerformChangeOperation.java PerformChangeOperation.java Workspace.java WorkbenchRunnableAdapter.java ModalContext.java,CoreException below DeleteResourceChange.perform (thrown in LocalFile.delete),x86_64,2016-12-04T07:53:03.217Z
Synchronizer.java Display.java Display.java PartRenderingEngine.java Realm.java PartRenderingEngine.java E4Workbench.java Workbench.java Realm.java Workbench.java PlatformUI.java IDEApplication.java EclipseAppHandle.java EclipseAppLauncher.java EclipseAppLauncher.java EclipseStarter.java EclipseStarter.java NativeMethodAccessorImpl.java NativeMethodAccessorImpl.java DelegatingMethodAccessorImpl.java Method.java Main.java Main.java Main.java Main.java,SWTException below StagingView.showControl (thrown in Control.setVisible),x86_64,2016-09-19T08:40:08.149Z
JDIDebugUIPlugin.java JDIDebugUIPlugin.java AbstractDetailPane.java DetailPaneProxy.java DetailPaneProxy.java VariablesView.java VariablesView.java StructuredViewer.java SafeRunner.java JFaceUtil.java SafeRunnable.java StructuredViewer.java StructuredViewer.java TreeViewer.java InternalTreeModelViewer.java BreakpointsView.java RemoveBreakpointAction.java Workspace.java RemoveBreakpointAction.java AbstractSelectionActionDelegate.java PluginAction.java ActionContributionItem.java ActionContributionItem.java ActionContributionItem.java EventTable.java Display.java Widget.java Display.java Display.java PartRenderingEngine.java Realm.java PartRenderingEngine.java E4Workbench.java Workbench.java Realm.java Workbench.java PlatformUI.java IDEApplication.java EclipseAppHandle.java EclipseAppLauncher.java EclipseAppLauncher.java EclipseStarter.java EclipseStarter.java Main.java Main.java Main.java Main.java,RuntimeException in AbstractDetailPane.display,x86_64,2016-12-12T07:55:16.285Z
SourceType.java SourceTypeCompilationUnit.java AbstractJpaProject.java AbstractJpaProject.java AbstractJpaProject.java InternalJpaProjectManager.java InternalJpaProjectManager.java JobCommandJob.java Worker.java,NullPointerException in SourceType.resolveTypes,x86_64,2016-12-13T14:47:07.092Z
DefaultUiFreezeEventLogger.java EventLoopMonitorThread.java EventLoopMonitorThread.java,FreezeWarning below RulerToggleBreakpointActionDelegate.runWithEvent (thrown in Object.wait),x86_64,2016-12-11T07:53:04.217Z
LifecycleMappingsViewer.java LifecycleMappingPropertyPage.java RegistryPageContributor.java PropertyPageNode.java PreferenceDialog.java FilteredPreferenceDialog.java PreferenceDialog.java FilteredPreferenceDialog.java PreferenceDialog.java BusyIndicator.java PreferenceDialog.java StructuredViewer.java SafeRunner.java JFaceUtil.java SafeRunnable.java StructuredViewer.java StructuredViewer.java StructuredViewer.java OpenStrategy.java OpenStrategy.java OpenStrategy.java RunnableLock.java Synchronizer.java Display.java Display.java OS.java Display.java Display.java OS.java Widget.java Widget.java Tree.java Widget.java Control.java Tree.java Display.java OS.java Widget.java Widget.java Shell.java Display.java OS.java Display.java Display.java OS.java NSApplication.java Display.java Window.java Window.java PropertyDialogAction.java Action.java ActionContributionItem.java ActionContributionItem.java ActionContributionItem.java EventTable.java Display.java Widget.java Widget.java Widget.java Widget.java Display.java Display.java PartRenderingEngine.java Realm.java PartRenderingEngine.java E4Workbench.java Workbench.java Realm.java Workbench.java PlatformUI.java IDEApplication.java EclipseAppHandle.java EclipseAppLauncher.java EclipseAppLauncher.java EclipseStarter.java EclipseStarter.java NativeMethodAccessorImpl.java NativeMethodAccessorImpl.java DelegatingMethodAccessorImpl.java Method.java Main.java Main.java Main.java,NullPointerException in LifecycleMappingsViewer.setTarget,x86_64,2016-12-13T11:30:48.282Z
DefaultUiFreezeEventLogger.java EventLoopMonitorThread.java EventLoopMonitorThread.java,FreezeWarning below FeatureSelectionWizardPage.getNextPage (thrown in OS._g_main_context_iteration),x86_64,2016-12-13T07:55:09.427Z
DefaultUiFreezeEventLogger.java EventLoopMonitorThread.java EventLoopMonitorThread.java,FreezeWarning below UIUtil$3.run (thrown in BasicEObjectImpl.eIsSet),x86_64,2016-09-19T08:40:08.333Z
DefaultUiFreezeEventLogger.java EventLoopMonitorThread.java EventLoopMonitorThread.java,FreezeWarning below OS.g_main_context_iteration (thrown in OS._g_main_context_iteration),x86,2016-09-19T08:40:08.342Z
ResourceFileBuffer.java TextFileBufferManager.java TextFileDocumentProvider.java CompilationUnitDocumentProvider.java TextFileDocumentProvider.java CompilationUnitDocumentProvider.java AbstractTextEditor.java StatusTextEditor.java AbstractDecoratedTextEditor.java JavaEditor.java JavaEditor.java CompilationUnitEditor.java AbstractTextEditor.java ModalContext.java ModalContext.java WorkbenchWindow.java BusyIndicator.java WorkbenchWindow.java AbstractTextEditor.java AbstractTextEditor.java EditorReference.java CompatibilityPart.java NativeMethodAccessorImpl.java NativeMethodAccessorImpl.java DelegatingMethodAccessorImpl.java Method.java MethodRequestor.java InjectorImpl.java InjectorImpl.java InjectorImpl.java InjectorImpl.java InjectorImpl.java ContextInjectionFactory.java ReflectionContributionFactory.java ReflectionContributionFactory.java ReflectionContributionFactory.java ContributedPartRenderer.java PartRenderingEngine.java PartRenderingEngine.java PartRenderingEngine.java PartRenderingEngine.java PartRenderingEngine.java SafeRunner.java PartRenderingEngine.java StackRenderer.java LazyStackRenderer.java UIEventHandler.java Synchronizer.java UISynchronizer.java Display.java E4Application.java UIEventHandler.java EventHandlerWrapper.java EventHandlerTracker.java EventHandlerTracker.java EventManager.java ListenerQueue.java EventAdminImpl.java EventAdminImpl.java EventComponent.java EventBroker.java UIEventPublisher.java BasicNotifierImpl.java ElementContainerImpl.java PartServiceImpl.java PartServiceImpl.java StackRenderer.java StackRenderer.java StackRenderer.java TypedListener.java EventTable.java Display.java Widget.java Display.java Display.java PartRenderingEngine.java Realm.java PartRenderingEngine.java E4Workbench.java Workbench.java Realm.java Workbench.java PlatformUI.java IDEApplication.java EclipseAppHandle.java EclipseAppLauncher.java EclipseAppLauncher.java EclipseStarter.java EclipseStarter.java NativeMethodAccessorImpl.java NativeMethodAccessorImpl.java DelegatingMethodAccessorImpl.java Method.java Main.java Main.java Main.java Main.java,CoreException below CompilationUnitDocumentProvider.createFileInfo (thrown in ResourceFileBuffer.create),x86_64,2016-12-12T14:55:21.270Z
StructuredTextEditor.java StructuredTextEditor.java StructuredTextEditor.java AbstractTextEditor.java AbstractTextEditor.java AbstractTextEditor.java AbstractTextEditor.java AbstractTextEditor.java TextFileDocumentProvider.java TextFileBufferManager.java SafeRunner.java TextFileBufferManager.java ResourceFileBuffer.java ResourceFileBuffer.java ResourceFileBuffer.java RunnableLock.java Synchronizer.java Display.java Display.java ModalContext.java ModalContext.java RefactoringWizardDialog2.java RefactoringWizard.java UserInputWizardPage.java RenameResourceWizard.java RefactoringWizard.java RefactoringWizardDialog2.java Dialog.java Dialog.java TypedListener.java EventTable.java Display.java Widget.java Display.java Display.java Window.java Window.java RefactoringWizardOpenOperation.java BusyIndicator.java RefactoringWizardOpenOperation.java RefactoringWizardOpenOperation.java RefactoringStarter.java RefactoringExecutionStarter.java RenameResourceAction.java RenameAction.java SelectionDispatchAction.java SelectionDispatchAction.java Action.java ActionContributionItem.java ActionContributionItem.java ActionContributionItem.java EventTable.java Display.java Widget.java Display.java Display.java PartRenderingEngine.java Realm.java PartRenderingEngine.java E4Workbench.java Workbench.java Realm.java Workbench.java PlatformUI.java IDEApplication.java EclipseAppHandle.java EclipseAppLauncher.java EclipseAppLauncher.java EclipseStarter.java EclipseStarter.java NativeMethodAccessorImpl.java NativeMethodAccessorImpl.java DelegatingMethodAccessorImpl.java Method.java Main.java Main.java Main.java,NullPointerException in StructuredTextEditor.update,x86,2016-09-19T08:40:08.360Z
GenModelActionBarContributor.java EditorActionBars.java WorkbenchPage.java WorkbenchPage.java WorkbenchPage.java PartServiceImpl.java SafeRunner.java PartServiceImpl.java PartServiceImpl.java PartServiceImpl.java PartServiceImpl.java WorkbenchPage.java WorkbenchPage.java WorkbenchPage.java BusyIndicator.java WorkbenchPage.java WorkbenchPage.java OpenWithMenu.java OpenWithMenu.java EventTable.java Display.java Widget.java Widget.java Widget.java Widget.java Display.java Display.java PartRenderingEngine.java Realm.java PartRenderingEngine.java E4Workbench.java Workbench.java Realm.java Workbench.java PlatformUI.java IDEApplication.java EclipseAppHandle.java EclipseAppLauncher.java EclipseAppLauncher.java EclipseStarter.java EclipseStarter.java NativeMethodAccessorImpl.java NativeMethodAccessorImpl.java DelegatingMethodAccessorImpl.java Method.java Main.java Main.java Main.java,NullPointerException below EditorActionBars.partChanged (thrown in GenModelActionBarContributor.setActiveEditor),x86_64,2016-11-29T18:47:52.184Z
DefaultUiFreezeEventLogger.java EventLoopMonitorThread.java EventLoopMonitorThread.java,FreezeWarning below SelectionDispatchAction.selectionChanged (thrown in ProjectPreferences.load),x86_64,2016-12-13T07:55:09.754Z
NavigatorContentServiceContentProvider.java NavigatorContentServiceContentProvider.java NavigatorContentServiceContentProvider.java NavigatorContentServiceContentProvider.java AbstractTreeViewer.java TreeViewer.java AbstractTreeViewer.java AbstractTreeViewer.java TreeViewerFrameSource.java CommonNavigatorFrameSource.java TreeViewerFrameSource.java TreeViewerFrameSource.java FrameList.java FrameList.java FrameList.java GoIntoAction.java Action.java ActionContributionItem.java ActionContributionItem.java ActionContributionItem.java EventTable.java Display.java Widget.java Display.java Display.java PartRenderingEngine.java Realm.java PartRenderingEngine.java E4Workbench.java Workbench.java Realm.java Workbench.java PlatformUI.java IDEApplication.java EclipseAppHandle.java EclipseAppLauncher.java EclipseAppLauncher.java EclipseStarter.java EclipseStarter.java Main.java Main.java Main.java,CyclicPathException in NavigatorContentServiceContentProvider$TreePathCompiler.addParent,x86,2016-12-13T12:25:23.495Z
DefaultUiFreezeEventLogger.java EventLoopMonitorThread.java EventLoopMonitorThread.java,FreezeWarning below EventTable.sendEvent (thrown in ManifestLocalization.getHeaders),x86,2016-12-12T11:59:47.481Z
AstEvaluationEngine.java JavaInfoEvaluationHelper.java JavaInfoEvaluationHelper.java JavaInfoParser.java JavaInfoParser.java JavaInfoParser.java ExecutionUtils.java JavaInfoParser.java ExecutionFlowUtils.java <generated> ASTNode.java ASTNode.java MethodInvocation.java ASTNode.java ASTNode.java ExpressionStatement.java ASTNode.java ExecutionFlowUtils.java ExecutionFlowUtils.java ExecutionFlowUtils.java ExecutionFlowUtils.java ExecutionFlowUtils.java ExecutionFlowUtils.java ExecutionFlowUtils.java JavaInfoParser.java JavaInfoParser.java JavaInfoParser.java JavaInfoParser.java JavaInfoParser.java ExecutionUtils.java JavaInfoParser.java DesignPage.java DesignPage.java DesignPage.java Synchronizer.java UISynchronizer.java Display.java DesignPage.java ModalContext.java ModalContext.java ProgressMonitorDialog.java DesignPage.java DesignPage.java UndoManager.java UndoManager.java DesignPage.java DesignPage.java DefaultMultiMode.java DefaultMultiMode.java TypedListener.java EventTable.java Display.java Widget.java Widget.java Widget.java Widget.java CTabFolder.java CTabFolder.java CTabFolder.java EventTable.java Display.java Widget.java Display.java Display.java PartRenderingEngine.java Realm.java PartRenderingEngine.java E4Workbench.java Workbench.java Realm.java Workbench.java PlatformUI.java IDEApplication.java EclipseAppHandle.java EclipseAppLauncher.java EclipseAppLauncher.java EclipseStarter.java EclipseStarter.java Main.java Main.java Main.java,IllegalArgumentException below InvocationEvaluator.evaluate (thrown in GridLayout.<init>),x86,2016-12-11T07:53:08.960Z
CompletionProposalPopup.java CompletionProposalPopup.java ContentAssistant.java TextViewer.java StyledTextListener.java EventTable.java Display.java Widget.java Widget.java Widget.java Widget.java StyledText.java StyledText.java EventTable.java Display.java Widget.java Widget.java Widget.java Widget.java Widget.java Widget.java Control.java Canvas.java Control.java Canvas.java Display.java OS.java OS.java Display.java PartRenderingEngine.java Realm.java PartRenderingEngine.java E4Workbench.java Workbench.java Realm.java Workbench.java PlatformUI.java IDEApplication.java EclipseAppHandle.java EclipseAppLauncher.java EclipseAppLauncher.java EclipseStarter.java EclipseStarter.java Main.java Main.java Main.java Main.java,ArrayIndexOutOfBoundsException in CompletionProposalPopup.selectProposal,x86_64,2016-12-13T09:58:15.303Z
OwnerObservableValue.java OwnerObservableValue.java AbstractObservableValue.java DelegatingObservableValue.java DelegatingObservableValue.java DelegatingObservable.java DelegatingInvocationHandler.java AbstractModelElement.java DataSource.java DataSource.java DefaultDisplayEngine.java XWTSection.java XWTSection.java ViewEditor.java ViewEditor.java ViewEditor.java ViewEditor.java ViewEditor.java ViewEditor.java RunnableLock.java Synchronizer.java Display.java Display.java PartRenderingEngine.java Realm.java PartRenderingEngine.java E4Workbench.java Workbench.java Realm.java Workbench.java PlatformUI.java IDEApplication.java EclipseAppHandle.java EclipseAppLauncher.java EclipseAppLauncher.java EclipseStarter.java EclipseStarter.java Main.java Main.java Main.java,NullPointerException in OwnerObservableValue.doGetValue,x86,2016-12-08T15:09:42.964Z
RebaseCommand.java RebaseCommand.java RebaseOperation.java Workspace.java RebaseOperation.java JobUtil.java InternalWorkspaceJob.java Worker.java,InvalidRebaseStepException in RebaseCommand.checkSteps,x86_64,2016-09-19T08:40:10.272Z
LsRemoteCommand.java LsRemoteCommand.java ListRemoteOperation.java SourceBranchPage.java ModalContext.java,SSLHandshakeException below JDKHttpConnection.getResponseCode (thrown in Alerts.getSSLException),x86_64,2016-11-21T12:16:16.058Z
DefaultUiFreezeEventLogger.java EventLoopMonitorThread.java EventLoopMonitorThread.java,FreezeWarning below BuildPathsBlock$2.run (thrown in Object.wait),x86,2016-12-04T07:53:08.176Z
EclipseLazyStarter.java ClasspathManager.java ModuleClassLoader.java BundleLoader.java BundleLoader.java BundleLoader.java BundleLoader.java ModuleClassLoader.java ClassLoader.java EquinoxBundle.java RegistryStrategyOSGI.java ExtensionRegistry.java ConfigurationElement.java ConfigurationElementHandle.java WorkbenchPlugin.java BusyIndicator.java WorkbenchPlugin.java FullDecoratorDefinition.java SafeRunner.java Platform.java FullDecoratorDefinition.java FullDecoratorDefinition.java FullTextDecoratorRunnable.java SafeRunner.java DecoratorManager.java DecoratorManager.java DecoratorManager.java DecoratingStyledCellLabelProvider.java NavigatorDecoratingLabelProvider.java ViewerComparator.java ViewerComparator.java CommonViewerSorter.java TreePathViewerSorter.java TimSort.java TimSort.java TimSort.java Arrays.java TreePathViewerSorter.java AbstractTreeViewer.java AbstractTreeViewer.java BusyIndicator.java AbstractTreeViewer.java TreeViewer.java AbstractTreeViewer.java AbstractTreeViewer.java TreeViewer.java AbstractTreeViewer.java StructuredViewer.java TreeViewer.java StructuredViewer.java AbstractTreeViewer.java ContentViewer.java StructuredViewer.java CommonNavigator.java ServersView2.java CompatibilityPart.java CompatibilityView.java CompatibilityPart.java NativeMethodAccessorImpl.java NativeMethodAccessorImpl.java DelegatingMethodAccessorImpl.java Method.java MethodRequestor.java InjectorImpl.java InjectorImpl.java InjectorImpl.java InjectorImpl.java InjectorImpl.java ContextInjectionFactory.java ReflectionContributionFactory.java ReflectionContributionFactory.java ReflectionContributionFactory.java ContributedPartRenderer.java PartRenderingEngine.java PartRenderingEngine.java PartRenderingEngine.java SafeRunner.java PartRenderingEngine.java ElementReferenceRenderer.java PartRenderingEngine.java PartRenderingEngine.java PartRenderingEngine.java PartRenderingEngine.java PartRenderingEngine.java SafeRunner.java PartRenderingEngine.java StackRenderer.java LazyStackRenderer.java UIEventHandler.java Synchronizer.java UISynchronizer.java Display.java E4Application.java UIEventHandler.java EventHandlerWrapper.java EventHandlerTracker.java EventHandlerTracker.java EventManager.java ListenerQueue.java EventAdminImpl.java EventAdminImpl.java EventComponent.java EventBroker.java UIEventPublisher.java BasicNotifierImpl.java ElementContainerImpl.java LazyStackRenderer.java PartRenderingEngine.java PartRenderingEngine.java PartRenderingEngine.java PartRenderingEngine.java SafeRunner.java PartRenderingEngine.java SWTPartRenderer.java SashRenderer.java PartRenderingEngine.java PartRenderingEngine.java PartRenderingEngine.java PartRenderingEngine.java SafeRunner.java PartRenderingEngine.java SWTPartRenderer.java SashRenderer.java PartRenderingEngine.java PartRenderingEngine.java PartRenderingEngine.java PartRenderingEngine.java SafeRunner.java PartRenderingEngine.java SWTPartRenderer.java PerspectiveRenderer.java PartRenderingEngine.java PartRenderingEngine.java PartRenderingEngine.java PartRenderingEngine.java SafeRunner.java PartRenderingEngine.java PerspectiveStackRenderer.java LazyStackRenderer.java UIEventHandler.java Synchronizer.java UISynchronizer.java Display.java E4Application.java UIEventHandler.java EventHandlerWrapper.java EventHandlerTracker.java EventHandlerTracker.java EventManager.java ListenerQueue.java EventAdminImpl.java EventAdminImpl.java EventComponent.java EventBroker.java UIEventPublisher.java BasicNotifierImpl.java PerspectiveStackImpl.java PerspectiveStackImpl.java WorkbenchPage.java WorkbenchWindow.java NativeMethodAccessorImpl.java NativeMethodAccessorImpl.java DelegatingMethodAccessorImpl.java Method.java MethodRequestor.java InjectorImpl.java InjectorImpl.java InjectorImpl.java ContextInjectionFactory.java Workbench.java Workbench.java WorkbenchSourceProvider.java WorkbenchSourceProvider.java WorkbenchSourceProvider.java EventTable.java Display.java Widget.java Widget.java Widget.java Shell.java Display.java OS.java OS.java Display.java PartRenderingEngine.java Realm.java PartRenderingEngine.java E4Workbench.java Workbench.java Realm.java Workbench.java PlatformUI.java IDEApplication.java EclipseAppHandle.java EclipseAppLauncher.java EclipseAppLauncher.java EclipseStarter.java EclipseStarter.java NativeMethodAccessorImpl.java NativeMethodAccessorImpl.java DelegatingMethodAccessorImpl.java Method.java Main.java Main.java Main.java Main.java,EOFException below JavaModelManager.loadVariablesAndContainers (thrown in DataInputStream.readByte),x86_64,2016-12-13T10:03:38.323Z
ASTParser.java ASTParser.java ASTProvider.java SafeRunner.java ASTProvider.java ASTProvider.java SharedASTProvider.java SelectionListenerWithASTManager.java SelectionListenerWithASTManager.java Worker.java,IllegalStateException in ASTParser.internalCreateAST,x86_64,2016-12-13T12:37:29.910Z
DefaultUiFreezeEventLogger.java EventLoopMonitorThread.java EventLoopMonitorThread.java,FreezeWarning below SetupEditor$21$2.run (thrown in SocketInputStream.socketRead0),x86_64,2016-09-19T08:40:10.775Z
Synchronizer.java Display.java Display.java PartRenderingEngine.java Realm.java PartRenderingEngine.java E4Workbench.java Workbench.java Realm.java Workbench.java PlatformUI.java IDEApplication.java EclipseAppHandle.java EclipseAppLauncher.java EclipseAppLauncher.java EclipseStarter.java EclipseStarter.java Main.java Main.java Main.java Main.java,AssertionFailedException below FilteredTree$NotifyingTreeViewer.refresh (thrown in StructuredViewer.assertElementsNotNull),x86_64,2016-12-13T09:32:40.900Z
EcoreUtil.java HyperlinkHelper.java TypeAwareHyperlinkHelper.java XtendHyperlinkHelper.java HyperlinkHelper.java XbaseHyperLinkHelper.java XbaseHyperLinkHelper.java XtendHyperlinkHelper.java XbaseHyperLinkHelper.java DefaultHyperlinkDetector.java DefaultHyperlinkDetector.java OutdatedStateManager.java XtextDocument.java XtextDocument.java XtextDocument.java DefaultHyperlinkDetector.java HyperlinkManager.java HyperlinkManager.java HyperlinkManager.java TypedListener.java EventTable.java Display.java Widget.java Display.java Display.java PartRenderingEngine.java Realm.java PartRenderingEngine.java E4Workbench.java Workbench.java Realm.java Workbench.java PlatformUI.java IDEApplication.java EclipseAppHandle.java EclipseAppLauncher.java EclipseAppLauncher.java EclipseStarter.java EclipseStarter.java NativeMethodAccessorImpl.java NativeMethodAccessorImpl.java DelegatingMethodAccessorImpl.java Method.java Main.java Main.java Main.java Main.java,NullPointerException below HyperlinkHelper.createHyperlinksTo (thrown in EcoreUtil.getURI),x86_64,2016-09-19T08:40:10.806Z
Control.java Display.java OS.java Widget.java Widget.java Shell.java Display.java OS.java Display.java Display.java OS.java NSApplication.java Display.java PartRenderingEngine.java Realm.java PartRenderingEngine.java E4Workbench.java Workbench.java Realm.java Workbench.java PlatformUI.java IDEApplication.java EclipseAppHandle.java EclipseAppLauncher.java EclipseAppLauncher.java EclipseStarter.java EclipseStarter.java NativeMethodAccessorImpl.java NativeMethodAccessorImpl.java DelegatingMethodAccessorImpl.java Method.java Main.java Main.java Main.java,NullPointerException in Control.mouseDown,x86_64,2016-12-09T18:41:10.453Z
OpenDiagramEditPolicy.java AbstractTransactionalCommand.java AbstractEMFOperation.java CompositeCommand.java AbstractCommand.java DefaultOperationHistory.java CheckedOperationHistory.java DiagramCommandStack.java CheckedDiagramCommandStack.java DiagramCommandStack.java GraphicalEditPart.java SelectEditPartTracker.java SelectEditPartTracker.java DragEditPartsTrackerEx.java AbstractTool.java SelectionTool.java EditDomain.java DomainEventDispatcher.java LightweightSystem.java TypedListener.java EventTable.java Display.java Widget.java Display.java Display.java PartRenderingEngine.java Realm.java PartRenderingEngine.java E4Workbench.java Workbench.java Realm.java Workbench.java PlatformUI.java IDEApplication.java EclipseAppHandle.java EclipseAppLauncher.java EclipseAppLauncher.java EclipseStarter.java EclipseStarter.java Main.java Main.java Main.java Main.java,PartInitException below OpenDiagramEditPolicy$OpenDiagramCommand.doExecuteWithResult (thrown in WorkbenchPage.busyOpenEditor),x86_64,2016-12-05T20:23:41.063Z
ServicesRegistry.java AbstractServiceUtils.java DoubleClickListener.java StructuredViewer.java SafeRunner.java JFaceUtil.java SafeRunnable.java StructuredViewer.java AbstractTreeViewer.java CommonViewer.java StructuredViewer.java OpenStrategy.java OpenStrategy.java OpenStrategy.java EventTable.java Display.java Widget.java Display.java Display.java PartRenderingEngine.java Realm.java PartRenderingEngine.java E4Workbench.java Workbench.java Realm.java Workbench.java PlatformUI.java IDEApplication.java EclipseAppHandle.java EclipseAppLauncher.java EclipseAppLauncher.java EclipseStarter.java EclipseStarter.java Main.java Main.java Main.java Main.java,ServiceNotFoundException below CommonViewer.handleDoubleSelect (thrown in ServicesRegistry.getService),x86_64,2016-09-19T08:40:10.825Z
DocumentMerger.java TextMergeViewer.java TextMergeViewer.java TextMergeViewer.java UIJob.java RunnableLock.java Synchronizer.java Display.java Display.java PartRenderingEngine.java Realm.java PartRenderingEngine.java E4Workbench.java Workbench.java Realm.java Workbench.java PlatformUI.java IDEApplication.java EclipseAppHandle.java EclipseAppLauncher.java EclipseAppLauncher.java EclipseStarter.java EclipseStarter.java NativeMethodAccessorImpl.java NativeMethodAccessorImpl.java DelegatingMethodAccessorImpl.java Method.java Main.java Main.java Main.java Main.java,NullPointerException in DocumentMerger.doDiff,x86_64,2016-12-13T14:24:45.279Z
MethodInvocationImpl.java BasicEObjectImpl.java PendingElement.java PendingElement.java BindingManager.java BindingManager.java JavaReader.java JavaReader.java AbstractDiscoverJavaModelFromProject.java DiscoverJavaModelFromJavaProject.java DiscoverJavaModelFromJavaProject.java AbstractDiscoverer.java AbstractModelDiscoverer.java AbstractDiscoverKDMSourceAndJavaModel.java AbstractDiscoverKDMSourceAndJavaModel.java AbstractComposedKDMSourceDiscoverer2.java AbstractDiscoverer.java AbstractModelDiscoverer.java MoDiscoMenuSelectionListener.java MoDiscoMenuSelectionListener.java Worker.java,ClassCastException in MethodInvocationImpl.eSet,x86_64,2016-09-19T08:40:10.838Z
DefaultUiFreezeEventLogger.java EventLoopMonitorThread.java EventLoopMonitorThread.java,FreezeWarning below TaskListView.createPartControl (thrown in TaskListIndex.<init>),x86_64,2016-11-22T00:45:25.391Z
PacketReceiveManager.java PacketReceiveManager.java MirrorImpl.java MirrorImpl.java MirrorImpl.java ObjectReferenceImpl.java JDIThread.java JDIThread.java JDIThread.java JDIDebugTarget.java JDIDebugTarget.java JDIDebugTarget.java EventDispatcher.java EventDispatcher.java EventDispatcher.java Worker.java,TimeoutException in PacketReceiveManager.getReply,x86_64,2016-12-13T12:23:53.511Z
DefaultUiFreezeEventLogger.java EventLoopMonitorThread.java EventLoopMonitorThread.java,FreezeWarning below GitHistoryPage$15$1.runInUIThread (thrown in TextLayout.computeRuns),x86_64,2016-12-10T07:50:24.758Z
DefaultUiFreezeEventLogger.java EventLoopMonitorThread.java EventLoopMonitorThread.java,FreezeWarning below GitHistoryPage$5.controlResized (thrown in TextLayout.computeRuns),x86_64,2016-09-19T08:40:10.896Z
DefaultUiFreezeEventLogger.java EventLoopMonitorThread.java EventLoopMonitorThread.java,FreezeWarning below AbstractAnnotationHover$AnnotationInformationControl.setInput (thrown in SourceAttachmentPackageFragmentRootWalker.traverse),x86_64,2016-12-13T07:55:33.238Z
JavaElement.java BinaryType.java BinaryMethod.java ResolvedBinaryMethod.java JavadocContentAccess2.java JavadocHover.java JavadocHover.java JavadocHover.java BestMatchHover.java BestMatchHover.java JavaEditorTextHoverProxy.java TextViewerHoverManager.java,IOException below JavaElement.getURLContents (thrown in PlatformURLResourceConnection.resolve),x86,2016-12-11T07:53:21.981Z
InternalBuildRunner.java CommonBuilder.java CommonBuilder.java CommonBuilder.java BuildManager.java SafeRunner.java BuildManager.java BuildManager.java BuildManager.java SafeRunner.java BuildManager.java BuildManager.java BuildManager.java Workspace.java Workspace.java BuildAction.java InternalWorkspaceJob.java Worker.java,NullPointerException below BuildDescription.addOutputs (thrown in Path.append),x86_64,2016-11-20T07:55:29.401Z
SshConnectorService.java AbstractConnectorService.java AbstractConnectorService.java AbstractConnectorService.java SubSystem.java LaunchTerminalCommandHandler.java HandlerProxy.java E4HandlerProxy.java NativeMethodAccessorImpl.java NativeMethodAccessorImpl.java DelegatingMethodAccessorImpl.java Method.java MethodRequestor.java InjectorImpl.java InjectorImpl.java ContextInjectionFactory.java HandlerServiceHandler.java Command.java ParameterizedCommand.java HandlerServiceImpl.java HandledContributionItem.java HandledContributionItem.java HandledContributionItem.java HandledContributionItem.java EventTable.java Display.java Widget.java Widget.java Widget.java Widget.java Display.java Display.java PartRenderingEngine.java Realm.java PartRenderingEngine.java E4Workbench.java Workbench.java Realm.java Workbench.java PlatformUI.java IDEApplication.java EclipseAppHandle.java EclipseAppLauncher.java EclipseAppLauncher.java EclipseStarter.java EclipseStarter.java NativeMethodAccessorImpl.java NativeMethodAccessorImpl.java DelegatingMethodAccessorImpl.java Method.java Main.java Main.java Main.java,SystemOperationFailedException below HandlerProxy.execute (thrown in SshConnectorService.internalConnect),x86_64,2016-12-12T07:55:28.176Z
NativeMethodAccessorImpl.java NativeMethodAccessorImpl.java DelegatingMethodAccessorImpl.java Method.java RcpModule.java RcpModule.java MembersInjectorImpl.java ConstructorInjector.java ConstructorBindingImpl.java ProviderToInternalFactoryAdapter.java InjectorImpl.java ProviderToInternalFactoryAdapter.java Scopes.java InternalFactoryToProviderAdapter.java FactoryProxy.java SingleParameterInjector.java SingleParameterInjector.java ConstructorInjector.java ConstructorBindingImpl.java FactoryProxy.java ProviderToInternalFactoryAdapter.java InjectorImpl.java ProviderToInternalFactoryAdapter.java Scopes.java InternalFactoryToProviderAdapter.java SingleParameterInjector.java SingleParameterInjector.java ConstructorInjector.java ConstructorBindingImpl.java InjectorImpl.java InjectorImpl.java InjectorImpl.java InjectorImpl.java ExtensionFactory.java ExtensionFactory.java ConfigurationElement.java ConfigurationElementHandle.java SessionProcessorDescriptor.java IntelligentCompletionProposalComputer.java CompletionProposalComputerDescriptor.java CompletionProposalCategory.java ContentAssistProcessor.java ContentAssistant.java ContentAssistant.java ContentAssistant.java CompilationUnitEditor.java ContentAssistAction.java BusyIndicator.java ContentAssistAction.java Action.java ActionHandler.java E4HandlerProxy.java DelegatingMethodAccessorImpl.java Method.java MethodRequestor.java InjectorImpl.java InjectorImpl.java ContextInjectionFactory.java HandlerServiceHandler.java Command.java ParameterizedCommand.java HandlerServiceImpl.java KeyBindingDispatcher.java KeyBindingDispatcher.java KeyBindingDispatcher.java KeyBindingDispatcher.java KeyBindingDispatcher.java KeyBindingDispatcher.java EventTable.java Display.java Widget.java Widget.java Widget.java Widget.java Widget.java Control.java Composite.java Widget.java Control.java Display.java OS.java OS.java Display.java OS.java OS.java Display.java PartRenderingEngine.java Realm.java PartRenderingEngine.java E4Workbench.java Workbench.java Realm.java Workbench.java PlatformUI.java IDEApplication.java EclipseAppHandle.java EclipseAppLauncher.java EclipseAppLauncher.java EclipseStarter.java EclipseStarter.java NativeMethodAccessorImpl.java NativeMethodAccessorImpl.java DelegatingMethodAccessorImpl.java Method.java Main.java Main.java Main.java Main.java,NullPointerException in EclipseProjectCoordinateAdvisorService.open,x86_64,2016-09-19T08:40:10.933Z
PushMenu.java CompoundContributionItem.java CompoundContributionItem.java DynamicMenuContributionItem.java MenuManager.java MenuManager.java MenuManager.java MenuManager.java MenuManager.java TypedListener.java EventTable.java Display.java Widget.java Widget.java Widget.java Menu.java Widget.java Display.java OS.java OS.java Display.java PartRenderingEngine.java Realm.java PartRenderingEngine.java E4Workbench.java Workbench.java Realm.java Workbench.java PlatformUI.java IDEApplication.java EclipseAppHandle.java EclipseAppLauncher.java EclipseAppLauncher.java EclipseStarter.java EclipseStarter.java NativeMethodAccessorImpl.java NativeMethodAccessorImpl.java DelegatingMethodAccessorImpl.java Method.java Main.java Main.java Main.java Main.java,NullPointerException in PushMenu.getContributionItems,x86_64,2016-09-19T08:40:18.503Z
Synchronizer.java Display.java Display.java Window.java Window.java ErrorDialog.java ErrorDialog.java ErrorDialog.java TargetEditor.java RunnableLock.java Synchronizer.java Display.java Display.java PartRenderingEngine.java Realm.java PartRenderingEngine.java E4Workbench.java Workbench.java Realm.java Workbench.java PlatformUI.java IDEApplication.java EclipseAppHandle.java EclipseAppLauncher.java EclipseAppLauncher.java EclipseStarter.java EclipseStarter.java NativeMethodAccessorImpl.java NativeMethodAccessorImpl.java DelegatingMethodAccessorImpl.java Method.java Main.java Main.java Main.java,NullPointerException in FormEditor.setActivePage,x86_64,2016-12-09T23:31:03.947Z
SystemMessageDialog.java SystemMessageDialog.java SshConnectorService.java RunnableLock.java Synchronizer.java Display.java Display.java PartRenderingEngine.java Realm.java PartRenderingEngine.java E4Workbench.java Workbench.java Realm.java Workbench.java PlatformUI.java IDEApplication.java EclipseAppHandle.java EclipseAppLauncher.java EclipseAppLauncher.java EclipseStarter.java EclipseStarter.java NativeMethodAccessorImpl.java NativeMethodAccessorImpl.java DelegatingMethodAccessorImpl.java Method.java Main.java Main.java Main.java,Exception in SystemMessageDialog.logMessage,x86_64,2016-12-13T07:55:34.184Z
DefaultUiFreezeEventLogger.java EventLoopMonitorThread.java EventLoopMonitorThread.java,FreezeWarning below EventTable.sendEvent (thrown in WhitespaceCharacterPainter.drawCharRange),x86_64,2016-12-12T11:59:50.977Z
DefaultUiFreezeEventLogger.java EventLoopMonitorThread.java EventLoopMonitorThread.java,FreezeWarning below GenModelEditor.createPages (thrown in BundleLoader.findClassInternal),x86_64,2016-10-03T18:57:45.610Z
LoadEMFResource.java DefaultModelingProjectResourceListener.java ResourceDeltaVisitor.java ResourceDeltaVisitor.java ResourceDeltaVisitor.java ResourceDelta.java ResourceDelta.java ResourceDelta.java ResourceDelta.java DefaultModelingProjectResourceListener.java NotificationManager.java SafeRunner.java NotificationManager.java NotificationManager.java Workspace.java Workspace.java Workspace.java AbstractWorkspaceOperation.java AbstractFileNewWizardPage.java ModalContext.java,NullPointerException in LoadEMFResource.run,x86_64,2016-09-19T08:40:18.547Z
NumberFormatException.java Integer.java Integer.java RemoveOrphanViewPolicy.java OrphanViewPolicy.java OrphanViewPolicy.java DiagramEventBroker.java DiagramEventBroker.java DiagramEventBrokerThreadSafe.java TransactionalEditingDomainImpl.java TransactionalEditingDomainImpl.java TransactionalEditingDomainImpl.java TransactionalEditingDomainImpl.java TransactionImpl.java TransactionImpl.java AbstractEMFOperation.java SemanticCreateCommand.java AbstractCommand.java CompositeCommand.java AbstractCommand.java DefaultOperationHistory.java DefaultOperationHistory.java UndoActionHandler.java OperationHistoryActionHandler.java ModalContext.java ModalContext.java ProgressMonitorDialog.java TimeTriggeredProgressMonitorDialog.java TimeTriggeredProgressMonitorDialog.java BusyIndicator.java TimeTriggeredProgressMonitorDialog.java OperationHistoryActionHandler.java GlobalUndoAction.java AbstractActionHandler.java ActionManager.java AbstractActionHandler.java ActionHandler.java E4HandlerProxy.java DelegatingMethodAccessorImpl.java Method.java MethodRequestor.java InjectorImpl.java InjectorImpl.java ContextInjectionFactory.java HandlerServiceHandler.java Command.java ParameterizedCommand.java HandlerServiceImpl.java KeyBindingDispatcher.java KeyBindingDispatcher.java KeyBindingDispatcher.java KeyBindingDispatcher.java KeyBindingDispatcher.java KeyBindingDispatcher.java EventTable.java Display.java Display.java Widget.java Widget.java Widget.java Widget.java Widget.java Canvas.java Control.java Display.java OS.java NSResponder.java Composite.java Display.java OS.java Widget.java Widget.java Shell.java Display.java OS.java Display.java Display.java OS.java NSApplication.java Display.java PartRenderingEngine.java Realm.java PartRenderingEngine.java E4Workbench.java Workbench.java Realm.java Workbench.java PlatformUI.java IDEApplication.java EclipseAppHandle.java EclipseAppLauncher.java EclipseAppLauncher.java EclipseStarter.java EclipseStarter.java NativeMethodAccessorImpl.java NativeMethodAccessorImpl.java DelegatingMethodAccessorImpl.java Method.java Main.java Main.java Main.java,NumberFormatException below RemoveOrphanViewPolicy.isOrphaned (thrown in NumberFormatException.forInputString),x86_64,2016-09-19T08:40:18.552Z
Synchronizer.java Display.java Display.java PartRenderingEngine.java Realm.java PartRenderingEngine.java E4Workbench.java Workbench.java Realm.java Workbench.java PlatformUI.java IDEApplication.java EclipseAppHandle.java EclipseAppLauncher.java EclipseAppLauncher.java EclipseStarter.java EclipseStarter.java NativeMethodAccessorImpl.java NativeMethodAccessorImpl.java DelegatingMethodAccessorImpl.java Method.java Main.java Main.java Main.java,NullPointerException in OCLConsole.setTargetMetamodel,x86_64,2016-11-23T07:48:41.995Z
CharOperation.java HashSetOfCharArrayArray.java HashSetOfCharArrayArray.java HashSetOfCharArrayArray.java BinaryTypeConverter.java BinaryTypeConverter.java BinaryTypeConverter.java BinaryTypeConverter.java BinaryTypeConverter.java SelectionEngine.java NamedMember.java NamedMember.java JavaElementLinks.java JavaElementLinks.java JavaElementLinks.java Mozilla.java Mozilla.java Mozilla.java XPCOMObject.java OS.java OS.java Display.java PartRenderingEngine.java Realm.java PartRenderingEngine.java E4Workbench.java Workbench.java Realm.java Workbench.java PlatformUI.java IDEApplication.java EclipseAppHandle.java EclipseAppLauncher.java EclipseAppLauncher.java EclipseStarter.java EclipseStarter.java NativeMethodAccessorImpl.java NativeMethodAccessorImpl.java DelegatingMethodAccessorImpl.java Method.java Main.java Main.java Main.java Main.java,NullPointerException in CharOperation.hashCode,x86_64,2016-12-10T07:50:27.110Z
IOConsoleInputStream.java IOConsoleInputStream.java IOConsoleInputStream.java ProcessConsole.java Worker.java,IOException in IOConsoleInputStream.available,x86_64,2016-12-13T07:55:34.886Z
InstallableRuntime2.java InstallableRuntime2.java TomcatRuntimeComposite.java Worker.java,FileNotFoundException below InstallableRuntime2.unzip (thrown in FileOutputStream.open),x86_64,2016-12-10T07:50:27.300Z
InstallableRuntime2.java InstallableRuntime2.java InstallableRuntime2.java TomcatRuntimeComposite.java Worker.java,ZipException below InstallableRuntime2.copyWithSize (thrown in InflaterInputStream.read),x86_64,2016-12-13T07:55:35.178Z
ReflectUtil.java CachingRepositoryManager.java CachingRepositoryManager.java CachingRepositoryManager.java MetadataRepositoryManager.java MetadataRepositoryManager.java ProvisioningUI.java MetadataRepositoryElement.java MetadataRepositoryElement.java RemoteQueriedElement.java DeferredTreeContentManager.java Worker.java,OperationCanceledException below CachingTransport.download (thrown in FileReader.sendRetrieveRequest),x86_64,2016-10-24T20:17:42.921Z
EjbJarMerger.java EJB3MergedModelProvider.java EJB3MergedModelProvider.java EJB3MergedModelProvider.java EJB3MergedModelProvider.java AbstractMergedModelProvider.java AbstractAnnotationModelProvider.java SafeRunner.java AbstractAnnotationModelProvider.java AbstractAnnotationModelProvider.java AbstractAnnotationModelProvider.java AbstractAnnotationModelProvider.java DeltaProcessor.java SafeRunner.java DeltaProcessor.java DeltaProcessor.java DeltaProcessor.java JavaModelOperation.java JavaModelOperation.java CompilationUnit.java JavaReconcilingStrategy.java JavaReconcilingStrategy.java JavaReconcilingStrategy.java SafeRunner.java JavaReconcilingStrategy.java JavaReconcilingStrategy.java CompositeReconcilingStrategy.java JavaCompositeReconcilingStrategy.java MonoReconciler.java AbstractReconciler.java,NullPointerException below EjbJarMerger.isEnterpriseBeansTagPresent (thrown in BasicFeatureMap.isEmpty),x86_64,2016-12-13T07:55:36.417Z
BasicFeatureMap.java BasicFeatureMap.java BasicFeatureMap.java FeatureMapUtil.java EJBAnnotationReader.java EJBAnnotationReader.java EJBAnnotationReader.java AbstractAnnotationModelProvider.java AbstractAnnotationModelProvider.java AbstractAnnotationModelProvider.java AbstractAnnotationModelProvider.java AbstractAnnotationModelProvider.java AbstractAnnotationModelProvider.java DeltaProcessor.java SafeRunner.java DeltaProcessor.java DeltaProcessor.java DeltaProcessor.java DeltaProcessor.java DeltaProcessingState.java NotificationManager.java SafeRunner.java NotificationManager.java NotificationManager.java Workspace.java Workspace.java Workspace.java DataModelPausibleOperationImpl.java DataModelPausibleOperationImpl.java DataModelPausibleOperationImpl.java DataModelPausibleOperationImpl.java DataModelPausibleOperationImpl.java DataModelPausibleOperationImpl.java DataModelWizard.java ModalContext.java,NullPointerException below EJBAnnotationReader.sessionBeanFound (thrown in BasicFeatureMap.contains),x86_64,2016-12-13T07:55:42.968Z
SourceTypeBinding.java SourceTypeBinding.java ParameterizedTypeBinding.java ReferenceBinding.java TypeBinding.java Bindings.java Bindings.java Bindings.java Bindings.java OverrideIndicatorManager.java MethodDeclaration.java ASTNode.java ASTNode.java TypeDeclaration.java ASTNode.java ASTNode.java TypeDeclaration.java ASTNode.java ASTNode.java CompilationUnit.java ASTNode.java OverrideIndicatorManager.java OverrideIndicatorManager.java CompilationUnitEditor.java JavaReconcilingStrategy.java JavaCompositeReconcilingStrategy.java JavaCompositeReconcilingStrategy.java MonoReconciler.java AbstractReconciler.java,NullPointerException in SourceTypeBinding.resolveTypesFor,x86_64,2016-12-13T09:30:10.847Z
ParameterizedMethodBinding.java ParameterizedTypeBinding.java ParameterizedTypeBinding.java ReferenceBinding.java TypeBinding.java Bindings.java Bindings.java Bindings.java Bindings.java OverrideIndicatorManager.java MethodDeclaration.java ASTNode.java ASTNode.java TypeDeclaration.java ASTNode.java ASTNode.java TypeDeclaration.java ASTNode.java ASTNode.java CompilationUnit.java ASTNode.java OverrideIndicatorManager.java OverrideIndicatorManager.java CompilationUnitEditor.java JavaReconcilingStrategy.java JavaCompositeReconcilingStrategy.java JavaCompositeReconcilingStrategy.java MonoReconciler.java AbstractReconciler.java,NullPointerException in ParameterizedMethodBinding.<init>,x86_64,2016-12-13T11:42:55.582Z
TrimStack.java TrimStack.java TypedListener.java EventTable.java Display.java Widget.java Widget.java Widget.java Widget.java Display.java Display.java PartRenderingEngine.java Realm.java PartRenderingEngine.java E4Workbench.java Workbench.java Realm.java Workbench.java PlatformUI.java IDEApplication.java EclipseAppHandle.java EclipseAppLauncher.java EclipseAppLauncher.java EclipseStarter.java EclipseStarter.java NativeMethodAccessorImpl.java NativeMethodAccessorImpl.java DelegatingMethodAccessorImpl.java Method.java Main.java Main.java Main.java,ClassCastException in TrimStack.showStack,x86_64,2016-09-19T08:40:18.634Z
BasePackPushConnection.java BasePackPushConnection.java PushProcess.java Transport.java PushOperation.java PushOperationUI.java PushToGerritPage.java ModalContext.java,IOException in PackOutputStream.write,x86_64,2016-12-11T19:36:55.922Z
PJWQjqhxCmVkRa04 PqZEwYGYVKvwt5M8 lvwV4Vgt0XkI1I9/ LaunchConfigurationTabGroupViewer.java LaunchConfigurationTabGroupViewer.java TypedListener.java EventTable.java Display.java Widget.java Widget.java Widget.java Widget.java CTabFolder.java CTabFolder.java CTabFolder.java EventTable.java Display.java Widget.java Display.java Display.java Window.java Window.java LaunchConfigurationsDialog.java LaunchConfigurationPropertiesDialog.java DebugUIPlugin.java RunDebugPropertiesPage.java RunDebugPropertiesPage.java RunDebugPropertiesPage.java RunDebugPropertiesPage.java TypedListener.java EventTable.java Display.java Widget.java Display.java Display.java Window.java Window.java PropertyDialogAction.java ProjectPropertyDialogAction.java Action.java ActionContributionItem.java ActionContributionItem.java ActionContributionItem.java EventTable.java Display.java Widget.java Display.java Display.java PartRenderingEngine.java Realm.java PartRenderingEngine.java E4Workbench.java Workbench.java Realm.java Workbench.java PlatformUI.java IDEApplication.java EclipseAppHandle.java EclipseAppLauncher.java EclipseAppLauncher.java EclipseStarter.java EclipseStarter.java NativeMethodAccessorImpl.java NativeMethodAccessorImpl.java DelegatingMethodAccessorImpl.java Method.java Main.java Main.java Main.java,3rd party caused NullPointerException below LaunchConfigurationTabGroupViewer.refresh,x86_64,2016-12-03T07:37:41.172Z
k/GcDGBOVx7ofmA2 eRcmIXPWI2OJC9F3 l5AvkcnAygaQ3dXE ZEWwb4pw7NomfWFu LaunchConfigurationTabGroupViewer.java LaunchConfigurationTabGroupViewer.java TypedListener.java EventTable.java Display.java Widget.java Widget.java Widget.java Widget.java CTabFolder.java CTabFolder.java CTabFolder.java EventTable.java Display.java Widget.java Display.java Display.java Window.java Window.java LaunchConfigurationsDialog.java LaunchConfigurationPropertiesDialog.java DebugUIPlugin.java RunDebugPropertiesPage.java RunDebugPropertiesPage.java RunDebugPropertiesPage.java RunDebugPropertiesPage.java TypedListener.java EventTable.java Display.java Widget.java Display.java Display.java Window.java Window.java PropertyDialogAction.java ProjectPropertyDialogAction.java Action.java ActionContributionItem.java ActionContributionItem.java ActionContributionItem.java EventTable.java Display.java Widget.java Display.java Display.java PartRenderingEngine.java Realm.java PartRenderingEngine.java E4Workbench.java Workbench.java Realm.java Workbench.java PlatformUI.java IDEApplication.java EclipseAppHandle.java EclipseAppLauncher.java EclipseAppLauncher.java EclipseStarter.java EclipseStarter.java NativeMethodAccessorImpl.java NativeMethodAccessorImpl.java DelegatingMethodAccessorImpl.java Method.java Main.java Main.java Main.java,3rd party caused NullPointerException below LaunchConfigurationTabGroupViewer.handleTabSelected,x86_64,2016-11-23T16:07:42.315Z
DefaultUiFreezeEventLogger.java EventLoopMonitorThread.java EventLoopMonitorThread.java,FreezeWarning below HotCodeReplaceErrorDialog.buttonPressed (thrown in Object.wait),x86_64,2016-12-02T07:51:24.627Z
CreateCompilationUnitOperation.java JavaModelOperation.java Workspace.java JavaModelOperation.java PackageFragment.java NewTypeWizardPage.java NewClassCreationWizard.java NewElementWizard.java BatchOperation.java JavaModelOperation.java Workspace.java JavaCore.java WorkbenchRunnableAdapter.java ModalContext.java,JavaModelException below NewTypeWizardPage.createType (thrown in CreateCompilationUnitOperation.executeOperation),x86_64,2016-12-13T07:55:43.461Z
RecommendersCompletionContext.java CallCompletionSessionProcessor.java CallCompletionSessionProcessor.java IntelligentCompletionProposalComputer.java IntelligentCompletionProposalComputer.java CompletionProposalComputerDescriptor.java CompletionProposalCategory.java ContentAssistProcessor.java ContentAssistProcessor.java ContentAssistant.java CompletionProposalPopup.java CompletionProposalPopup.java CompletionProposalPopup.java BusyIndicator.java CompletionProposalPopup.java ContentAssistant.java RunnableLock.java Synchronizer.java Display.java Display.java PartRenderingEngine.java Realm.java PartRenderingEngine.java E4Workbench.java Workbench.java Realm.java Workbench.java PlatformUI.java IDEApplication.java EclipseAppHandle.java EclipseAppLauncher.java EclipseAppLauncher.java EclipseStarter.java EclipseStarter.java NativeMethodAccessorImpl.java NativeMethodAccessorImpl.java DelegatingMethodAccessorImpl.java Method.java Main.java Main.java Main.java Main.java,NoSuchMethodError in RecommendersCompletionContext.getCompletionNode,x86_64,2016-12-08T07:50:20.296Z
MirrorImpl.java EventRequestImpl.java EventRequestManagerImpl.java JavaBreakpoint.java JavaBreakpoint.java JavaLineBreakpoint.java JDIDebugTarget.java JDIDebugTarget.java JavaHotCodeReplaceManager.java JavaHotCodeReplaceManager.java JavaHotCodeReplaceManager.java JavaHotCodeReplaceManager.java DebugPlugin.java SafeRunner.java DebugPlugin.java DebugPlugin.java Worker.java,InternalException in MirrorImpl.defaultReplyErrorHandler,x86_64,2016-12-13T05:00:52.638Z
DefaultUiFreezeEventLogger.java EventLoopMonitorThread.java EventLoopMonitorThread.java,FreezeWarning below RetargetBreakpointAction.init (thrown in JDIDebugUIPlugin.start),x86_64,2016-12-11T07:53:29.570Z
Assert.java Assert.java DefaultJavaFoldingStructureProvider.java DefaultJavaFoldingStructureProvider.java DefaultJavaFoldingStructureProvider.java DefaultJavaFoldingStructureProvider.java DeltaProcessor.java SafeRunner.java DeltaProcessor.java DeltaProcessor.java DeltaProcessor.java JavaModelOperation.java JavaModelOperation.java CompilationUnit.java JavaReconcilingStrategy.java SafeRunner.java JavaReconcilingStrategy.java JavaReconcilingStrategy.java CompositeReconcilingStrategy.java JavaCompositeReconcilingStrategy.java MonoReconciler.java JavaReconciler.java AbstractReconciler.java,AssertionFailedException in DefaultJavaFoldingStructureProvider.computeCurrentStructure,x86_64,2016-12-09T07:52:53.772Z
DefaultUiFreezeEventLogger.java EventLoopMonitorThread.java EventLoopMonitorThread.java,FreezeWarning below OS.g_main_context_iteration (thrown in OS._g_main_context_iteration),x86_64,2016-09-19T08:40:21.904Z
ComponentDescriptionHelper.java ComponentDescriptionHelper.java ComponentDescriptionHelper.java ComponentDescriptionHelper.java ComponentDescriptionHelper.java AbstractParseFactory.java AbstractParseFactory.java AbstractParseFactory.java ParseFactory.java JavaInfoParser.java DelegatingMethodAccessorImpl.java Method.java ExecutionFlowUtils.java <generated> MethodInvocation.java ASTNode.java ASTNode.java VariableDeclarationFragment.java ASTNode.java ASTNode.java VariableDeclarationStatement.java ASTNode.java ExecutionFlowUtils.java ExecutionFlowUtils.java ExecutionFlowUtils.java ExecutionFlowUtils.java ExecutionFlowUtils.java ExecutionFlowUtils.java ExecutionFlowUtils.java ExecutionFlowUtils.java <generated> MethodInvocation.java ASTNode.java ASTNode.java ExpressionStatement.java ASTNode.java ExecutionFlowUtils.java ExecutionFlowUtils.java ExecutionFlowUtils.java ExecutionFlowUtils.java ExecutionFlowUtils.java ExecutionFlowUtils.java ExecutionFlowUtils.java JavaInfoParser.java JavaInfoParser.java JavaInfoParser.java JavaInfoParser.java JavaInfoParser.java ExecutionUtils.java JavaInfoParser.java DesignPage.java DesignPage.java DesignPage.java Synchronizer.java UISynchronizer.java Display.java DesignPage.java ModalContext.java ModalContext.java ProgressMonitorDialog.java DesignPage.java DesignPage.java UndoManager.java UndoManager.java DesignPage.java DesignPage.java DefaultMultiMode.java DefaultMultiMode.java TypedListener.java EventTable.java Display.java Widget.java Widget.java Widget.java Widget.java CTabFolder.java CTabFolder.java CTabFolder.java EventTable.java Display.java Widget.java Widget.java Widget.java Widget.java Display.java Display.java PartRenderingEngine.java Realm.java PartRenderingEngine.java E4Workbench.java Workbench.java Realm.java Workbench.java PlatformUI.java IDEApplication.java EclipseAppHandle.java EclipseAppLauncher.java EclipseAppLauncher.java EclipseStarter.java EclipseStarter.java NativeMethodAccessorImpl.java NativeMethodAccessorImpl.java DelegatingMethodAccessorImpl.java Method.java Main.java Main.java Main.java,NullPointerException below StandardBeanPropertiesRule.begin (thrown in MethodRef.get),x86_64,2016-09-19T08:40:21.914Z
MethodRequestor.java InjectorImpl.java InjectorImpl.java ContextInjectionFactory.java HandlerServiceHandler.java Command.java ParameterizedCommand.java HandlerServiceImpl.java LegacyHandlerService.java CommandContributionItem.java CommandContributionItem.java CommandContributionItem.java EventTable.java Display.java Widget.java Widget.java Widget.java Widget.java Display.java Display.java PartRenderingEngine.java Realm.java PartRenderingEngine.java E4Workbench.java Workbench.java Realm.java Workbench.java PlatformUI.java IDEApplication.java EclipseAppHandle.java EclipseAppLauncher.java EclipseAppLauncher.java EclipseStarter.java EclipseStarter.java NativeMethodAccessorImpl.java NativeMethodAccessorImpl.java DelegatingMethodAccessorImpl.java Method.java Main.java Main.java Main.java,NullPointerException in AbstractHistoryCommandHandler.getRenamedPath,x86_64,2016-12-06T11:40:22.345Z
WorkbenchPlugin.java WorkbenchPlugin.java Workbench.java EditorReference.java EditorReference.java EditorReference.java CompatibilityEditor.java CompatibilityPart.java MethodRequestor.java InjectorImpl.java InjectorImpl.java InjectorImpl.java InjectorImpl.java InjectorImpl.java ContextInjectionFactory.java ReflectionContributionFactory.java ReflectionContributionFactory.java ReflectionContributionFactory.java ContributedPartRenderer.java PartRenderingEngine.java PartRenderingEngine.java PartRenderingEngine.java PartRenderingEngine.java PartRenderingEngine.java SafeRunner.java PartRenderingEngine.java PartServiceImpl.java UIEventHandler.java Synchronizer.java UISynchronizer.java Display.java E4Application.java UIEventHandler.java EventHandlerWrapper.java EventHandlerTracker.java EventHandlerTracker.java EventManager.java ListenerQueue.java EventAdminImpl.java EventAdminImpl.java EventComponent.java EventBroker.java UIEventPublisher.java BasicNotifierImpl.java ElementContainerImpl.java StackRenderer.java TypedListener.java EventTable.java Display.java Widget.java Widget.java Widget.java Widget.java CTabFolder.java CTabFolder.java CTabFolder.java EventTable.java Display.java Widget.java Display.java Display.java PartRenderingEngine.java Realm.java PartRenderingEngine.java E4Workbench.java Workbench.java Realm.java Workbench.java PlatformUI.java IDEApplication.java EclipseAppHandle.java EclipseAppLauncher.java EclipseAppLauncher.java EclipseStarter.java EclipseStarter.java Main.java Main.java Main.java,NoStackTrace in WorkbenchPlugin.getElementFactory,x86_64,2016-12-13T13:51:55.593Z
TLDCMDocumentManager.java TLDCMDocumentManager.java TLDCMDocumentManager.java TLDCMDocumentManager.java TLDCMDocumentManager.java TLDCMDocumentManager.java TLDCMDocumentManager.java XMLSourceParser.java JSPSourceParser.java XMLSourceParser.java BasicStructuredDocument.java TaglibController.java TaglibIndex.java TaglibIndex.java TaglibIndex.java NotificationManager.java SafeRunner.java NotificationManager.java NotificationManager.java Workspace.java Workspace.java Resource.java TaglibHelperManager.java Resource.java ElementTreeIterator.java ElementTreeIterator.java ElementTreeIterator.java ElementTreeIterator.java ElementTreeIterator.java ElementTreeIterator.java ElementTreeIterator.java ElementTreeIterator.java Resource.java Resource.java TaglibHelperManager.java Worker.java,NullPointerException in TLDCMDocumentManager.getCacheKey,x86_64,2016-12-09T07:52:53.967Z
ASTRewriteCorrectionProposal.java CUCorrectionProposal.java CUCorrectionProposal.java ChangeCorrectionProposal.java CUCorrectionProposal.java CUCorrectionProposal.java AdditionalInfoController.java Worker.java,CoreException in TokenScanner.readNext,x86_64,2016-12-12T17:34:21.187Z
Signature.java Signature.java JavaElementLabelComposer.java JavaElementLabelComposer.java JavaElementLinks.java JavaElementLinks.java JavadocHover.java JavadocHover.java JavadocHover.java JavadocHover.java BestMatchHover.java BestMatchHover.java JavaEditorTextHoverProxy.java TextViewerHoverManager.java,IllegalArgumentException in Signature.getReturnType,x86_64,2016-12-13T11:07:37.400Z
JpaXmlEditor.java CompatibilityPart.java CompatibilityPart.java DelegatingMethodAccessorImpl.java Method.java MethodRequestor.java InjectorImpl.java InjectorImpl.java InjectorImpl.java InjectorImpl.java InjectorImpl.java ContextInjectionFactory.java ReflectionContributionFactory.java ReflectionContributionFactory.java ReflectionContributionFactory.java ContributedPartRenderer.java PartRenderingEngine.java PartRenderingEngine.java PartRenderingEngine.java PartRenderingEngine.java PartRenderingEngine.java SafeRunner.java PartRenderingEngine.java PartServiceImpl.java UIEventHandler.java Synchronizer.java UISynchronizer.java Display.java E4Application.java UIEventHandler.java EventHandlerWrapper.java EventHandlerTracker.java EventHandlerTracker.java EventManager.java ListenerQueue.java EventAdminImpl.java EventAdminImpl.java EventComponent.java EventBroker.java UIEventPublisher.java BasicNotifierImpl.java ElementContainerImpl.java ModelServiceImpl.java ModelServiceImpl.java PartServiceImpl.java PartServiceImpl.java PartServiceImpl.java WorkbenchPage.java WorkbenchPage.java WorkbenchPage.java BusyIndicator.java WorkbenchPage.java WorkbenchPage.java OpenRemoteFileOperation.java OpenRemoteFileOperation.java OpenRemoteFileOperation.java ProgressMonitorUtility.java AbstractActionOperation.java AbstractActionOperation.java OpenRemoteFileOperation.java OpenRemoteFileOperation.java UILockListener.java UISynchronizer.java RunnableLock.java Synchronizer.java Display.java Display.java PartRenderingEngine.java Realm.java PartRenderingEngine.java E4Workbench.java Workbench.java Realm.java Workbench.java PlatformUI.java IDEApplication.java EclipseAppHandle.java EclipseAppLauncher.java EclipseAppLauncher.java EclipseStarter.java EclipseStarter.java NativeMethodAccessorImpl.java NativeMethodAccessorImpl.java DelegatingMethodAccessorImpl.java Method.java Main.java Main.java Main.java Main.java,NullPointerException in JpaXmlEditor.dispose,x86_64,2016-12-09T07:52:55.887Z
Assert.java JpaXmlEditor.java EditorReference.java CompatibilityPart.java DelegatingMethodAccessorImpl.java Method.java MethodRequestor.java InjectorImpl.java InjectorImpl.java InjectorImpl.java InjectorImpl.java InjectorImpl.java ContextInjectionFactory.java ReflectionContributionFactory.java ReflectionContributionFactory.java ReflectionContributionFactory.java ContributedPartRenderer.java PartRenderingEngine.java PartRenderingEngine.java PartRenderingEngine.java PartRenderingEngine.java PartRenderingEngine.java SafeRunner.java PartRenderingEngine.java PartServiceImpl.java UIEventHandler.java Synchronizer.java UISynchronizer.java Display.java E4Application.java UIEventHandler.java EventHandlerWrapper.java EventHandlerTracker.java EventHandlerTracker.java EventManager.java ListenerQueue.java EventAdminImpl.java EventAdminImpl.java EventComponent.java EventBroker.java UIEventPublisher.java BasicNotifierImpl.java ElementContainerImpl.java ModelServiceImpl.java ModelServiceImpl.java PartServiceImpl.java PartServiceImpl.java PartServiceImpl.java WorkbenchPage.java WorkbenchPage.java WorkbenchPage.java BusyIndicator.java WorkbenchPage.java WorkbenchPage.java OpenRemoteFileOperation.java OpenRemoteFileOperation.java OpenRemoteFileOperation.java ProgressMonitorUtility.java AbstractActionOperation.java AbstractActionOperation.java OpenRemoteFileOperation.java OpenRemoteFileOperation.java UILockListener.java UISynchronizer.java RunnableLock.java Synchronizer.java Display.java Display.java PartRenderingEngine.java Realm.java PartRenderingEngine.java E4Workbench.java Workbench.java Realm.java Workbench.java PlatformUI.java IDEApplication.java EclipseAppHandle.java EclipseAppLauncher.java EclipseAppLauncher.java EclipseStarter.java EclipseStarter.java NativeMethodAccessorImpl.java NativeMethodAccessorImpl.java DelegatingMethodAccessorImpl.java Method.java Main.java Main.java Main.java Main.java,IllegalArgumentException in JpaXmlEditor.init,x86_64,2016-12-09T07:52:56.185Z
AddScriptInterpreterDialog.java AbstractInterpreterLibraryBlock.java AbstractInterpreterLibraryBlock.java AbstractInterpreterLibraryBlock.java AddScriptInterpreterDialog.java DialogField.java StringDialogField.java StringDialogField.java StringDialogField.java TypedListener.java EventTable.java Display.java Widget.java Widget.java Widget.java Text.java Control.java Control.java Display.java OS.java OS.java Text.java Control.java Text.java Display.java OS.java OS.java Text.java StringDialogField.java AddScriptInterpreterDialog.java AddScriptInterpreterDialog.java AddScriptInterpreterDialog.java StringButtonDialogField.java StringButtonDialogField.java TypedListener.java EventTable.java Display.java Widget.java Display.java Display.java Window.java Window.java AddScriptInterpreterDialog.java InterpretersBlock.java InterpretersBlock.java EventTable.java Display.java Widget.java Display.java Display.java Window.java Window.java WorkbenchPreferenceDialog.java ProjectWizardFirstPage.java ProjectWizardFirstPage.java ProjectWizardFirstPage.java TypedListener.java EventTable.java Display.java Widget.java Widget.java Widget.java Link.java Control.java Composite.java Control.java Control.java Display.java OS.java OS.java Link.java Widget.java Control.java Link.java Control.java Display.java OS.java OS.java Display.java Window.java Window.java NewWizardShortcutAction.java Action.java ActionContributionItem.java ActionContributionItem.java ActionContributionItem.java EventTable.java Display.java Widget.java Display.java Display.java PartRenderingEngine.java Realm.java PartRenderingEngine.java E4Workbench.java Workbench.java Realm.java Workbench.java PlatformUI.java IDEApplication.java EclipseAppHandle.java EclipseAppLauncher.java EclipseAppLauncher.java EclipseStarter.java EclipseStarter.java Main.java Main.java Main.java,NullPointerException in AddScriptInterpreterDialog.updateStatusLine,x86_64,2016-11-11T07:58:36.268Z
CheatSheetParser.java CheatSheetViewer.java CheatSheetViewer.java CheatSheetViewer.java CheatSheetViewer.java CheatSheetViewer.java YXgJNscEpLQ7VmZQ StandbyPart.java StandbyPart.java IntroURL.java IntroURL.java IntroURL.java BusyIndicator.java IntroURL.java BrowserIntroPartLocationListener.java IE.java OleEventTable.java OleEventSink.java OleEventSink.java OleEventSink.java OleEventSink.java COMObject.java OS.java OS.java Display.java PartRenderingEngine.java Realm.java PartRenderingEngine.java E4Workbench.java Workbench.java Realm.java Workbench.java PlatformUI.java IDEApplication.java EclipseAppHandle.java EclipseAppLauncher.java EclipseAppLauncher.java EclipseStarter.java EclipseStarter.java Main.java Main.java Main.java Main.java,HIDDEN below CheatSheetParser.parse (thrown in DOMParser.parse),x86_64,2016-11-16T13:49:40.137Z
AnnotationHoverProcessor.java BestMatchHover.java TextViewerHoverManager.java,NullPointerException in AnnotationHoverProcessor.getHoverInfo,x86_64,2016-12-13T11:01:06.884Z
WarValidator.java UIWarValidator.java ValidatorJob.java Worker.java,ValidationException in WarValidator.validateInJob,x86_64,2016-12-13T11:32:40.852Z
WARFileImpl.java WarValidator.java UIWarValidator.java ValidatorJob.java Worker.java,EmptyResourceException below ValidatorJob.run (thrown in ArchiveUtil.getRoot),x86_64,2016-12-13T07:55:43.921Z
AbstractPapyrusGmfCreateDiagramCommandHandler.java AbstractTransactionalCommand.java AbstractEMFOperation.java CompositeCommand.java AbstractCommand.java CompositeCommand.java AbstractCommand.java GMFtoEMFCommandWrapper.java EMFCommandOperation.java AbstractEMFOperation.java DefaultOperationHistory.java CheckedOperationHistory.java NotifyingWorkspaceCommandStack.java AbstractTransactionalCommandStack.java AbstractTransactionalCommandStack.java NestingNotifyingWorkspaceCommandStack.java AdvancedHLManager.java HyperLinkManagerShell.java HyperLinkManagerShell.java TypedListener.java EventTable.java Display.java Widget.java Display.java Display.java HyperLinkManagerShell.java HyperLinkPopupBarEditPolicy.java Figure.java HyperLinkPopupBarEditPolicy.java SWTEventDispatcher.java DomainEventDispatcher.java LightweightSystem.java TypedListener.java EventTable.java Display.java Widget.java Display.java Display.java PartRenderingEngine.java Realm.java PartRenderingEngine.java E4Workbench.java Workbench.java Realm.java Workbench.java PlatformUI.java IDEApplication.java EclipseAppHandle.java EclipseAppLauncher.java EclipseAppLauncher.java EclipseStarter.java EclipseStarter.java Main.java Main.java Main.java,NullPointerException in AbstractPapyrusGmfCreateDiagramCommandHandler$1.doExecuteWithResult,x86,2016-09-19T08:40:24.993Z
RepositorySelectionPage.java TypedListener.java EventTable.java Display.java Widget.java Widget.java Widget.java Widget.java Display.java Display.java Window.java Window.java SimpleConfigurePushDialog.java TypedListener.java EventTable.java Display.java Widget.java Widget.java Widget.java Widget.java Display.java Display.java Window.java Window.java ConfigurePushActionHandler.java HandlerProxy.java E4HandlerProxy.java NativeMethodAccessorImpl.java NativeMethodAccessorImpl.java DelegatingMethodAccessorImpl.java Method.java MethodRequestor.java InjectorImpl.java InjectorImpl.java ContextInjectionFactory.java HandlerServiceHandler.java Command.java ParameterizedCommand.java HandlerServiceImpl.java HandledContributionItem.java HandledContributionItem.java HandledContributionItem.java HandledContributionItem.java EventTable.java Display.java Widget.java Widget.java Widget.java Widget.java Display.java Display.java PartRenderingEngine.java Realm.java PartRenderingEngine.java E4Workbench.java Workbench.java Realm.java Workbench.java PlatformUI.java IDEApplication.java EclipseAppHandle.java EclipseAppLauncher.java EclipseAppLauncher.java EclipseStarter.java EclipseStarter.java NativeMethodAccessorImpl.java NativeMethodAccessorImpl.java DelegatingMethodAccessorImpl.java Method.java Main.java Main.java Main.java,NullPointerException in RepositorySelectionPage$4.widgetSelected,x86_64,2016-12-13T07:55:44.234Z
ProjectHelper.java Ant.java CallTarget.java UnknownElement.java DelegatingMethodAccessorImpl.java Method.java DispatchUtils.java Task.java Target.java Target.java Project.java Project.java DefaultExecutor.java EclipseDefaultExecutor.java Project.java InternalAntRunner.java InternalAntRunner.java NativeMethodAccessorImpl.java NativeMethodAccessorImpl.java DelegatingMethodAccessorImpl.java Method.java AntRunner.java FeatureExportOperation.java FeatureExportOperation.java ProductExportOperation.java Worker.java,UnsupportedAttributeException below EclipseSingleCheckExecutor.executeTargets (thrown in IntrospectionHelper.setAttribute),x86_64,2016-11-28T07:56:37.887Z
Synchronizer.java Display.java Display.java PartRenderingEngine.java Realm.java PartRenderingEngine.java E4Workbench.java Workbench.java Realm.java Workbench.java PlatformUI.java IDEApplication.java EclipseAppHandle.java EclipseAppLauncher.java EclipseAppLauncher.java EclipseStarter.java EclipseStarter.java Main.java Main.java Main.java Main.java,IllegalArgumentException in ElementOperations.getValue,x86_64,2016-12-13T09:34:43.341Z
FetchCommand.java PullCommand.java PullOperation.java Workspace.java PullOperation.java PullOperationUI.java PullOperationUI.java InternalWorkspaceJob.java Worker.java,TransportException in JschSession$JschProcess.<init>,x86_64,2016-12-13T07:55:44.479Z
ConnectionBendpointEditPolicy.java ConnectionBendpointEditPolicy.java ConnectionBendpointEditPolicy.java AbstractEditPart.java ConnectionEditPart.java SelectConnectionEditPartTracker.java SelectConnectionEditPartTracker.java AbstractTool.java SelectionTool.java EditDomain.java DomainEventDispatcher.java LightweightSystem.java TypedListener.java EventTable.java Display.java Widget.java Display.java Display.java PartRenderingEngine.java Realm.java PartRenderingEngine.java E4Workbench.java Workbench.java Realm.java Workbench.java PlatformUI.java IDEApplication.java EclipseAppHandle.java EclipseAppLauncher.java EclipseAppLauncher.java EclipseStarter.java EclipseStarter.java Main.java Main.java Main.java Main.java,IndexOutOfBoundsException below ConnectionBendpointEditPolicy.getLineSeg (thrown in ArrayList.rangeCheck),x86_64,2016-09-19T08:40:26.148Z
DefaultUiFreezeEventLogger.java EventLoopMonitorThread.java EventLoopMonitorThread.java,FreezeWarning below PluginsTab$Listener.widgetSelected (thrown in BusyIndicator.showWhile),x86_64,2016-11-12T08:00:33.853Z
MarkerCategory.java CachedMarkerBuilder.java ExtendedMarkersView.java ExtendedMarkersView.java UIUpdateJob.java UIJob.java RunnableLock.java Synchronizer.java Display.java Display.java PartRenderingEngine.java Realm.java PartRenderingEngine.java E4Workbench.java Workbench.java Realm.java Workbench.java PlatformUI.java IDEApplication.java EclipseAppHandle.java EclipseAppLauncher.java EclipseAppLauncher.java EclipseStarter.java EclipseStarter.java NativeMethodAccessorImpl.java NativeMethodAccessorImpl.java DelegatingMethodAccessorImpl.java Method.java Main.java Main.java Main.java Main.java,ArrayIndexOutOfBoundsException in MarkerCategory.getChildren,x86_64,2016-12-13T14:22:41.555Z
MatchLocator.java PatternSearchJob.java PatternSearchJob.java JobManager.java BasicSearchEngine.java BasicSearchEngine.java SearchEngine.java FindClassResolutionsOperation.java FindClassResolutionsOperation.java FindClassResolutionsOperation.java QuickFixProcessor.java QuickFixProcessor.java JavaCorrectionProcessor.java JavaCorrectionProcessor.java SafeRunner.java JavaCorrectionProcessor.java JavaCorrectionProcessor.java ProblemHover.java ProblemHover.java AbstractAnnotationHover.java AbstractAnnotationHover.java AbstractInformationControlManager.java AbstractInformationControlManager.java AbstractHoverInformationControlManager.java TextViewerHoverManager.java TextViewerHoverManager.java RunnableLock.java Synchronizer.java Display.java Display.java PartRenderingEngine.java Realm.java PartRenderingEngine.java E4Workbench.java Workbench.java Realm.java Workbench.java PlatformUI.java IDEApplication.java EclipseAppHandle.java EclipseAppLauncher.java EclipseAppLauncher.java EclipseStarter.java EclipseStarter.java NativeMethodAccessorImpl.java NativeMethodAccessorImpl.java DelegatingMethodAccessorImpl.java Method.java Main.java Main.java Main.java Main.java,NullPointerException in MatchLocator.findIndexMatches,x86_64,2016-12-10T20:21:01.264Z
TrimStack.java TrimStack.java TypedListener.java EventTable.java Display.java Widget.java Widget.java Widget.java Widget.java Control.java Composite.java Canvas.java Widget.java Control.java Widget.java SWTPartRenderer.java PartRenderingEngine.java PartRenderingEngine.java PartRenderingEngine.java SafeRunner.java PartRenderingEngine.java PartRenderingEngine.java PartRenderingEngine.java PartRenderingEngine.java SafeRunner.java PartRenderingEngine.java PartRenderingEngine.java PartRenderingEngine.java PartRenderingEngine.java SafeRunner.java PartRenderingEngine.java WorkbenchWindow.java WorkbenchWindow.java WorkbenchWindow.java WorkbenchWindow.java BusyIndicator.java WorkbenchWindow.java WorkbenchWindow.java WorkbenchWindow.java WBWRenderer.java TypedListener.java EventTable.java Display.java Widget.java Widget.java Widget.java Shell.java Shell.java Display.java OS.java Widget.java Widget.java Shell.java Display.java OS.java Display.java Display.java OS.java NSApplication.java Display.java PartRenderingEngine.java Realm.java PartRenderingEngine.java E4Workbench.java Workbench.java Realm.java Workbench.java PlatformUI.java IDEApplication.java EclipseAppHandle.java EclipseAppLauncher.java EclipseAppLauncher.java EclipseStarter.java EclipseStarter.java NativeMethodAccessorImpl.java NativeMethodAccessorImpl.java DelegatingMethodAccessorImpl.java Method.java Main.java Main.java Main.java,NullPointerException in TrimStack.showStack,x86_64,2016-12-13T11:39:03.695Z
PreferenceDialog.java SafeRunner.java JFaceUtil.java SafeRunnable.java PreferenceDialog.java FilteredPreferenceDialog.java PreferenceDialog.java Dialog.java TypedListener.java EventTable.java Display.java Widget.java Display.java Display.java Window.java Window.java PropertyDialogAction.java Action.java ActionContributionItem.java ActionContributionItem.java ActionContributionItem.java EventTable.java Display.java Widget.java Display.java Display.java PartRenderingEngine.java Realm.java PartRenderingEngine.java E4Workbench.java Workbench.java Realm.java Workbench.java PlatformUI.java IDEApplication.java EclipseAppHandle.java EclipseAppLauncher.java EclipseAppLauncher.java EclipseStarter.java EclipseStarter.java NativeMethodAccessorImpl.java NativeMethodAccessorImpl.java DelegatingMethodAccessorImpl.java Method.java Main.java Main.java Main.java Main.java,NullPointerException below FilteredPreferenceDialog.okPressed (thrown in PreferenceDialog$12.run),x86_64,2016-12-01T07:56:39.518Z
ECPProjectImpl.java PropertiesStore.java PropertiesStore.java ECPProjectManagerImpl.java Registry.java Registry.java ECPProjectManagerImpl.java ECPProjectManagerImpl.java ECPHandlerHelper.java CreateProjectHandler.java HandlerProxy.java E4HandlerProxy.java MethodRequestor.java InjectorImpl.java InjectorImpl.java ContextInjectionFactory.java HandlerServiceHandler.java Command.java ParameterizedCommand.java HandlerServiceImpl.java HandledContributionItem.java HandledContributionItem.java HandledContributionItem.java HandledContributionItem.java EventTable.java Display.java Widget.java Display.java Display.java PartRenderingEngine.java Realm.java PartRenderingEngine.java E4Workbench.java Workbench.java Realm.java Workbench.java PlatformUI.java Application.java EclipseAppHandle.java EclipseAppLauncher.java EclipseAppLauncher.java EclipseStarter.java EclipseStarter.java Main.java Main.java Main.java Main.java,NullPointerException in ECPProjectImpl.write,x86,2016-09-19T08:40:26.374Z
DefaultUiFreezeEventLogger.java EventLoopMonitorThread.java EventLoopMonitorThread.java,FreezeWarning below RulerToggleBreakpointActionDelegate.setActiveEditor (thrown in AbstractRulerActionDelegate.setActiveEditor),x86,2016-12-01T07:56:39.816Z
FormTextModel.java FormTextModel.java FormText.java HintTextGroup.java HintTextGroup.java HintTextGroup.java HintTextGroup.java StructuredViewer.java SafeRunner.java JFaceUtil.java SafeRunnable.java StructuredViewer.java StructuredViewer.java TreeViewer.java DialogPackageExplorer.java Workspace.java DialogPackageExplorer.java DialogPackageExplorer.java NewSourceContainerWorkbookPage.java NewSourceContainerWorkbookPage.java NewSourceContainerWorkbookPage.java RunnableLock.java Synchronizer.java Display.java Display.java ModalContext.java ModalContext.java WizardDialog.java NewElementWizard.java JavaProjectWizard.java WizardDialog.java WizardDialog.java Dialog.java TypedListener.java EventTable.java Display.java Widget.java Display.java Display.java Window.java Window.java NewProjectAction.java Action.java ActionContributionItem.java ActionContributionItem.java ActionContributionItem.java EventTable.java Display.java Widget.java Display.java Display.java PartRenderingEngine.java Realm.java PartRenderingEngine.java E4Workbench.java Workbench.java Realm.java Workbench.java PlatformUI.java IDEApplication.java EclipseAppHandle.java EclipseAppLauncher.java EclipseAppLauncher.java EclipseStarter.java EclipseStarter.java NativeMethodAccessorImpl.java NativeMethodAccessorImpl.java DelegatingMethodAccessorImpl.java Method.java Main.java Main.java Main.java Main.java,IllegalArgumentException in FormTextModel.parseInputStream,x86_64,2016-12-12T07:55:41.001Z
UpdateSite.java UpdateSite.java UpdateSite.java RemoteFeaturesAction.java RemoteUpdateSiteAction.java Publisher.java Publisher.java UpdateSiteMetadataRepositoryFactory.java UpdateSiteMetadataRepositoryFactory.java UpdateSiteMetadataRepositoryFactory.java MetadataRepositoryManager.java AbstractRepositoryManager.java AbstractRepositoryManager.java MetadataRepositoryManager.java MetadataRepositoryManager.java ProvisioningUI.java MetadataRepositoryElement.java MetadataRepositoryElement.java RemoteQueriedElement.java DeferredTreeContentManager.java Worker.java,NoStackTrace below DeferredTreeContentManager$1.run (thrown in UpdateSite.loadIncludedFeatures),x86,2016-12-10T07:00:19.528Z
UNIXProcess.java UNIXProcess.java AccessController.java UNIXProcess.java ProcessImpl.java ProcessBuilder.java Runtime.java Runtime.java Runtime.java LaunchManager.java LaunchManager.java StandardVMType.java StandardVMType.java StandardVMType.java StandardVMType.java StandardVMType.java MacOSXVMInstallType.java JavaRuntime.java JavaRuntime.java JavaRuntime.java JavaRuntime.java NewJavaProjectWizardPageOne.java NewJavaProjectWizardPageOne.java NewJavaProjectWizardPageOne.java NewJavaProjectWizardPageOne.java JavaProjectWizard.java WizardDialog.java Window.java Dialog.java NewWizardShortcutAction.java Action.java ActionContributionItem.java ActionContributionItem.java ActionContributionItem.java EventTable.java Display.java Widget.java Widget.java Widget.java Widget.java Display.java Display.java PartRenderingEngine.java Realm.java PartRenderingEngine.java E4Workbench.java Workbench.java Realm.java Workbench.java PlatformUI.java IDEApplication.java EclipseAppHandle.java EclipseAppLauncher.java EclipseAppLauncher.java EclipseStarter.java EclipseStarter.java NativeMethodAccessorImpl.java NativeMethodAccessorImpl.java DelegatingMethodAccessorImpl.java Method.java Main.java Main.java Main.java,Error below LaunchManager.cacheNativeEnvironment (thrown in UNIXProcess$1.run),x86_64,2016-12-11T07:53:32.154Z
ProcessImpl.java ProcessBuilder.java Runtime.java Runtime.java DebugPlugin.java StandardVMType.java StandardVMType.java StandardVMType.java StandardVMType.java StandardVMType.java MacOSXVMInstallType.java JavaRuntime.java JavaRuntime.java JavaRuntime.java NewJavaProjectWizardPageOne.java NewJavaProjectWizardPageOne.java NewJavaProjectWizardPageOne.java NewJavaProjectWizardPageOne.java JavaProjectWizard.java WizardDialog.java Window.java Dialog.java NewWizardShortcutAction.java Action.java ActionContributionItem.java ActionContributionItem.java ActionContributionItem.java EventTable.java Display.java Widget.java Widget.java Widget.java Widget.java Display.java Display.java PartRenderingEngine.java Realm.java PartRenderingEngine.java E4Workbench.java Workbench.java Realm.java Workbench.java PlatformUI.java IDEApplication.java EclipseAppHandle.java EclipseAppLauncher.java EclipseAppLauncher.java EclipseStarter.java EclipseStarter.java NativeMethodAccessorImpl.java NativeMethodAccessorImpl.java DelegatingMethodAccessorImpl.java Method.java Main.java Main.java Main.java,NoClassDefFoundError below DebugPlugin.exec (thrown in ProcessImpl.start),x86_64,2016-12-11T07:53:32.392Z
ElementImpl.java XMLModelParser.java XMLModelParser.java XMLModelParser.java XMLModelParser.java XMLModelParser.java XMLModelParser.java DOMModelImpl.java BasicStructuredDocument.java BasicStructuredDocument.java BasicStructuredDocument.java BasicStructuredDocument.java BasicStructuredDocument.java JobSafeStructuredDocument.java JobSafeStructuredDocument.java SafeRunner.java EditorExecutionContext.java JobSafeStructuredDocument.java BasicStructuredDocument.java JobSafeStructuredDocument.java JobSafeStructuredDocument.java SafeRunner.java EditorExecutionContext.java JobSafeStructuredDocument.java ProjectionTextStore.java AbstractDocument.java AbstractDocument.java ProjectionDocument.java DefaultDocumentAdapter.java StyledText.java StyledText.java StyledText.java StyledText.java StyledText.java StyledText.java EventTable.java Display.java Widget.java Widget.java Widget.java Widget.java Control.java Canvas.java Widget.java Control.java Display.java OS.java OS.java Control.java Control.java Composite.java Widget.java Control.java Display.java OS.java OS.java Display.java OS.java OS.java Display.java PartRenderingEngine.java Realm.java PartRenderingEngine.java E4Workbench.java Workbench.java Realm.java Workbench.java PlatformUI.java IDEApplication.java EclipseAppHandle.java EclipseAppLauncher.java EclipseAppLauncher.java EclipseStarter.java EclipseStarter.java NativeMethodAccessorImpl.java NativeMethodAccessorImpl.java DelegatingMethodAccessorImpl.java Method.java Main.java Main.java Main.java Main.java,HIDDEN in ElementImpl.insertBefore,x86_64,2016-12-13T09:45:54.637Z
MethodRequestor.java InjectorImpl.java InjectorImpl.java ContextInjectionFactory.java HandlerServiceHandler.java Command.java ParameterizedCommand.java HandlerServiceImpl.java HandledContributionItem.java HandledContributionItem.java HandledContributionItem.java HandledContributionItem.java EventTable.java Display.java Widget.java Widget.java Widget.java Widget.java Display.java Display.java PartRenderingEngine.java Realm.java PartRenderingEngine.java E4Workbench.java Workbench.java Realm.java Workbench.java PlatformUI.java IDEApplication.java EclipseAppHandle.java EclipseAppLauncher.java EclipseAppLauncher.java EclipseStarter.java EclipseStarter.java NativeMethodAccessorImpl.java NativeMethodAccessorImpl.java DelegatingMethodAccessorImpl.java Method.java Main.java Main.java Main.java,IllegalArgumentException in Versionable.getVersion,x86_64,2016-12-11T07:53:35.350Z
DefaultUiFreezeEventLogger.java EventLoopMonitorThread.java EventLoopMonitorThread.java,FreezeWarning below AbstractInfoView.createPartControl (thrown in COM.VtblCall),x86_64,2016-12-10T07:50:39.850Z
WorkspaceInfo.java WorkspaceInfo.java MetadataSynchronizer.java MetadataSynchronizer.java Worker.java,MissingComponentException in WorkspaceInfo.getResolution,x86_64,2016-09-19T08:40:26.566Z
PDECore.java PDECore.java MinimalState.java PluginModelManager.java PluginModelManager.java PluginModelManager.java LoadTargetDefinitionJob.java LoadTargetDefinitionJob.java InternalWorkspaceJob.java TargetPlatformUtil.java TargletContainer.java TargletTaskImpl.java TargetPlatformUtil.java TargletTaskImpl.java SetupTaskPerformer.java SetupTaskPerformer.java SetupTaskPerformer.java Workspace.java SetupTaskPerformer.java SetupTaskPerformer.java SetupTaskPerformer.java SetupTaskPerformer.java SetupTaskPerformer.java ProgressPage.java ProgressPage.java Worker.java,NoStackTrace in MinimalState.addBundle,x86_64,2016-12-13T07:55:47.682Z
Policy.java Policy.java LocalFile.java FileSystemResourceManager.java FileSystemResourceManager.java Project.java Project.java Project.java Project.java ProjectUtils.java ProjectUtils.java ProjectUtils.java Workspace.java Workspace.java ProjectUtils.java ProjectUtils.java GitImportWizard.java GitImportWizard.java GitImportWizard.java ModalContext.java,CoreException below ProjectUtils.createExistingProject (thrown in LocalFile.mkdir),x86_64,2016-12-03T07:48:29.181Z
ParameterizedGenericMethodBinding.java ParameterizedGenericMethodBinding.java Scope.java Scope.java Scope.java Scope.java Scope.java JavadocFieldReference.java JavadocFieldReference.java Javadoc.java Javadoc.java TypeDeclaration.java TypeDeclaration.java CompilationUnitDeclaration.java CompilationUnitResolver.java CompilationUnitResolver.java ASTParser.java ASTParser.java ASTProvider.java SafeRunner.java ASTProvider.java ASTProvider.java SharedASTProvider.java k9EaaVeJYVSXpOUK WOfaKvP/KlHOwzeJ ILsHR1bgMeik1QmN HgNNlVPHidjEEAGZ X3IprbnO4E6jmhiw eyKiftevTO12iTC+ Worker.java,NullPointerException in ParameterizedGenericMethodBinding.computeCompatibleMethod18,x86_64,2016-12-13T12:32:54.015Z
TeamUIPlugin.java SynchronizeManager.java SynchronizeManager.java SynchronizeManager.java TeamUIPlugin.java TeamUI.java GlobalRefreshAction.java WWinPluginAction.java PluginAction.java PluginAction.java WWinPluginAction.java WWinPluginAction.java WWinPluginPulldown.java ActionDescriptor.java ActionDescriptor.java PluginActionSetBuilder.java PluginActionBuilder.java RegistryReader.java RegistryReader.java PluginActionBuilder.java RegistryReader.java PluginActionSetBuilder.java PluginActionSetBuilder.java ActionPresentation.java WorkbenchWindow.java WorkbenchPage.java UIEventHandler.java Synchronizer.java UISynchronizer.java Display.java E4Application.java UIEventHandler.java EventHandlerWrapper.java EventHandlerTracker.java EventHandlerTracker.java EventManager.java ListenerQueue.java EventAdminImpl.java EventAdminImpl.java EventComponent.java EventBroker.java UIEventPublisher.java BasicNotifierImpl.java PerspectiveStackImpl.java PerspectiveStackImpl.java PerspectiveSwitcher.java TypedListener.java EventTable.java Display.java Widget.java Widget.java Widget.java Widget.java Display.java Display.java PartRenderingEngine.java Realm.java PartRenderingEngine.java E4Workbench.java Workbench.java Realm.java Workbench.java PlatformUI.java IDEApplication.java EclipseAppHandle.java EclipseAppLauncher.java EclipseAppLauncher.java EclipseStarter.java EclipseStarter.java NativeMethodAccessorImpl.java NativeMethodAccessorImpl.java DelegatingMethodAccessorImpl.java Method.java Main.java Main.java Main.java,NoStackTrace in SynchronizeManager.restoreSavedParticipants,x86_64,2016-12-13T14:02:17.691Z
StyledTextRenderer.java StyledText.java StyledText.java StyledText.java StyledText.java StyledText.java DefaultDocumentAdapter.java DefaultDocumentAdapter.java AbstractDocument.java AbstractDocument.java AbstractDocument.java AbstractDocument.java ProjectionDocument.java ProjectionDocument.java ProjectionDocumentManager.java ProjectionDocumentManager.java AbstractDocument.java AbstractDocument.java AbstractDocument.java AbstractDocument.java AbstractDocument.java SynchronizableDocument.java AbstractDocument.java SynchronizableDocument.java DeleteEdit.java TextEdit.java TextEditProcessor.java TextEdit.java TextEditProcessor.java TextEdit.java SelectionProcessor.java ProjectionViewer.java ProjectionViewer.java ProjectionViewer.java JavaSourceViewer.java CompilationUnitEditor.java ClipboardOperationAction.java ClipboardOperationAction.java ClipboardOperationAction.java BusyIndicator.java ClipboardOperationAction.java Action.java ActionHandler.java E4HandlerProxy.java DelegatingMethodAccessorImpl.java Method.java MethodRequestor.java InjectorImpl.java InjectorImpl.java ContextInjectionFactory.java HandlerServiceHandler.java Command.java ParameterizedCommand.java HandlerServiceImpl.java KeyBindingDispatcher.java KeyBindingDispatcher.java KeyBindingDispatcher.java KeyBindingDispatcher.java KeyBindingDispatcher.java KeyBindingDispatcher.java EventTable.java Display.java Display.java Widget.java Widget.java Widget.java Widget.java Widget.java Canvas.java Control.java Display.java OS.java NSResponder.java Composite.java Display.java OS.java Widget.java Widget.java Shell.java Display.java OS.java Display.java Display.java OS.java NSApplication.java Display.java PartRenderingEngine.java Realm.java PartRenderingEngine.java E4Workbench.java Workbench.java Realm.java Workbench.java PlatformUI.java IDEApplication.java EclipseAppHandle.java EclipseAppLauncher.java EclipseAppLauncher.java EclipseStarter.java EclipseStarter.java NativeMethodAccessorImpl.java NativeMethodAccessorImpl.java DelegatingMethodAccessorImpl.java Method.java Main.java Main.java Main.java,ArrayIndexOutOfBoundsException below DeleteEdit.performDocumentUpdating (thrown in StyledTextRenderer.calculateClientArea),x86_64,2016-09-19T08:40:26.620Z
DefaultUiFreezeEventLogger.java EventLoopMonitorThread.java EventLoopMonitorThread.java,FreezeWarning below FilteredTypesSelectionDialog.setResult (thrown in HashMap.put),x86_64,2016-11-17T07:54:02.135Z
TypeSystem.java TypeSystem.java LookupEnvironment.java LookupEnvironment.java LookupEnvironment.java BinaryTypeBinding.java BinaryTypeBinding.java BinaryTypeBinding.java LookupEnvironment.java LookupEnvironment.java Compiler.java LookupEnvironment.java UnresolvedReferenceBinding.java BinaryTypeBinding.java ParameterizedTypeBinding.java BinaryTypeBinding.java BinaryTypeBinding.java BinaryTypeBinding.java TypeBinding.java Bindings.java Bindings.java Bindings.java Bindings.java OverrideIndicatorManager.java MethodDeclaration.java ASTNode.java ASTNode.java TypeDeclaration.java ASTNode.java ASTNode.java TypeDeclaration.java ASTNode.java ASTNode.java CompilationUnit.java ASTNode.java OverrideIndicatorManager.java OverrideIndicatorManager.java CompilationUnitEditor.java JavaReconcilingStrategy.java JavaCompositeReconcilingStrategy.java JavaCompositeReconcilingStrategy.java MonoReconciler.java JavaReconciler.java AbstractReconciler.java,NullPointerException in TypeSystem.getWildcard,x86_64,2016-12-12T07:55:44.557Z
DefaultUiFreezeEventLogger.java EventLoopMonitorThread.java EventLoopMonitorThread.java,FreezeWarning below WorkingSetManager$4.run (thrown in WorkingSetManager.apply),x86,2016-09-19T08:40:26.654Z
PackageExplorerContentProvider.java PackageExplorerContentProvider.java PackageExplorerContentProvider.java PackageExplorerContentProvider.java PackageExplorerContentProvider.java PackageExplorerContentProvider.java PackageExplorerContentProvider.java PackageExplorerContentProvider.java PackageExplorerContentProvider.java DeltaProcessor.java SafeRunner.java DeltaProcessor.java DeltaProcessor.java DeltaProcessor.java DeltaProcessor.java DeltaProcessingState.java NotificationManager.java SafeRunner.java NotificationManager.java NotificationManager.java Workspace.java Workspace.java InternalWorkspaceJob.java Worker.java,ClassCastException in PackageExplorerContentProvider.handleAffectedChildren,x86_64,2016-12-13T09:16:44.488Z
DefaultUiFreezeEventLogger.java EventLoopMonitorThread.java EventLoopMonitorThread.java,FreezeWarning below SelectionDispatchAction.run (thrown in WinNTFileSystem.createDirectory),x86_64,2016-11-11T07:58:45.173Z
LocationProperties.java AbstractRepositoryManager.java AbstractRepositoryManager.java ArtifactRepositoryManager.java ArtifactRepositoryManager.java ProvisioningContext.java ProvisioningContext.java Sizing.java Phase.java Phase.java PhaseSet.java Engine.java Engine.java ProvUI.java SizeComputingWizardPage.java Worker.java,IllegalArgumentException below LocationProperties.create (thrown in Properties.loadConvert),x86_64,2016-12-10T07:50:43.326Z
DefaultUiFreezeEventLogger.java EventLoopMonitorThread.java EventLoopMonitorThread.java,FreezeWarning below XtextEditor.createPartControl (thrown in XtextDocument$XtextDocumentLocker.internalReadOnly),x86_64,2016-12-12T07:55:47.617Z
DefaultUiFreezeEventLogger.java EventLoopMonitorThread.java EventLoopMonitorThread.java,FreezeWarning below SnipmatchCompletionEngine$6.modifyText (thrown in ProjectCoordinateAdvisorService.suggest),x86_64,2016-09-19T08:40:26.772Z
MethodRequestor.java InjectorImpl.java InjectorImpl.java ContextInjectionFactory.java HandlerServiceHandler.java Command.java HandlerServiceImpl.java HandledContributionItem.java HandledContributionItem.java HandledContributionItem.java SafeRunner.java HandledContributionItem.java ToolItemUpdater.java ToolBarManagerRenderer.java TrackableComputationExt.java EclipseContext.java EclipseContext.java ContextContextService.java WorkbenchWindow.java MethodRequestor.java InjectorImpl.java InjectorImpl.java InjectorImpl.java ContextInjectionFactory.java Workbench.java Workbench.java Workbench.java OpenInNewWindowHandler.java HandlerProxy.java E4HandlerProxy.java MethodRequestor.java InjectorImpl.java InjectorImpl.java ContextInjectionFactory.java HandlerServiceHandler.java Command.java ParameterizedCommand.java HandlerServiceImpl.java LegacyHandlerService.java CommandAction.java ActionContributionItem.java ActionContributionItem.java ActionContributionItem.java EventTable.java Display.java Widget.java Display.java Display.java PartRenderingEngine.java Realm.java PartRenderingEngine.java E4Workbench.java Workbench.java Realm.java Workbench.java PlatformUI.java IDEApplication.java EclipseAppHandle.java EclipseAppLauncher.java EclipseAppLauncher.java EclipseStarter.java EclipseStarter.java Main.java Main.java Main.java Main.java,NullPointerException in EnableWriteCommandHandler.getSelectedElement,x86_64,2016-11-14T08:01:44.964Z
MethodRequestor.java InjectorImpl.java InjectorImpl.java ContextInjectionFactory.java HandlerServiceHandler.java Command.java HandlerServiceImpl.java HandledContributionItem.java HandledContributionItem.java HandledContributionItem.java SafeRunner.java HandledContributionItem.java ToolItemUpdater.java ToolBarManagerRenderer.java TrackableComputationExt.java EclipseContext.java EclipseContext.java ContextContextService.java WorkbenchWindow.java MethodRequestor.java InjectorImpl.java InjectorImpl.java InjectorImpl.java ContextInjectionFactory.java Workbench.java Workbench.java Workbench.java OpenInNewWindowHandler.java HandlerProxy.java E4HandlerProxy.java MethodRequestor.java InjectorImpl.java InjectorImpl.java ContextInjectionFactory.java HandlerServiceHandler.java Command.java ParameterizedCommand.java HandlerServiceImpl.java LegacyHandlerService.java CommandAction.java ActionContributionItem.java ActionContributionItem.java ActionContributionItem.java EventTable.java Display.java Widget.java Display.java Display.java PartRenderingEngine.java Realm.java PartRenderingEngine.java E4Workbench.java Workbench.java Realm.java Workbench.java PlatformUI.java IDEApplication.java EclipseAppHandle.java EclipseAppLauncher.java EclipseAppLauncher.java EclipseStarter.java EclipseStarter.java Main.java Main.java Main.java Main.java,NullPointerException in CreateNatTableFromCatalogHandler.getSelection,x86_64,2016-11-14T08:01:45.218Z
TabbedPropertySheetPage.java TabbedPropertySheetPage.java TabbedPropertySheetPage.java PropertySheet.java SelectionService.java SelectionService.java WorkbenchPage.java PartServiceImpl.java SafeRunner.java PartServiceImpl.java PartServiceImpl.java PartServiceImpl.java MethodRequestor.java ContextObjectSupplier.java TrackableComputationExt.java EclipseContext.java EclipseContext.java EclipseContext.java EclipseContext.java ShellActivationListener.java SafeRunner.java ShellActivationListener.java ShellActivationListener.java EventTable.java Display.java Widget.java Widget.java Widget.java Decorations.java Shell.java Control.java Canvas.java Decorations.java Shell.java Display.java OS.java Decorations.java Shell.java WBWRenderer.java UIEventHandler.java Synchronizer.java UISynchronizer.java Display.java E4Application.java UIEventHandler.java EventHandlerWrapper.java EventHandlerTracker.java EventHandlerTracker.java EventManager.java ListenerQueue.java EventAdminImpl.java EventAdminImpl.java EventComponent.java EventBroker.java UIEventPublisher.java BasicNotifierImpl.java ElementContainerImpl.java ApplicationImpl.java ApplicationImpl.java PartServiceImpl.java PartServiceImpl.java AbstractPartRenderer.java ContributedPartRenderer.java EventTable.java Display.java Widget.java Widget.java Widget.java Shell.java Shell.java Control.java Canvas.java Decorations.java Shell.java Display.java OS.java OS.java Scrollable.java Control.java Display.java OS.java OS.java Scrollable.java Control.java Display.java OS.java OS.java Scrollable.java Control.java Display.java OS.java OS.java Scrollable.java Control.java Display.java OS.java OS.java Scrollable.java Control.java Display.java OS.java OS.java Scrollable.java Control.java Display.java OS.java OS.java Scrollable.java Control.java Display.java OS.java OS.java Scrollable.java Control.java Display.java OS.java OS.java Scrollable.java Control.java Display.java OS.java OS.java Scrollable.java Control.java Display.java OS.java OS.java Scrollable.java Control.java Display.java OS.java OS.java Scrollable.java Control.java Display.java OS.java OS.java Scrollable.java Control.java Display.java OS.java OS.java Scrollable.java Control.java Display.java OS.java OS.java Scrollable.java Control.java Canvas.java Display.java OS.java OS.java Display.java PartRenderingEngine.java Realm.java PartRenderingEngine.java E4Workbench.java Workbench.java Realm.java Workbench.java PlatformUI.java IDEApplication.java EclipseAppHandle.java EclipseAppLauncher.java EclipseAppLauncher.java EclipseStarter.java EclipseStarter.java Main.java Main.java Main.java Main.java,NullPointerException in TabbedPropertySheetPage.validateRegistry,x86_64,2016-12-04T08:46:51.029Z
ProfileApplicationOperations.java ProfileApplicationImpl.java StereotypeApplicationRepairSnippet.java StereotypeApplicationRepairSnippet.java StereotypeApplicationRepairSnippet.java StereotypeApplicationRepairSnippet.java StereotypeApplicationRepairSnippet.java BasicNotifierImpl.java BasicEList.java AbstractEList.java BasicNotifierImpl.java StereotypeApplicationRepairSnippet.java StereotypeApplicationRepairSnippet.java BasicNotifierImpl.java BasicEList.java AbstractEList.java BasicNotifierImpl.java StereotypeApplicationRepairSnippet.java StereotypeApplicationRepairSnippet.java ModelSet.java ModelSet.java CoreMultiDiagramEditor.java CoreMultiDiagramEditor.java CoreMultiDiagramEditor.java EditorReference.java CompatibilityPart.java MethodRequestor.java InjectorImpl.java InjectorImpl.java InjectorImpl.java InjectorImpl.java InjectorImpl.java ContextInjectionFactory.java ReflectionContributionFactory.java ReflectionContributionFactory.java ReflectionContributionFactory.java ContributedPartRenderer.java PartRenderingEngine.java PartRenderingEngine.java PartRenderingEngine.java PartRenderingEngine.java PartRenderingEngine.java SafeRunner.java PartRenderingEngine.java PartServiceImpl.java UIEventHandler.java Synchronizer.java UISynchronizer.java Display.java E4Application.java UIEventHandler.java EventHandlerWrapper.java EventHandlerTracker.java EventHandlerTracker.java EventManager.java ListenerQueue.java EventAdminImpl.java EventAdminImpl.java EventComponent.java EventBroker.java UIEventPublisher.java BasicNotifierImpl.java ElementContainerImpl.java ModelServiceImpl.java ModelServiceImpl.java PartServiceImpl.java PartServiceImpl.java PartServiceImpl.java WorkbenchPage.java WorkbenchPage.java WorkbenchPage.java BusyIndicator.java WorkbenchPage.java WorkbenchPage.java WorkbenchPage.java IDE.java IDE.java EditorUtility.java EditorUtility.java OpenAction.java OpenAction.java SelectionDispatchAction.java SelectionDispatchAction.java PackageExplorerActionGroup.java PackageExplorerPart.java OpenAndLinkWithEditorHelper.java StructuredViewer.java SafeRunner.java JFaceUtil.java SafeRunnable.java StructuredViewer.java StructuredViewer.java StructuredViewer.java OpenStrategy.java OpenStrategy.java OpenStrategy.java EventTable.java Display.java Widget.java Display.java Display.java PartRenderingEngine.java Realm.java PartRenderingEngine.java E4Workbench.java Workbench.java Realm.java Workbench.java PlatformUI.java IDEApplication.java EclipseAppHandle.java EclipseAppLauncher.java EclipseAppLauncher.java EclipseStarter.java EclipseStarter.java Main.java Main.java Main.java Main.java,ClassCastException in ProfileApplicationOperations.getAppliedDefinition,x86_64,2016-09-19T08:40:27.210Z
DefaultUiFreezeEventLogger.java EventLoopMonitorThread.java EventLoopMonitorThread.java,FreezeWarning below InitModelWizard.init (thrown in XMLDocumentFragmentScannerImpl.scanStartElement),x86_64,2016-12-13T07:55:50.641Z
DefaultUiFreezeEventLogger.java EventLoopMonitorThread.java EventLoopMonitorThread.java,FreezeWarning below NLSKeyHyperlinkDetector.detectHyperlinks (thrown in File.internalGetCharset),x86_64,2016-12-03T07:48:34.538Z
JavaElement.java Openable.java JavaElement.java JavaElement.java JavaElement.java JavaProject.java JavaProject.java SearchableEnvironment.java SearchableEnvironment.java JavaProject.java Openable.java CompilationUnit.java CompilationUnit.java SelectionConverter.java SelectionConverter.java ModalContext.java,JavaModelException below SelectionConverter.codeResolve (thrown in JavaElement.newJavaModelException),x86_64,2016-12-13T07:55:55.191Z
GC.java StyledTextRenderer.java StyledText.java StyledText.java EventTable.java Widget.java Widget.java Widget.java Composite.java Control.java Canvas.java Display.java OS.java OS.java Display.java PartRenderingEngine.java Realm.java PartRenderingEngine.java E4Workbench.java Workbench.java Realm.java Workbench.java PlatformUI.java IDEApplication.java EclipseAppHandle.java EclipseAppLauncher.java EclipseAppLauncher.java EclipseStarter.java EclipseStarter.java NativeMethodAccessorImpl.java NativeMethodAccessorImpl.java DelegatingMethodAccessorImpl.java Method.java Main.java Main.java Main.java,IllegalArgumentException in GC.setBackground,x86_64,2016-12-09T18:31:42.892Z
PacketReceiveManager.java PacketReceiveManager.java MirrorImpl.java MirrorImpl.java ThreadReferenceImpl.java ThreadReferenceImpl.java JDIThread.java JDIThread.java JDIThread.java JDIStackFrame.java JDIStackFrame.java JDIStackFrame.java JDIStackFrame.java JDIStackFrame.java JDIStackFrame.java JavaDebugHover.java JavaDebugHover.java BestMatchHover.java BestMatchHover.java JavaEditorTextHoverProxy.java TextViewerHoverManager.java,TimeoutException below BestMatchHover.getHoverInfo2 (thrown in PacketReceiveManager.getReply),x86_64,2016-12-13T07:55:59.709Z
PageBookView.java CompatibilityPart.java DelegatingMethodAccessorImpl.java Method.java MethodRequestor.java InjectorImpl.java InjectorImpl.java InjectorImpl.java ContextInjectionFactory.java PartRenderingEngine.java ContributedPartRenderer.java Composite.java StackRenderer.java TypedListener.java EventTable.java Display.java Widget.java Widget.java Widget.java Widget.java Display.java Display.java PartRenderingEngine.java Realm.java PartRenderingEngine.java E4Workbench.java Workbench.java Realm.java Workbench.java PlatformUI.java IDEApplication.java EclipseAppHandle.java EclipseAppLauncher.java EclipseAppLauncher.java EclipseStarter.java EclipseStarter.java NativeMethodAccessorImpl.java NativeMethodAccessorImpl.java DelegatingMethodAccessorImpl.java Method.java Main.java Main.java Main.java,NullPointerException in PageBookView.setFocus,x86_64,2016-12-13T13:26:19.565Z
CompletionProposalCollector.java FillArgumentNamesCompletionProposalCollector.java ProposalCollectingCompletionRequestor.java ProposalCollectingCompletionRequestor.java SubwordsSessionProcessor.java SubwordsSessionProcessor.java SubwordsSessionProcessor.java IntelligentCompletionProposalComputer.java IntelligentCompletionProposalComputer.java CompletionProposalComputerDescriptor.java CompletionProposalCategory.java ContentAssistProcessor.java ContentAssistProcessor.java ContentAssistant.java CompletionProposalPopup.java CompletionProposalPopup.java CompletionProposalPopup.java BusyIndicator.java CompletionProposalPopup.java ContentAssistant.java CompilationUnitEditor.java ContentAssistAction.java BusyIndicator.java ContentAssistAction.java Action.java ActionHandler.java E4HandlerProxy.java MethodRequestor.java InjectorImpl.java InjectorImpl.java ContextInjectionFactory.java HandlerServiceHandler.java Command.java ParameterizedCommand.java HandlerServiceImpl.java KeyBindingDispatcher.java KeyBindingDispatcher.java KeyBindingDispatcher.java KeyBindingDispatcher.java KeyBindingDispatcher.java KeyBindingDispatcher.java EventTable.java Display.java Widget.java Widget.java Widget.java Widget.java Widget.java Widget.java Control.java Canvas.java Control.java Canvas.java Display.java OS.java OS.java Display.java PartRenderingEngine.java Realm.java PartRenderingEngine.java E4Workbench.java Workbench.java Realm.java Workbench.java PlatformUI.java IDEApplication.java EclipseAppHandle.java EclipseAppLauncher.java EclipseAppLauncher.java EclipseStarter.java EclipseStarter.java Main.java Main.java Main.java,NullPointerException in CompletionProposalCollector.<init>,x86_64,2016-09-19T08:40:28.004Z
XMLJavaHyperlinkDetector.java HyperlinkDetectorRegistry.java HyperlinkManager.java HyperlinkManager.java HyperlinkManager.java TypedListener.java EventTable.java Display.java Widget.java Display.java Display.java PartRenderingEngine.java Realm.java PartRenderingEngine.java E4Workbench.java Workbench.java Realm.java Workbench.java PlatformUI.java IDEApplication.java EclipseAppHandle.java EclipseAppLauncher.java EclipseAppLauncher.java EclipseStarter.java EclipseStarter.java NativeMethodAccessorImpl.java NativeMethodAccessorImpl.java DelegatingMethodAccessorImpl.java Method.java Main.java Main.java Main.java,NullPointerException in XMLJavaHyperlinkDetector.detectHyperlinks,x86_64,2016-09-19T08:40:28.025Z
DiskIndex.java DiskIndex.java DiskIndex.java Index.java IndexManager.java AddJarFileToIndex.java JobManager.java Thread.java,OutOfMemoryError in DiskIndex$IntList.add,x86_64,2016-12-02T07:51:46.394Z
FileCharSequenceProvider.java FileCharSequenceProvider.java FileCharSequenceProvider.java FileCharSequenceProvider.java Matcher.java Matcher.java Matcher.java TextSearchVisitor.java TextSearchVisitor.java TextSearchVisitor.java TextSearchVisitor.java TextSearchVisitor.java TextSearchEngine.java FileSearchQuery.java H3mguQBlzw9JGJY+ Worker.java,OutOfMemoryError in FileCharSequenceProvider$Buffer.<init>,x86_64,2016-12-05T07:51:11.157Z
MethodRequestor.java InjectorImpl.java InjectorImpl.java ContextInjectionFactory.java HandlerServiceHandler.java Command.java ParameterizedCommand.java HandlerServiceImpl.java LegacyHandlerService.java CommandContributionItem.java CommandContributionItem.java CommandContributionItem.java EventTable.java Display.java Widget.java Display.java Display.java PartRenderingEngine.java Realm.java PartRenderingEngine.java E4Workbench.java Workbench.java Realm.java Workbench.java PlatformUI.java IDEApplication.java EclipseAppHandle.java EclipseAppLauncher.java EclipseAppLauncher.java EclipseStarter.java EclipseStarter.java NativeMethodAccessorImpl.java NativeMethodAccessorImpl.java DelegatingMethodAccessorImpl.java Method.java Main.java Main.java Main.java,NullPointerException in PushBranchPage.createControl,x86_64,2016-12-12T07:55:58.214Z
Names.java k+hMBWmDTkZZUwyr dLGEdUQBploNDtwE NhtPQu5lx0lAE6UG TimSort.java TimSort.java Arrays.java ArrayList.java Collections.java KElrngT8m3F7tC+S AbstractTreeViewer.java TreeViewer.java StructuredViewer.java AbstractTreeViewer.java AbstractTreeViewer.java BusyIndicator.java AbstractTreeViewer.java TreeViewer.java AbstractTreeViewer.java AbstractTreeViewer.java TreeViewer.java AbstractTreeViewer.java TypedListener.java EventTable.java Display.java Widget.java Widget.java Widget.java TreeItem.java Tree.java Display.java OS.java Widget.java Widget.java Tree.java Widget.java Control.java Tree.java Display.java OS.java Widget.java Widget.java Shell.java Display.java OS.java Display.java Display.java OS.java NSApplication.java Display.java PartRenderingEngine.java Realm.java PartRenderingEngine.java E4Workbench.java Workbench.java Realm.java Workbench.java PlatformUI.java IDEApplication.java EclipseAppHandle.java EclipseAppLauncher.java EclipseAppLauncher.java EclipseStarter.java EclipseStarter.java NativeMethodAccessorImpl.java NativeMethodAccessorImpl.java DelegatingMethodAccessorImpl.java Method.java Main.java Main.java Main.java,NullPointerException in Names.vm2srcSimpleTypeName,x86_64,2016-09-19T08:40:28.079Z
LoopingFlowContext.java LoopingFlowContext.java FlowContext.java NullAnnotationMatching.java ForeachStatement.java Block.java ForeachStatement.java Block.java IfStatement.java MethodDeclaration.java TypeDeclaration.java TypeDeclaration.java CompilationUnitDeclaration.java Compiler.java ProcessTaskManager.java Thread.java,NullPointerException in LoopingFlowContext.recordNullReference,x86_64,2016-09-19T08:40:28.084Z
ModulecorePlugin.java FacetProjectCreationOperation.java DataModelPausibleOperationImpl.java Workspace.java DataModelPausibleOperationImpl.java DataModelPausibleOperationImpl.java DataModelPausibleOperationImpl.java DataModelPausibleOperationImpl.java DataModelPausibleOperationImpl.java DataModelPausibleOperationImpl.java JavaProjectMigrationOperation.java DataModelPausibleOperationImpl.java Workspace.java DataModelPausibleOperationImpl.java DataModelPausibleOperationImpl.java DataModelPausibleOperationImpl.java DataModelPausibleOperationImpl.java DataModelPausibleOperationImpl.java DataModelPausibleOperationImpl.java J2EEUtils.java PreServiceDevelopCommand.java ModalContext.java,NoStackTrace in FacetProjectCreationOperation.execute,x86_64,2016-12-13T13:08:04.704Z
ClasspathContainerReferenceResolver.java ReferenceResolverUtil.java StructureEdit.java VirtualComponent.java J2EEModuleVirtualComponent.java J2EEModuleVirtualComponent.java J2EEModuleVirtualComponent.java WebAppLibrariesContainer.java FlexibleProjectContainer.java WebAppLibrariesContainer.java WebAppLibrariesContainer.java FlexibleProjectContainer.java FlexibleProjectContainer.java NotificationManager.java SafeRunner.java NotificationManager.java NotificationManager.java Workspace.java AutoBuildJob.java AutoBuildJob.java Worker.java,NullPointerException in ClasspathContainerReferenceResolver.canResolve,x86_64,2016-12-11T07:53:50.528Z
ManagedBuilderUIPlugin.java ManagedBuilderUIPlugin.java NewMakeProjFromExisting.java WorkspaceModifyOperation.java Workspace.java WorkspaceModifyOperation.java ModalContext.java,NoStackTrace in NewMakeProjFromExisting$1.execute,x86_64,2016-12-13T10:27:04.503Z
OptionalMessageDialog.java Dialog.java TypedListener.java EventTable.java Widget.java Display.java Display.java Window.java Window.java MessageDialog.java ContentAssistProcessor.java ContentAssistProcessor.java ContentAssistProcessor.java ContentAssistProcessor.java ContentAssistProcessor.java ContentAssistProcessor.java ContentAssistant.java ContentAssistant.java ContentAssistant.java ContentAssistant.java RunnableLock.java Synchronizer.java Display.java Display.java PartRenderingEngine.java Realm.java PartRenderingEngine.java E4Workbench.java Workbench.java Realm.java Workbench.java PlatformUI.java IDEApplication.java EclipseAppHandle.java EclipseAppLauncher.java EclipseAppLauncher.java EclipseStarter.java EclipseStarter.java NativeMethodAccessorImpl.java NativeMethodAccessorImpl.java DelegatingMethodAccessorImpl.java Method.java Main.java Main.java Main.java Main.java,ArrayIndexOutOfBoundsException in OptionalMessageDialog.buttonPressed,x86_64,2016-09-19T08:40:28.117Z
PlatformURLPluginConnection.java PlatformURLPluginConnection.java PlatformURLHandler.java URLStreamHandlerProxy.java URL.java PlatformURLConverter.java FileLocator.java URLImageDescriptor.java URLImageDescriptor.java ImageDescriptor.java ImageDescriptor.java TrimStack.java TrimStack.java TrimStack.java NativeMethodAccessorImpl.java NativeMethodAccessorImpl.java DelegatingMethodAccessorImpl.java Method.java MethodRequestor.java InjectorImpl.java InjectorImpl.java InjectorImpl.java InjectorImpl.java ContextInjectionFactory.java ReflectionContributionFactory.java ReflectionContributionFactory.java ReflectionContributionFactory.java ToolControlRenderer.java PartRenderingEngine.java PartRenderingEngine.java PartRenderingEngine.java PartRenderingEngine.java PartRenderingEngine.java SafeRunner.java PartRenderingEngine.java PartRenderingEngine.java UIEventHandler.java Synchronizer.java UISynchronizer.java Display.java E4Application.java UIEventHandler.java EventHandlerWrapper.java EventHandlerTracker.java EventHandlerTracker.java EventManager.java ListenerQueue.java EventAdminImpl.java EventAdminImpl.java EventComponent.java EventBroker.java UIEventPublisher.java BasicNotifierImpl.java EcoreEList.java NotifyingListImpl.java AbstractEList.java MinMaxAddon.java MinMaxAddon.java MinMaxAddon.java UIEventHandler.java Synchronizer.java UISynchronizer.java Display.java E4Application.java UIEventHandler.java EventHandlerWrapper.java EventHandlerTracker.java EventHandlerTracker.java EventManager.java ListenerQueue.java EventAdminImpl.java EventAdminImpl.java EventComponent.java EventBroker.java UIEventPublisher.java BasicNotifierImpl.java EcoreEList.java NotifyingListImpl.java AbstractEList.java MinMaxAddon.java MinMaxAddon.java UIEventHandler.java Synchronizer.java UISynchronizer.java Display.java E4Application.java UIEventHandler.java EventHandlerWrapper.java EventHandlerTracker.java EventHandlerTracker.java EventManager.java ListenerQueue.java EventAdminImpl.java EventAdminImpl.java EventComponent.java EventBroker.java UIEventPublisher.java BasicNotifierImpl.java EcoreEList.java NotifyingListImpl.java AbstractEList.java MinMaxAddon.java MinMaxAddon.java MinMaxAddon.java TypedListener.java EventTable.java Widget.java Display.java Display.java PartRenderingEngine.java Realm.java PartRenderingEngine.java E4Workbench.java Workbench.java Realm.java Workbench.java PlatformUI.java IDEApplication.java EclipseAppHandle.java EclipseAppLauncher.java EclipseAppLauncher.java EclipseStarter.java EclipseStarter.java NativeMethodAccessorImpl.java NativeMethodAccessorImpl.java DelegatingMethodAccessorImpl.java Method.java Main.java Main.java Main.java Main.java,IOException below TrimStack.getImage (thrown in PlatformURLPluginConnection.parse),x86_64,2016-12-13T07:56:07.904Z
SearchPlugin.java cAEYK1GnaqGJ/xUt lP54l98pppRH/oIg cjOommCNMYeujBoX AbstractTextSearchResult.java AbstractTextSearchResult.java SearchResultUpdater.java ResourceDelta.java ResourceDelta.java ResourceDelta.java ResourceDelta.java ResourceDelta.java ResourceDelta.java ResourceDelta.java ResourceDelta.java ResourceDelta.java ResourceDelta.java ResourceDelta.java SearchResultUpdater.java SearchResultUpdater.java NotificationManager.java SafeRunner.java NotificationManager.java NotificationManager.java Workspace.java Workspace.java PerformChangeOperation.java Workspace.java PerformChangeOperation.java UIPerformChangeOperation.java PerformChangeOperation.java Workspace.java WorkbenchRunnableAdapter.java ModalContext.java,3rd party caused NoStackTrace below AbstractTextSearchResult.fireChange,x86_64,2016-12-12T07:56:00.943Z
ProgressInfoItem.java ProgressInfoItem.java ProgressInfoItem.java ProgressInfoItem.java DetailedProgressViewer.java DetailedProgressViewer.java ProgressViewerContentProvider.java ProgressViewUpdater.java UIJob.java RunnableLock.java Synchronizer.java Display.java Display.java PartRenderingEngine.java Realm.java PartRenderingEngine.java E4Workbench.java Workbench.java Realm.java Workbench.java PlatformUI.java IDEApplication.java EclipseAppHandle.java EclipseAppLauncher.java EclipseAppLauncher.java EclipseStarter.java EclipseStarter.java Main.java Main.java Main.java,NullPointerException in ProgressInfoItem.getJobNameAndStatus,x86_64,2016-12-06T14:46:30.285Z
TreeMap.java TreeMap.java Bundle.java BundleModel.java BundleSourcePage.java PDESourcePage.java TextViewer.java TextViewer.java TextViewer.java Display.java Display.java OS.java OS.java Display.java PartRenderingEngine.java Realm.java PartRenderingEngine.java E4Workbench.java Workbench.java Realm.java Workbench.java PlatformUI.java IDEApplication.java EclipseAppHandle.java EclipseAppLauncher.java EclipseAppLauncher.java EclipseStarter.java EclipseStarter.java NativeMethodAccessorImpl.java NativeMethodAccessorImpl.java DelegatingMethodAccessorImpl.java Method.java Main.java Main.java Main.java Main.java,ConcurrentModificationException below Bundle.clearOffsets (thrown in TreeMap$PrivateEntryIterator.nextEntry),x86_64,2016-11-11T07:43:08.752Z
JavaElement.java JavaElement.java JavaElement.java JavaElement.java SourceMethod.java JavaElementHyperlinkReturnTypeDetector.java JavaElementHyperlinkDetector.java HyperlinkDetectorRegistry.java HyperlinkManager.java HyperlinkManager.java HyperlinkManager.java TypedListener.java EventTable.java Display.java Widget.java Display.java Display.java PartRenderingEngine.java Realm.java PartRenderingEngine.java E4Workbench.java Workbench.java Realm.java Workbench.java PlatformUI.java IDEApplication.java EclipseAppHandle.java EclipseAppLauncher.java EclipseAppLauncher.java EclipseStarter.java EclipseStarter.java NativeMethodAccessorImpl.java NativeMethodAccessorImpl.java DelegatingMethodAccessorImpl.java Method.java Main.java Main.java Main.java Main.java,JavaModelException below JavaElementHyperlinkReturnTypeDetector.addHyperlinks (thrown in JavaElement.newNotPresentException),x86_64,2016-12-13T07:56:10.482Z
DefaultUiFreezeEventLogger.java EventLoopMonitorThread.java EventLoopMonitorThread.java,FreezeWarning below EventTable.sendEvent (thrown in Gdip.Graphics_SetClip),x86,2016-12-12T11:59:47.510Z
Synchronizer.java Display.java Display.java PartRenderingEngine.java Realm.java PartRenderingEngine.java E4Workbench.java Workbench.java Realm.java Workbench.java PlatformUI.java IDEApplication.java EclipseAppHandle.java EclipseAppLauncher.java EclipseAppLauncher.java EclipseStarter.java EclipseStarter.java NativeMethodAccessorImpl.java NativeMethodAccessorImpl.java DelegatingMethodAccessorImpl.java Method.java Main.java Main.java Main.java,IllegalArgumentException in AbstractAnnotationHover$AnnotationInformationControl.setInput,x86,2016-12-11T07:53:55.404Z
ModelAccessor.java CreateInstanceTask.java ExecuteToolOperationTask.java ExecuteToolOperationTask.java TaskExecutor.java TaskExecutor.java SiriusCommand.java RecordingCommand.java GMFCommandWrapper.java AbstractTransactionalCommand.java AbstractEMFOperation.java CompositeCommand.java AbstractCommand.java CompositeCommand.java AbstractCommand.java WrappingCommandIgnoringAffectedFiles.java DefaultOperationHistory.java DDiagramCommandStack.java DDiagramCommandStack.java DiagramCommandStack.java AbstractTool.java AbstractTool.java CreationTool.java CreationTool.java AbstractTool.java EditDomain.java DomainEventDispatcher.java LightweightSystem.java TypedListener.java EventTable.java Display.java Widget.java Display.java Display.java PartRenderingEngine.java Realm.java PartRenderingEngine.java E4Workbench.java Workbench.java Realm.java Workbench.java PlatformUI.java IDEApplication.java EclipseAppHandle.java EclipseAppLauncher.java EclipseAppLauncher.java EclipseStarter.java EclipseStarter.java Main.java Main.java Main.java Main.java,FeatureNotFoundException below RecordingCommand.execute (thrown in ModelAccessor.eIsMany),x86_64,2016-12-05T11:40:20.633Z
VpcqwGEyvNPCk3Zw hc+m/fyNLyazYxdF X5EfzNGhPKVk1/p7 IU84JPI04gBTLqxr WNcUODPvpQaJvBq0 NAbfPxtv7Ff4As0A d1ksndfx6XbTX2E4 arDCH2dmbljMxMr/ SxAwElPLeUCawb7L mCXDDwjFCqVyvOIA cA1GSIVNV/6Dhi3D J32lI/4o+4rfFyKP GQZ8t0lDC4WyrpCT LHSuKIXcVg9ehHdY KdDGMT9e+0J9jCwi XSfbjOB7QJq4D/ct S14Um9mEY7F+WTO+ WqtmOIzfkoHUllpZ gLnq0eFpexTzyL15 ARFuXY8qLHJYEbzZ H2DbFactory.java NativeConstructorAccessorImpl.java NativeConstructorAccessorImpl.java DelegatingConstructorAccessorImpl.java Constructor.java Class.java RegistryStrategyOSGI.java ExtensionRegistry.java ConfigurationElement.java ConfigurationElementHandle.java DbFactory.java SqlIndexer.java NativeConstructorAccessorImpl.java NativeConstructorAccessorImpl.java DelegatingConstructorAccessorImpl.java Constructor.java Class.java RegistryStrategyOSGI.java ExtensionRegistry.java ConfigurationElement.java ConfigurationElementHandle.java IndexerManager.java RemoveContainerRequest.java AbstractJob.java JobManager.java Thread.java,3rd party caused HIDDEN below H2DbFactory.<init>,x86,2016-12-10T07:50:59.101Z
XzZXqJxg8e+QlU9k b8R0/vCzUKnqP+7A OfKE6vIx/TNzkEJk JnTIK0QNcX/3BwRu ExMss0UWlaxyAdXR T8ULxVgexMrbCRp6 jjZhyfwA6PXwWI5+ JYqtHxZV4ifM1iCI SzCIxDVJ5S9+gqOV I5dsUsgPk22X4xxh Ko2zDO+atk9Tmq43 Cl0HqbXgtpisefEM F998aOI5gZWEbxf2 hIaTXqE6mzlH23QD OnGsk3XmZOVDX7AJ hrw1mgNGb8qbSfKJ ajeVr8fUL673MZr8 e/2CqeqxDy4hkZPH VwcJ58Ws5e5S1f7i DNqguLd3BYAnU5Pi H2DbFactory.java SqlIndexer.java RemoveContainerRequest.java AbstractJob.java JobManager.java Thread.java,3rd party caused HIDDEN below H2DbFactory.createConnection,x86,2016-12-10T07:50:59.627Z
Assert.java Assert.java JavaSourceViewer.java JavaEditor.java JavaEditor.java CompilationUnitEditor.java AbstractTextEditor.java AbstractTextEditor.java EditorOpener.java EditorOpener.java AbstractTextSearchViewPage.java FileSearchPage.java AbstractTextSearchViewPage.java SafeRunner.java AbstractTextSearchViewPage.java AbstractTextSearchViewPage.java AbstractTextSearchViewPage.java AbstractTextSearchViewPage.java FileSearchPage.java AbstractTextSearchViewPage.java OpenAndLinkWithEditorHelper.java StructuredViewer.java SafeRunner.java JFaceUtil.java SafeRunnable.java StructuredViewer.java StructuredViewer.java StructuredViewer.java OpenStrategy.java OpenStrategy.java OpenStrategy.java EventTable.java Display.java Widget.java Display.java Display.java PartRenderingEngine.java Realm.java PartRenderingEngine.java E4Workbench.java Workbench.java Realm.java Workbench.java PlatformUI.java IDEApplication.java EclipseAppHandle.java EclipseAppLauncher.java EclipseAppLauncher.java EclipseStarter.java EclipseStarter.java Main.java Main.java Main.java,AssertionFailedException in JavaSourceViewer.prepareDelayedProjection,x86_64,2016-12-04T07:53:52.626Z
VirtualComponent.java ServerContextRootUpdateOperation.java DataModelPausibleOperationImpl.java Workspace.java DataModelPausibleOperationImpl.java DataModelPausibleOperationImpl.java DataModelPausibleOperationImpl.java DataModelPausibleOperationImpl.java DataModelPausibleOperationImpl.java DataModelPausibleOperationImpl.java ComponentUtilities.java D59azxZDsSvVpO50 Worker.java,NullPointerException in VirtualComponent.setMetaProperty,x86_64,2016-12-13T07:40:53.977Z
EarModuleDependenciesPropertyPage.java EarModuleDependenciesPropertyPage.java AddModuleDependenciesPropertiesPage.java ModuleAssemblyRootPage.java PreferencePage.java TypedListener.java EventTable.java Display.java Widget.java Display.java Display.java Window.java Window.java ShowDepPropPageAction.java PluginAction.java ActionContributionItem.java ActionContributionItem.java ActionContributionItem.java EventTable.java Display.java Widget.java Display.java Display.java PartRenderingEngine.java Realm.java PartRenderingEngine.java E4Workbench.java Workbench.java Realm.java Workbench.java PlatformUI.java IDEApplication.java EclipseAppHandle.java EclipseAppLauncher.java EclipseAppLauncher.java EclipseStarter.java EclipseStarter.java NativeMethodAccessorImpl.java NativeMethodAccessorImpl.java DelegatingMethodAccessorImpl.java Method.java Main.java Main.java Main.java Main.java,NullPointerException in EarModuleDependenciesPropertyPage.updateLibDir,x86_64,2016-12-13T06:01:36.313Z
EMF2SAXRenderer.java TranslatorResourceImpl.java CompatibilityXMIResourceImpl.java ResourceImpl.java ResourceImpl.java CompatibilityXMIResourceImpl.java TranslatorResourceImpl.java ResourceSetImpl.java ResourceSetImpl.java ResourceSetImpl.java JavaEEEMFArchiveAdapterHelper.java JavaEEEMFArchiveAdapterHelper.java ComponentArchiveLoadAdapter.java ArchiveImpl.java JavaEEArchiveUtilities.java JavaEEArchiveUtilities.java JavaEEArchiveUtilities.java JavaEEBinaryComponentHelper.java JavaEEBinaryComponentHelper.java JavaEEBinaryComponentHelper.java JavaEEBinaryComponentHelper.java JavaEEBinaryComponentHelper.java JavaEEProjectUtilities.java JEEHeirarchyExportParticipant.java GlobalHeirarchyParticipant.java SingleRootExportParticipant.java SingleRootExportParticipant.java SingleRootExportParticipant.java FlatVirtualComponent.java FlatVirtualComponent.java FlatVirtualComponent.java FlatComponentDeployable.java J2EEFlexProjDeployable.java ModulePublishInfo.java ModulePublishInfo.java ServerPublishInfo.java Server.java ServerBehaviourDelegate.java ServerBehaviourDelegate.java ServerBehaviourDelegate.java ServerBehaviourDelegate.java Server.java Server.java Worker.java,HIDDEN below EMF2SAXRenderer.doLoad (thrown in ErrorHandlerWrapper.createSAXParseException),x86_64,2016-12-12T12:04:12.623Z
ClasspathDependencyUtil.java ClasspathDependencyValidator.java ValidatorJob.java Worker.java,NullPointerException in ClasspathDependencyUtil.getPotentialComponentClasspathDependencies,x86_64,2016-12-12T13:31:40.276Z
GroupEARProvider.java Ear5LabelProvider.java NavigatorContentServiceLabelProvider.java NavigatorContentServiceLabelProvider.java NavigatorContentServiceLabelProvider.java NavigatorDecoratingLabelProvider.java DelegatingStyledCellLabelProvider.java DecoratingStyledCellLabelProvider.java DelegatingStyledCellLabelProvider.java DecoratingStyledCellLabelProvider.java ViewerColumn.java AbstractTreeViewer.java AbstractTreeViewer.java SafeRunner.java JFaceUtil.java SafeRunnable.java AbstractTreeViewer.java StructuredViewer.java SafeRunner.java JFaceUtil.java SafeRunnable.java StructuredViewer.java AbstractTreeViewer.java AbstractTreeViewer.java AbstractTreeViewer.java TreeViewer.java AbstractTreeViewer.java CommonViewer.java ClearPlaceHolderJob.java ClearJeePlaceHolderJob.java UIJob.java RunnableLock.java Synchronizer.java Display.java Display.java PartRenderingEngine.java Realm.java PartRenderingEngine.java E4Workbench.java Workbench.java Realm.java Workbench.java PlatformUI.java IDEApplication.java EclipseAppHandle.java EclipseAppLauncher.java EclipseAppLauncher.java EclipseStarter.java EclipseStarter.java NativeMethodAccessorImpl.java NativeMethodAccessorImpl.java DelegatingMethodAccessorImpl.java Method.java Main.java Main.java Main.java Main.java,NullPointerException in GroupEARProvider.getImage,x86_64,2016-12-13T06:01:58.906Z
DefaultUiFreezeEventLogger.java EventLoopMonitorThread.java EventLoopMonitorThread.java,FreezeWarning below RepositoriesViewLabelProvider.getStyledText (thrown in RepositoryUtil.mapCommitToRef),x86_64,2016-12-12T07:56:04.124Z
J2EEComponentClasspathUpdater.java J2EEComponentClasspathUpdater.java ResourceDelta.java ResourceDelta.java ResourceDelta.java ResourceDelta.java ResourceDelta.java J2EEComponentClasspathUpdater.java NotificationManager.java SafeRunner.java NotificationManager.java NotificationManager.java Workspace.java Workspace.java XtextBuilder.java XtextBuilder.java XtextBuilder.java BuildManager.java SafeRunner.java BuildManager.java BuildManager.java BuildManager.java SafeRunner.java BuildManager.java BuildManager.java BuildManager.java AutoBuildJob.java AutoBuildJob.java Worker.java,NoClassDefFoundError in J2EEComponentClasspathUpdater.queueUpdate,x86,2016-09-19T08:40:29.391Z
EarFacetValidator.java FacetedProjectValidationBuilder.java BuildManager.java SafeRunner.java BuildManager.java BuildManager.java BuildManager.java SafeRunner.java BuildManager.java BuildManager.java BuildManager.java AutoBuildJob.java AutoBuildJob.java Worker.java,IllegalArgumentException in FacetedProjectFrameworkImpl.getProjectFacet,x86,2016-12-10T08:44:50.403Z
J2EEDependencyListener.java ResourceDelta.java ResourceDelta.java ResourceDelta.java ResourceDelta.java ResourceDelta.java J2EEDependencyListener.java NotificationManager.java SafeRunner.java NotificationManager.java NotificationManager.java Workspace.java Workspace.java XtextBuilder.java XtextBuilder.java XtextBuilder.java BuildManager.java SafeRunner.java BuildManager.java BuildManager.java BuildManager.java SafeRunner.java BuildManager.java BuildManager.java BuildManager.java AutoBuildJob.java AutoBuildJob.java Worker.java,NoClassDefFoundError in J2EEDependencyListener.visit,x86,2016-09-26T02:47:36.734Z
OomphPlugin.java OomphPlugin.java ProgressPage.java Worker.java,NoStackTrace in ProgressPage$11$1.run,x86_64,2016-09-19T08:40:29.416Z
DefaultUiFreezeEventLogger.java EventLoopMonitorThread.java EventLoopMonitorThread.java,FreezeWarning below EventTable.sendEvent (thrown in Browser.<init>),x86_64,2016-12-12T11:59:47.515Z
JavaEEProjectUtilities.java EarUtilities.java J2EEComponentClasspathContainer.java J2EEComponentClasspathContainer.java J2EEComponentClasspathContainer.java J2EEComponentClasspathContainer.java J2EEComponentClasspathInitializer.java JavaModelManager.java JavaModelManager.java JavaCore.java JavaProject.java JavaProject.java JavaProject.java JavaProject.java PackageFragmentRoot.java PackageFragmentRoot.java SourceAttachmentPackageFragmentRootWalker.java Storage2UriMapperJavaImpl.java Storage2UriMapperJavaImpl.java Storage2UriMapperJavaImpl.java Storage2UriMapperJavaImpl.java Storage2UriMapperImpl.java AbstractBuilderState.java AbstractBuilderState.java AbstractBuilderState.java ToBeBuiltComputer.java ToBeBuiltComputer.java ProjectOpenedOrClosedListener.java ProjectOpenedOrClosedListener.java ResourceDelta.java ResourceDelta.java ResourceDelta.java ProjectOpenedOrClosedListener.java NotificationManager.java SafeRunner.java NotificationManager.java NotificationManager.java Workspace.java Workspace.java Workspace.java NotificationManager.java Worker.java,NoClassDefFoundError in JavaEEProjectUtilities.isJEEComponent,x86,2016-11-29T12:30:55.836Z
DefaultUiFreezeEventLogger.java EventLoopMonitorThread.java EventLoopMonitorThread.java,FreezeWarning below XWTSection.refresh (thrown in NamespaceOperations.getNamesOfMember),x86_64,2016-12-11T07:53:56.450Z
EclipseLinkStaticWeavingBuilder.java EclipseLinkStaticWeavingBuilder.java EclipseLinkStaticWeavingBuilder.java BuildManager.java SafeRunner.java BuildManager.java BuildManager.java BuildManager.java SafeRunner.java BuildManager.java BuildManager.java BuildManager.java AutoBuildJob.java AutoBuildJob.java Worker.java,RuntimeException in EclipseLinkStaticWeavingBuilder.postGenerate,x86_64,2016-12-01T07:57:07.614Z
JavaEEBinaryComponentLoadAdapter.java JavaEEBinaryComponentHelper.java JavaEEBinaryComponentHelper.java JavaEEBinaryComponentHelper.java JavaEEBinaryComponentHelper.java JavaEEBinaryComponentHelper.java JavaEEProjectUtilities.java JavaEEProjectUtilities.java WebUtilities.java WebUtilities.java OlvwieATVoYCJQXi YZ82mXq3NFIpi/+H JEE5ContentProvider.java Web25ContentProvider.java SafeDelegateTreeContentProvider.java NavigatorContentServiceContentProvider.java SafeRunner.java NavigatorContentServiceContentProvider.java NavigatorContentServiceContentProvider.java JEE5ContentProvider.java RunnableLock.java Synchronizer.java Display.java Display.java ModalContext.java ModalContext.java RefactoringWizardDialog2.java RefactoringWizard.java UserInputWizardPage.java DeleteResourcesWizard.java RefactoringWizard.java RefactoringWizardDialog2.java Dialog.java Dialog.java TypedListener.java EventTable.java Display.java Widget.java Display.java Display.java Window.java Window.java RefactoringWizardOpenOperation.java BusyIndicator.java RefactoringWizardOpenOperation.java RefactoringWizardOpenOperation.java DeleteResourcesHandler.java HandlerProxy.java E4HandlerProxy.java NativeMethodAccessorImpl.java NativeMethodAccessorImpl.java DelegatingMethodAccessorImpl.java Method.java MethodRequestor.java InjectorImpl.java InjectorImpl.java ContextInjectionFactory.java HandlerServiceHandler.java Command.java ParameterizedCommand.java HandlerServiceImpl.java LegacyHandlerService.java LTKLauncher.java LTKLauncher.java DeleteResourceAction.java DeleteAction.java SelectionDispatchAction.java SelectionDispatchAction.java Action.java ActionHandler.java E4HandlerProxy.java NativeMethodAccessorImpl.java NativeMethodAccessorImpl.java DelegatingMethodAccessorImpl.java Method.java MethodRequestor.java InjectorImpl.java InjectorImpl.java ContextInjectionFactory.java HandlerServiceHandler.java Command.java ParameterizedCommand.java HandlerServiceImpl.java KeyBindingDispatcher.java KeyBindingDispatcher.java KeyBindingDispatcher.java OutOfOrderListener.java EventTable.java Display.java Widget.java Widget.java Widget.java Widget.java Widget.java Widget.java Control.java Tree.java Control.java Tree.java Display.java OS.java OS.java Display.java PartRenderingEngine.java Realm.java PartRenderingEngine.java E4Workbench.java Workbench.java Realm.java Workbench.java PlatformUI.java IDEApplication.java EclipseAppHandle.java EclipseAppLauncher.java EclipseAppLauncher.java EclipseStarter.java EclipseStarter.java NativeMethodAccessorImpl.java NativeMethodAccessorImpl.java DelegatingMethodAccessorImpl.java Method.java Main.java Main.java Main.java Main.java,FileNotFoundException in JavaEEBinaryComponentLoadAdapter.physicallyOpen,x86,2016-12-13T15:00:12.726Z
WebAppProvider.java Web25LabelProvider.java NavigatorContentServiceLabelProvider.java NavigatorContentServiceLabelProvider.java NavigatorContentServiceLabelProvider.java NavigatorDecoratingLabelProvider.java DelegatingStyledCellLabelProvider.java DecoratingStyledCellLabelProvider.java DelegatingStyledCellLabelProvider.java DecoratingStyledCellLabelProvider.java ViewerColumn.java AbstractTreeViewer.java AbstractTreeViewer.java SafeRunner.java JFaceUtil.java SafeRunnable.java AbstractTreeViewer.java StructuredViewer.java SafeRunner.java JFaceUtil.java SafeRunnable.java StructuredViewer.java AbstractTreeViewer.java AbstractTreeViewer.java AbstractTreeViewer.java TreeViewer.java AbstractTreeViewer.java CommonViewer.java ClearPlaceHolderJob.java ClearJeePlaceHolderJob.java UIJob.java RunnableLock.java Synchronizer.java Display.java Display.java ModalContext.java ModalContext.java RefactoringWizardDialog2.java RefactoringWizard.java UserInputWizardPage.java DeleteResourcesWizard.java RefactoringWizard.java RefactoringWizardDialog2.java Dialog.java Dialog.java TypedListener.java EventTable.java Display.java Widget.java Display.java Display.java Window.java Window.java RefactoringWizardOpenOperation.java BusyIndicator.java RefactoringWizardOpenOperation.java RefactoringWizardOpenOperation.java DeleteResourcesHandler.java HandlerProxy.java E4HandlerProxy.java NativeMethodAccessorImpl.java NativeMethodAccessorImpl.java DelegatingMethodAccessorImpl.java Method.java MethodRequestor.java InjectorImpl.java InjectorImpl.java ContextInjectionFactory.java HandlerServiceHandler.java Command.java ParameterizedCommand.java HandlerServiceImpl.java LegacyHandlerService.java LTKLauncher.java LTKLauncher.java DeleteResourceAction.java DeleteAction.java SelectionDispatchAction.java SelectionDispatchAction.java Action.java ActionHandler.java E4HandlerProxy.java NativeMethodAccessorImpl.java NativeMethodAccessorImpl.java DelegatingMethodAccessorImpl.java Method.java MethodRequestor.java InjectorImpl.java InjectorImpl.java ContextInjectionFactory.java HandlerServiceHandler.java Command.java ParameterizedCommand.java HandlerServiceImpl.java KeyBindingDispatcher.java KeyBindingDispatcher.java KeyBindingDispatcher.java OutOfOrderListener.java EventTable.java Display.java Widget.java Widget.java Widget.java Widget.java Widget.java Widget.java Control.java Tree.java Control.java Tree.java Display.java OS.java OS.java Display.java PartRenderingEngine.java Realm.java PartRenderingEngine.java E4Workbench.java Workbench.java Realm.java Workbench.java PlatformUI.java IDEApplication.java EclipseAppHandle.java EclipseAppLauncher.java EclipseAppLauncher.java EclipseStarter.java EclipseStarter.java NativeMethodAccessorImpl.java NativeMethodAccessorImpl.java DelegatingMethodAccessorImpl.java Method.java Main.java Main.java Main.java Main.java,NullPointerException in WebAppProvider.getImage,x86,2016-12-13T14:32:47.476Z
Arrays.java AbstractStringBuilder.java AbstractStringBuilder.java AbstractStringBuilder.java StringBuffer.java jRBY0Fnn3aDQkqZq Yv0Z67s84XDkMSOs ContentTypeCatalog.java ContentTypeCatalog.java ContentTypeCatalog.java ContentTypeCatalog.java ContentTypeCatalog.java ContentTypeCatalog.java ContentTypeMatcher.java ContentDescriptionManager.java ContentDescriptionManager.java File.java WorkbenchResource.java WorkbenchResource.java ActionExpression.java ActionExpression.java ActionExpression.java ActionExpression.java ActionExpression.java ActionExpression.java DecoratorDefinition.java DecoratorManager.java LightweightDecoratorManager.java LightweightDecoratorManager.java DecorationScheduler.java DecorationScheduler.java Worker.java,3rd party caused OutOfMemoryError below WorkbenchResource.testContentTypeProperty,x86_64,2016-12-12T07:56:10.987Z
BatchOperation.java JavaModelOperation.java Workspace.java JavaCore.java DynamicValidationStateChange.java CompositeChange.java PerformChangeOperation.java Workspace.java PerformChangeOperation.java UIPerformChangeOperation.java PerformChangeOperation.java Workspace.java WorkbenchRunnableAdapter.java ModalContext.java,UnmappableCharacterException below TextFileChange.commit (thrown in CoderResult.throwException),x86_64,2016-12-13T07:56:19.359Z
BufferedInputStream.java BufferedInputStream.java BufferedInputStream.java ResourceProvider.java AbstractResourceRunnable.java AbstractResourceRunnable.java FutureTask.java ThreadPoolExecutor.java ThreadPoolExecutor.java Thread.java,IOException below ResourceProvider.putResource (thrown in BufferedInputStream.getInIfOpen),x86_64,2016-09-19T08:40:31.345Z
InternalDialog.java WorkbenchStatusDialogManagerImpl.java WorkbenchStatusDialogManagerImpl.java WorkbenchStatusDialogManager.java WorkbenchErrorHandler.java WorkbenchErrorHandler.java IDEWorkbenchErrorHandler.java WorkbenchErrorHandlerProxy.java StatusManager.java StatusManager.java MarketplaceWizard.java MarketplaceWizard.java FeatureSelectionWizardPage.java FeatureSelectionWizardPage.java WizardDialog.java WizardDialog.java Dialog.java TypedListener.java EventTable.java Display.java Widget.java Display.java Display.java Window.java Window.java MarketplaceWizardCommand.java HandlerProxy.java E4HandlerProxy.java MethodRequestor.java InjectorImpl.java InjectorImpl.java ContextInjectionFactory.java HandlerServiceHandler.java Command.java ParameterizedCommand.java HandlerServiceImpl.java HandledContributionItem.java HandledContributionItem.java HandledContributionItem.java HandledContributionItem.java EventTable.java Display.java Widget.java Display.java Display.java PartRenderingEngine.java Realm.java PartRenderingEngine.java E4Workbench.java Workbench.java Realm.java Workbench.java PlatformUI.java IDEApplication.java EclipseAppHandle.java EclipseAppLauncher.java EclipseAppLauncher.java EclipseStarter.java EclipseStarter.java Main.java Main.java Main.java Main.java,NullPointerException in InternalDialog.refreshDialogSize,x86_64,2016-12-13T12:45:43.767Z
MethodRequestor.java InjectorImpl.java InjectorImpl.java ContextInjectionFactory.java HandlerServiceHandler.java Command.java ParameterizedCommand.java HandlerServiceImpl.java HandledContributionItem.java HandledContributionItem.java HandledContributionItem.java HandledContributionItem.java EventTable.java Display.java Widget.java Widget.java Widget.java Widget.java Display.java Display.java PartRenderingEngine.java Realm.java PartRenderingEngine.java E4Workbench.java Workbench.java Realm.java Workbench.java PlatformUI.java IDEApplication.java EclipseAppHandle.java EclipseAppLauncher.java EclipseAppLauncher.java EclipseStarter.java EclipseStarter.java NativeMethodAccessorImpl.java NativeMethodAccessorImpl.java DelegatingMethodAccessorImpl.java Method.java Main.java Main.java Main.java,UnsupportedOperationException below DestroyElementPapyrusCommand.tearDownIncomingReferences (thrown in BasicEList$UnmodifiableEList.remove),x86_64,2016-11-29T07:58:17.951Z
StyledText.java StyledText.java SpellcheckableMessageArea.java TextViewer.java TextViewer.java DefaultHyperlinkPresenter.java DefaultHyperlinkPresenter.java MultipleHyperlinkPresenter.java HyperlinkManager.java HyperlinkManager.java TypedListener.java EventTable.java Display.java Widget.java Display.java Display.java Window.java Window.java CommitUI.java CommitActionHandler.java HandlerProxy.java E4HandlerProxy.java MethodRequestor.java InjectorImpl.java InjectorImpl.java ContextInjectionFactory.java HandlerServiceHandler.java Command.java ParameterizedCommand.java HandlerServiceImpl.java HandledContributionItem.java HandledContributionItem.java HandledContributionItem.java HandledContributionItem.java EventTable.java Display.java Widget.java Display.java Display.java PartRenderingEngine.java Realm.java PartRenderingEngine.java E4Workbench.java Workbench.java Realm.java Workbench.java PlatformUI.java IDEApplication.java EclipseAppHandle.java EclipseAppLauncher.java EclipseAppLauncher.java EclipseStarter.java EclipseStarter.java Main.java Main.java Main.java Main.java,IllegalArgumentException below SpellcheckableMessageArea$10.textChanged (thrown in StyledText.setStyleRanges),x86_64,2016-09-19T08:40:31.371Z
ModalContext.java WorkbenchWindow.java BusyIndicator.java WorkbenchWindow.java RefactoringExecutionHelper.java RefactoringExecutionHelper.java RenameSupport.java RenameLinkedMode.java RenameLinkedMode.java LinkedModeModel.java LinkedModeUI.java RunnableLock.java Synchronizer.java Display.java Display.java PartRenderingEngine.java Realm.java PartRenderingEngine.java E4Workbench.java Workbench.java Realm.java Workbench.java PlatformUI.java IDEApplication.java EclipseAppHandle.java EclipseAppLauncher.java EclipseAppLauncher.java EclipseStarter.java EclipseStarter.java NativeMethodAccessorImpl.java NativeMethodAccessorImpl.java DelegatingMethodAccessorImpl.java Method.java Main.java Main.java Main.java,ArrayIndexOutOfBoundsException in JavaElementDelta.addAffectedChild,x86_64,2016-09-19T08:40:31.375Z
OperationServiceUi.java AbstractOperation.java AbstractOperation.java JobListeners.java JobListeners.java JobListeners.java JobManager.java WorkerPool.java Worker.java,NoStackTrace in OperationServiceUi.handleResult,x86_64,2016-12-13T01:52:59.888Z
VariablePage.java ConfirmationPage.java SetupWizard.java WizardDialog.java SafeRunner.java JFaceUtil.java SafeRunnable.java WizardDialog.java WizardDialog.java WizardDialog.java WizardDialog.java WizardDialog.java BusyIndicator.java WizardDialog.java WizardDialog.java WizardDialog.java Dialog.java TypedListener.java EventTable.java Display.java Widget.java Display.java Display.java Window.java Window.java SetupWizard.java SetupUIPlugin.java UIUtil.java UILockListener.java UISynchronizer.java RunnableLock.java Synchronizer.java Display.java Display.java PartRenderingEngine.java Realm.java PartRenderingEngine.java E4Workbench.java Workbench.java Realm.java Workbench.java PlatformUI.java IDEApplication.java EclipseAppHandle.java EclipseAppLauncher.java EclipseAppLauncher.java EclipseStarter.java EclipseStarter.java Main.java Main.java Main.java,NullPointerException in VariablePage.leavePage,x86_64,2016-12-10T22:21:52.798Z
LogListener.java LogListener.java RuntimeLog.java PlatformLogWriter.java ExtendedLogReaderServiceFactory.java ExtendedLogReaderServiceFactory.java ExtendedLogReaderServiceFactory.java ExtendedLogServiceFactory.java ExtendedLogServiceImpl.java LoggerImpl.java PlatformLogWriter.java RuntimeLog.java JobManager.java WorkerPool.java Worker.java,FileNotFoundException below Util.getResourceContentsAsCharArray (thrown in FileInputStream.open0),x86_64,2016-12-13T14:47:06.773Z
Activator.java Activator.java WinHttpProxyProvider.java WindowsProxyProvider.java ProxyManager.java ProxyManager.java EclipseProxySelector.java R5nZ5IDE71uyzGtN BAs2fVupyC2SH21I,RuntimeException below EclipseProxySelector.select (thrown in WinHttpProxyProvider.getProxyData),x86,2016-09-19T08:40:34.658Z
DefaultUiFreezeEventLogger.java EventLoopMonitorThread.java EventLoopMonitorThread.java,FreezeWarning below ConvertedProjectWizard.performFinish (thrown in Object.wait),x86_64,2016-12-13T07:56:19.655Z
CompletionEngine.java CompletionEngine.java SearchableEnvironmentRequestor.java NameLookup.java NameLookup.java NameLookup.java NameLookup.java NameLookup.java NameLookup.java SearchableEnvironment.java SearchableEnvironment.java CompletionEngine.java CompletionEngine.java CompletionEngine.java CompletionEngine.java Openable.java CompilationUnit.java CompilationUnit.java SubwordsSessionProcessor.java SubwordsSessionProcessor.java SubwordsSessionProcessor.java IntelligentCompletionProposalComputer.java IntelligentCompletionProposalComputer.java CompletionProposalComputerDescriptor.java CompletionProposalCategory.java ContentAssistProcessor.java ContentAssistProcessor.java ContentAssistant.java CompletionProposalPopup.java CompletionProposalPopup.java CompletionProposalPopup.java BusyIndicator.java CompletionProposalPopup.java ContentAssistant.java CompilationUnitEditor.java ContentAssistAction.java BusyIndicator.java ContentAssistAction.java Action.java ActionHandler.java E4HandlerProxy.java DelegatingMethodAccessorImpl.java Method.java MethodRequestor.java InjectorImpl.java InjectorImpl.java ContextInjectionFactory.java HandlerServiceHandler.java Command.java ParameterizedCommand.java HandlerServiceImpl.java KeyBindingDispatcher.java KeyBindingDispatcher.java KeyBindingDispatcher.java KeyBindingDispatcher.java KeyBindingDispatcher.java KeyBindingDispatcher.java EventTable.java Display.java Widget.java Widget.java Widget.java Widget.java Widget.java Widget.java Control.java Canvas.java Control.java Canvas.java Display.java OS.java OS.java Display.java PartRenderingEngine.java Realm.java PartRenderingEngine.java E4Workbench.java Workbench.java Realm.java Workbench.java PlatformUI.java IDEApplication.java EclipseAppHandle.java EclipseAppLauncher.java EclipseAppLauncher.java EclipseStarter.java EclipseStarter.java NativeMethodAccessorImpl.java NativeMethodAccessorImpl.java DelegatingMethodAccessorImpl.java Method.java Main.java Main.java Main.java,OperationCanceledException in CompletionEngine.checkCancel,x86_64,2016-12-13T15:06:40.846Z
JavaEEBinaryComponentLoadAdapter.java JavaEEBinaryComponentHelper.java JavaEEBinaryComponentHelper.java JavaEEBinaryComponentHelper.java JavaEEBinaryComponentHelper.java JavaEEBinaryComponentHelper.java JavaEEProjectUtilities.java JEEHeirarchyExportParticipant.java GlobalHeirarchyParticipant.java FlatVirtualComponent.java VirtualComponentFlattenUtility.java VirtualComponentFlattenUtility.java VirtualComponentFlattenUtility.java VirtualComponentFlattenUtility.java VirtualComponentFlattenUtility.java FlatVirtualComponent.java FlatVirtualComponent.java FlatVirtualComponent.java FlatComponentDeployable.java J2EEFlexProjDeployable.java ModulePublishInfo.java ServerPublishInfo.java Server.java Server.java Server.java Server.java Server.java Worker.java,FileNotFoundException in JavaEEBinaryComponentLoadAdapter.physicallyOpen,x86_64,2016-12-13T15:00:12.746Z
DefaultUiFreezeEventLogger.java EventLoopMonitorThread.java EventLoopMonitorThread.java,FreezeWarning below TaskEditor.createPages (thrown in AbstractTaskEditorPage.createFormContentInternal),x86_64,2016-09-19T08:40:38.829Z
HierarchyResolver.java HierarchyResolver.java HierarchyBuilder.java IndexBasedHierarchyBuilder.java TypeHierarchy.java TypeHierarchy.java CreateTypeHierarchyOperation.java JavaModelOperation.java JavaModelOperation.java SourceType.java SourceType.java SuperTypeHierarchyCache.java SuperTypeHierarchyCache.java SuperTypeHierarchyCache.java OverrideIndicatorLabelDecorator.java OverrideIndicatorLabelDecorator.java OverrideIndicatorLabelDecorator.java LightweightDecoratorDefinition.java LightweightDecoratorManager.java SafeRunner.java LightweightDecoratorManager.java LightweightDecoratorManager.java DecorationScheduler.java DecorationScheduler.java Worker.java,NullPointerException in HierarchyResolver.resolve,x86_64,2016-12-13T07:56:38.809Z
DefaultUiFreezeEventLogger.java EventLoopMonitorThread.java EventLoopMonitorThread.java,FreezeWarning below SetupActionBarContributor$4.menuAboutToShow (thrown in Display.create32bitDIB),x86_64,2016-11-26T07:58:42.267Z
DefaultUiFreezeEventLogger.java EventLoopMonitorThread.java EventLoopMonitorThread.java,FreezeWarning below OS.DispatchMessage (thrown in OS.DefWindowProcW),x86_64,2016-12-13T10:16:54.337Z
GC.java StyledText.java StyledText.java EventTable.java Display.java Widget.java Widget.java Widget.java Composite.java Control.java Canvas.java Display.java OS.java OS.java BidiUtil.java OS.java OS.java Display.java Window.java Window.java SetupWizard.java PerformHandler.java AbstractDropdownItemHandler.java HandlerProxy.java E4HandlerProxy.java MethodRequestor.java InjectorImpl.java InjectorImpl.java ContextInjectionFactory.java HandlerServiceHandler.java Command.java ParameterizedCommand.java HandlerServiceImpl.java HandledContributionItem.java HandledContributionItem.java HandledContributionItem.java HandledContributionItem.java EventTable.java Display.java Widget.java Display.java Display.java PartRenderingEngine.java Realm.java PartRenderingEngine.java E4Workbench.java Workbench.java Realm.java Workbench.java PlatformUI.java IDEApplication.java EclipseAppHandle.java EclipseAppLauncher.java EclipseAppLauncher.java EclipseStarter.java EclipseStarter.java Main.java Main.java Main.java,SWTException in GC.setBackground,x86_64,2016-12-02T15:51:18.113Z
ProgressInfoItem.java ProgressInfoItem.java DetailedProgressViewer.java ProgressViewerContentProvider.java ProgressViewUpdater.java UIJob.java RunnableLock.java Synchronizer.java Display.java Display.java Window.java Window.java SetupWizard.java PerformHandler.java AbstractDropdownItemHandler.java HandlerProxy.java E4HandlerProxy.java MethodRequestor.java InjectorImpl.java InjectorImpl.java ContextInjectionFactory.java HandlerServiceHandler.java Command.java ParameterizedCommand.java HandlerServiceImpl.java HandledContributionItem.java HandledContributionItem.java HandledContributionItem.java HandledContributionItem.java EventTable.java Display.java Widget.java Display.java Display.java PartRenderingEngine.java Realm.java PartRenderingEngine.java E4Workbench.java Workbench.java Realm.java Workbench.java PlatformUI.java IDEApplication.java EclipseAppHandle.java EclipseAppLauncher.java EclipseAppLauncher.java EclipseStarter.java EclipseStarter.java Main.java Main.java Main.java,NullPointerException in ProgressInfoItem.setAllBackgrounds,x86_64,2016-12-06T03:50:29.063Z
DefaultUiFreezeEventLogger.java EventLoopMonitorThread.java EventLoopMonitorThread.java,FreezeWarning below SetupWizard.pageChanged (thrown in SetupTaskPerformer.initNeededSetupTasks),x86_64,2016-12-13T07:56:39.047Z
XMLRootHandler.java XMLRootElementContentDescriber2.java XMLRootElementContentDescriber.java XMLRootElementContentDescriber.java XMLRootElementContentDescriber.java Nucgch/cfbXAQmJd ContentTypeCatalog.java ContentTypeCatalog.java ContentTypeCatalog.java ContentTypeCatalog.java ContentTypeCatalog.java ContentTypeCatalog.java ContentTypeMatcher.java ContentDescriptionManager.java ContentDescriptionManager.java,3rd party caused OutOfMemoryError below XMLRootHandler.parseContents,x86_64,2016-12-05T07:51:46.986Z
ArchiveUtil.java OpenJEEResourceAction.java OpenJEEResourceAction.java RetargetAction.java CommonNavigatorManager.java OpenAndLinkWithEditorHelper.java StructuredViewer.java SafeRunner.java JFaceUtil.java SafeRunnable.java StructuredViewer.java StructuredViewer.java CommonViewer.java StructuredViewer.java OpenStrategy.java OpenStrategy.java OpenStrategy.java EventTable.java Display.java Widget.java Display.java Display.java PartRenderingEngine.java Realm.java PartRenderingEngine.java E4Workbench.java Workbench.java Realm.java Workbench.java PlatformUI.java IDEApplication.java EclipseAppHandle.java EclipseAppLauncher.java EclipseAppLauncher.java EclipseStarter.java EclipseStarter.java NativeMethodAccessorImpl.java NativeMethodAccessorImpl.java DelegatingMethodAccessorImpl.java Method.java Main.java Main.java Main.java,NullPointerException in ArchiveUtil.getModuleFile,x86_64,2016-12-13T09:31:00.616Z
DefaultUiFreezeEventLogger.java EventLoopMonitorThread.java EventLoopMonitorThread.java,FreezeWarning below EventTable.sendEvent (thrown in StyledCellLabelProvider.paint),x86_64,2016-09-19T08:40:41.550Z
DefaultUiFreezeEventLogger.java EventLoopMonitorThread.java EventLoopMonitorThread.java,FreezeWarning below GitLightweightDecorator$3.run (thrown in FilterImpl$Parser.parse_filter),x86_64,2016-09-19T08:40:41.559Z
PHPFacets.java PHPProjectWizardFacetsPage.java PHPProjectWizardFirstPage.java WizardDialog.java WizardDialog.java WizardDialog.java BusyIndicator.java WizardDialog.java WizardDialog.java WizardDialog.java Dialog.java TypedListener.java EventTable.java Display.java Widget.java Display.java Display.java Window.java Window.java NewProjectAction.java GitImportWizard.java RunnableLock.java Synchronizer.java Display.java Display.java ModalContext.java ModalContext.java WizardDialog.java GitImportWizard.java WizardDialog.java WizardDialog.java Dialog.java TypedListener.java EventTable.java Display.java Widget.java Display.java Display.java Window.java Window.java WizardHandler.java WizardHandler.java HandlerProxy.java E4HandlerProxy.java MethodRequestor.java InjectorImpl.java InjectorImpl.java ContextInjectionFactory.java HandlerServiceHandler.java Command.java ParameterizedCommand.java HandlerServiceImpl.java LegacyHandlerService.java CommandAction.java CommandAction.java ImportResourcesAction.java BaseSelectionListenerAction.java ActionContributionItem.java ActionContributionItem.java ActionContributionItem.java EventTable.java Display.java Widget.java Display.java Display.java PartRenderingEngine.java Realm.java PartRenderingEngine.java E4Workbench.java Workbench.java Realm.java Workbench.java PlatformUI.java IDEApplication.java EclipseAppHandle.java EclipseAppLauncher.java EclipseAppLauncher.java EclipseStarter.java EclipseStarter.java Main.java Main.java Main.java,NullPointerException in PHPFacets.createFacetedProject,x86_64,2016-12-04T07:54:20.132Z
JobManager.java WorkerPool.java Worker.java,UnsupportedEncodingException below FileCharSequenceProvider$FileCharSequence.initializeReader (thrown in StreamDecoder.forInputStreamReader),x86_64,2016-12-12T07:56:33.956Z
ShowSampleAction.java ShowSampleAction.java ShowSampleAction.java ModalContext.java,NullPointerException in ShowSampleAction.findSampleIUs,x86_64,2016-12-12T08:57:54.731Z
DefaultUiFreezeEventLogger.java EventLoopMonitorThread.java EventLoopMonitorThread.java,FreezeWarning below EventTable.sendEvent (thrown in COM.VtblCall),x86,2016-12-13T13:06:24.226Z
DefaultUiFreezeEventLogger.java EventLoopMonitorThread.java EventLoopMonitorThread.java,FreezeWarning below RecorderManager$DisplayListener.handleEvent (thrown in PropertyImpl.getAbsolutePath),x86_64,2016-12-09T07:54:00.685Z
PHPIncludePathSourcePage.java PHPSourceContainerWorkbookPage.java TreeListDialogField.java TreeListDialogField.java TreeListDialogField.java TreeListDialogField.java TypedListener.java EventTable.java Display.java Widget.java Display.java Display.java Window.java Window.java NewProjectAction.java Action.java ActionContributionItem.java ActionContributionItem.java ActionContributionItem.java EventTable.java Display.java Widget.java Display.java Display.java PartRenderingEngine.java Realm.java PartRenderingEngine.java E4Workbench.java Workbench.java Realm.java Workbench.java PlatformUI.java IDEApplication.java EclipseAppHandle.java EclipseAppLauncher.java EclipseAppLauncher.java EclipseStarter.java EclipseStarter.java NativeMethodAccessorImpl.java NativeMethodAccessorImpl.java DelegatingMethodAccessorImpl.java Method.java Main.java Main.java Main.java,NullPointerException in PHPIncludePathSourcePage.sourcePageCustomButtonPressed,x86_64,2016-12-13T07:56:40.340Z
ASTResolving.java ASTResolving.java UnresolvedElementsSubProcessor.java UnresolvedElementsSubProcessor.java QuickFixProcessor.java QuickFixProcessor.java JavaCorrectionProcessor.java JavaCorrectionProcessor.java SafeRunner.java JavaCorrectionProcessor.java JavaCorrectionProcessor.java ProblemHover.java ProblemHover.java AbstractAnnotationHover.java AbstractAnnotationHover.java AbstractInformationControlManager.java AbstractInformationControlManager.java AbstractHoverInformationControlManager.java TextViewerHoverManager.java TextViewerHoverManager.java RunnableLock.java Synchronizer.java Display.java Display.java PartRenderingEngine.java Realm.java PartRenderingEngine.java E4Workbench.java Workbench.java Realm.java Workbench.java PlatformUI.java IDEApplication.java EclipseAppHandle.java EclipseAppLauncher.java EclipseAppLauncher.java EclipseStarter.java EclipseStarter.java NativeMethodAccessorImpl.java NativeMethodAccessorImpl.java DelegatingMethodAccessorImpl.java Method.java Main.java Main.java Main.java,NullPointerException in ASTResolving.getPossibleReferenceBinding,x86_64,2016-12-13T03:23:37.895Z
RepositoryTransport.java MirrorRequest.java MirrorRequest.java MirrorRequest.java SimpleArtifactRepository.java DownloadJob.java Worker.java,BrowseFileTransferException in HttpClientFileSystemBrowser.runRequest,x86_64,2016-12-06T15:44:03.145Z
DefaultUiFreezeEventLogger.java EventLoopMonitorThread.java EventLoopMonitorThread.java,FreezeWarning below OS.DispatchMessage (thrown in OS.DefWindowProcW),x86_64,2016-12-13T10:16:54.343Z
DefaultUiFreezeEventLogger.java EventLoopMonitorThread.java EventLoopMonitorThread.java,FreezeWarning below RetargetBreakpointAction.init (thrown in BundleContextImpl.start),x86_64,2016-09-19T08:40:42.572Z
CS_AddStructuralFeatureValueActionActivation.java CS_AddStructuralFeatureValueActionActivation.java ActionActivation.java ActivityNodeActivation.java InputPinActivation.java ActivityEdgeInstance.java ActivityNodeActivation.java ObjectNodeActivation.java ObjectNodeActivation.java ActionActivation.java ActionActivation.java ActionActivation.java ActivityNodeActivation.java ActivityNodeActivationGroup.java ActivityNodeActivationGroup.java ActivityExecution.java Executor.java FUMLAsyncExecutionEngine.java FUMLAsyncExecutionEngine.java Thread.java,NullPointerException in CS_AddStructuralFeatureValueActionActivation.doActionDefault,x86_64,2016-09-19T08:40:42.592Z
ServiceUtilsForHandlers.java CreateDiagramHandler.java HandlerProxy.java E4HandlerProxy.java MethodRequestor.java InjectorImpl.java InjectorImpl.java ContextInjectionFactory.java HandlerServiceHandler.java Command.java ParameterizedCommand.java HandlerServiceImpl.java HandledContributionItem.java HandledContributionItem.java HandledContributionItem.java HandledContributionItem.java EventTable.java Display.java Widget.java Display.java Display.java PartRenderingEngine.java Realm.java PartRenderingEngine.java E4Workbench.java Workbench.java Realm.java Workbench.java PlatformUI.java IDEApplication.java EclipseAppHandle.java EclipseAppLauncher.java EclipseAppLauncher.java EclipseStarter.java EclipseStarter.java Main.java Main.java Main.java,ServiceNotFoundException below HandlerProxy.execute (thrown in ServiceUtilsForHandlers.getServiceRegistry),x86,2016-09-19T08:40:42.602Z
ConnectionEditPart.java ConnectionEditPart.java ConnectionEditPart.java AbstractAssociationEditPart.java AbstractAssociationEditPart.java ConnectionEditPart.java DiagramEventBroker.java DiagramEventBroker.java DiagramEventBrokerThreadSafe.java TransactionalEditingDomainImpl.java TransactionalEditingDomainImpl.java TransactionalEditingDomainImpl.java TransactionalEditingDomainImpl.java TransactionImpl.java TransactionImpl.java AbstractEMFOperation.java DefaultOperationHistory.java CheckedOperationHistory.java NotifyingWorkspaceCommandStack.java AbstractTransactionalCommandStack.java AbstractTransactionalCommandStack.java NestingNotifyingWorkspaceCommandStack.java AbstractGraphicalCommandHandler.java HandlerProxy.java E4HandlerProxy.java MethodRequestor.java InjectorImpl.java InjectorImpl.java ContextInjectionFactory.java HandlerServiceHandler.java Command.java ParameterizedCommand.java HandlerServiceImpl.java KeyBindingDispatcher.java KeyBindingDispatcher.java KeyBindingDispatcher.java OutOfOrderListener.java EventTable.java Display.java Widget.java Widget.java Widget.java Widget.java Widget.java Widget.java Control.java Canvas.java Control.java Canvas.java Display.java OS.java OS.java Display.java PartRenderingEngine.java Realm.java PartRenderingEngine.java E4Workbench.java Workbench.java Realm.java Workbench.java PlatformUI.java IDEApplication.java EclipseAppHandle.java EclipseAppLauncher.java EclipseAppLauncher.java EclipseStarter.java EclipseStarter.java Main.java Main.java Main.java,NullPointerException in ConnectionEditPart.refreshBendpoints,x86,2016-11-27T07:54:21.584Z
