StackFrames,SignalNumber,SignalDescription,SystemArch,ErrorCode,CreationDate,ResultId
"EclipseGitSnippetRepository() Worker() main() __static_initialization_and_destruction_0(int, int)",6,SIGABRT: (Error Number 0),aarch64, throw new bad_alloc(),2021-07-25T01:25:29.875198,1
infiniteRecur(int)+12 infiniteRecur(int)+24 infiniteRecur(int)+24 infiniteRecur(int)+24 infiniteRecur(int)+24 infiniteRecur(int)+24 infiniteRecur(int)+24 infiniteRecur(int)+24 infiniteRecur(int)+24 infiniteRecur(int)+24 infiniteRecur(int)+24 infiniteRecur(int)+24 infiniteRecur(int)+24 infiniteRecur(int)+24 infiniteRecur(int)+24 infiniteRecur(int)+24 infiniteRecur(int)+24 infiniteRecur(int)+24 infiniteRecur(int)+24 infiniteRecur(int)+24 infiniteRecur(int)+24 infiniteRecur(int)+24 infiniteRecur(int)+24 infiniteRecur(int)+24 infiniteRecur(int)+24 infiniteRecur(int)+24 infiniteRecur(int)+24 infiniteRecur(int)+24 infiniteRecur(int)+24 infiniteRecur(int)+24 infiniteRecur(int)+24 infiniteRecur(int)+24,11,SIGSEGV: Invalid memory reference to address Unknown Error,aarch64,return infiniteRecur(a),2021-07-25T01:25:33.513088,2
infiniteRecur(int)+12 infiniteRecur(int)+24 infiniteRecur(int)+24 infiniteRecur(int)+24 infiniteRecur(int)+24 infiniteRecur(int)+24 infiniteRecur(int)+24 infiniteRecur(int)+24 infiniteRecur(int)+24 infiniteRecur(int)+24 infiniteRecur(int)+24 infiniteRecur(int)+24 infiniteRecur(int)+24 infiniteRecur(int)+24 infiniteRecur(int)+24 infiniteRecur(int)+24 infiniteRecur(int)+24 infiniteRecur(int)+24 infiniteRecur(int)+24 infiniteRecur(int)+24 infiniteRecur(int)+24 infiniteRecur(int)+24 infiniteRecur(int)+24 infiniteRecur(int)+24 infiniteRecur(int)+24 infiniteRecur(int)+24 infiniteRecur(int)+24 infiniteRecur(int)+24 infiniteRecur(int)+24 infiniteRecur(int)+24 infiniteRecur(int)+24 infiniteRecur(int)+24,11,SIGSEGV: Invalid memory reference to address Unknown Error,aarch64,return infiniteRecur(a),2021-07-25T01:25:38.421935,3
"AbstractPlainSocketImpl() ServerSocket() SocketTransportService() SocketTransportImpl() SocketListeningConnectorImpl() StandardVMDebugger() Thread() main() __static_initialization_and_destruction_0(int, int)",6,SIGABRT: (Error Number 0),aarch64, throw new bad_alloc(),2021-07-25T01:25:43.202418,4
infiniteRecur(int)+12 infiniteRecur(int)+24 infiniteRecur(int)+24 infiniteRecur(int)+24 infiniteRecur(int)+24 infiniteRecur(int)+24 infiniteRecur(int)+24 infiniteRecur(int)+24 infiniteRecur(int)+24 infiniteRecur(int)+24 infiniteRecur(int)+24 infiniteRecur(int)+24 infiniteRecur(int)+24 infiniteRecur(int)+24 infiniteRecur(int)+24 infiniteRecur(int)+24 infiniteRecur(int)+24 infiniteRecur(int)+24 infiniteRecur(int)+24 infiniteRecur(int)+24 infiniteRecur(int)+24 infiniteRecur(int)+24 infiniteRecur(int)+24 infiniteRecur(int)+24 infiniteRecur(int)+24 infiniteRecur(int)+24 infiniteRecur(int)+24 infiniteRecur(int)+24 infiniteRecur(int)+24 infiniteRecur(int)+24 infiniteRecur(int)+24 infiniteRecur(int)+24,11,SIGSEGV: Invalid memory reference to address Unknown Error,aarch64,return infiniteRecur(a),2021-07-25T01:25:47.887924,5
infiniteRecur(int)+12 infiniteRecur(int)+24 infiniteRecur(int)+24 infiniteRecur(int)+24 infiniteRecur(int)+24 infiniteRecur(int)+24 infiniteRecur(int)+24 infiniteRecur(int)+24 infiniteRecur(int)+24 infiniteRecur(int)+24 infiniteRecur(int)+24 infiniteRecur(int)+24 infiniteRecur(int)+24 infiniteRecur(int)+24 infiniteRecur(int)+24 infiniteRecur(int)+24 infiniteRecur(int)+24 infiniteRecur(int)+24 infiniteRecur(int)+24 infiniteRecur(int)+24 infiniteRecur(int)+24 infiniteRecur(int)+24 infiniteRecur(int)+24 infiniteRecur(int)+24 infiniteRecur(int)+24 infiniteRecur(int)+24 infiniteRecur(int)+24 infiniteRecur(int)+24 infiniteRecur(int)+24 infiniteRecur(int)+24 infiniteRecur(int)+24 infiniteRecur(int)+24,11,SIGSEGV: Invalid memory reference to address Unknown Error,aarch64,return infiniteRecur(a),2021-07-25T01:25:52.933094,6
infiniteRecur(int)+12 infiniteRecur(int)+24 infiniteRecur(int)+24 infiniteRecur(int)+24 infiniteRecur(int)+24 infiniteRecur(int)+24 infiniteRecur(int)+24 infiniteRecur(int)+24 infiniteRecur(int)+24 infiniteRecur(int)+24 infiniteRecur(int)+24 infiniteRecur(int)+24 infiniteRecur(int)+24 infiniteRecur(int)+24 infiniteRecur(int)+24 infiniteRecur(int)+24 infiniteRecur(int)+24 infiniteRecur(int)+24 infiniteRecur(int)+24 infiniteRecur(int)+24 infiniteRecur(int)+24 infiniteRecur(int)+24 infiniteRecur(int)+24 infiniteRecur(int)+24 infiniteRecur(int)+24 infiniteRecur(int)+24 infiniteRecur(int)+24 infiniteRecur(int)+24 infiniteRecur(int)+24 infiniteRecur(int)+24 infiniteRecur(int)+24 infiniteRecur(int)+24,11,SIGSEGV: Invalid memory reference to address Unknown Error,aarch64,return infiniteRecur(a),2021-07-25T01:25:57.667419,7
"long, int, char, int>(long (*)(char const*, char**, int), char const*, char const*, unsigned long*, int)+116 long, int, char, int>(long (*)(char const*, char**, int), char const*, char const*, unsigned long*, int)::_Save_errno::_Save_errno() PacketSendManager()+96 EventRequestImpl() JDIDebugTarget() JDIDebugModel() Workspace() SocketAttachConnector() ZcB71zu8d0HxP5cf() gas4qG1ketUf5x8R() main() __static_initialization_and_destruction_0(int, int)",6,SIGABRT: (Error Number 0),aarch64,int a = std::stoi(num),2021-07-25T01:26:02.510062,8
"long, int, char, int>(long (*)(char const*, char**, int), char const*, char const*, unsigned long*, int)+116 long, int, char, int>(long (*)(char const*, char**, int), char const*, char const*, unsigned long*, int)::_Save_errno::_Save_errno() PacketSendManager()+96 VirtualMachineImpl() JDIDebugTarget() JavaHotCodeReplaceManager() DebugPlugin() SafeRunner() Worker() main() __static_initialization_and_destruction_0(int, int)",6,SIGABRT: (Error Number 0),aarch64,int a = std::stoi(num),2021-07-25T01:26:07.591028,9
"FileLockTable()+100 FileChannel() NativeFSLockFactory() Lock() IndexWriter() FileSnippetRepository() GitSnippetRepository() EclipseGitSnippetRepository() Worker() main() __static_initialization_and_destruction_0(int, int)",11,SIGSEGV: Invalid memory reference to address Unknown Error,aarch64,*var2=*var1,2021-07-25T01:26:12.240052,10
infiniteRecur(int)+12 infiniteRecur(int)+24 infiniteRecur(int)+24 infiniteRecur(int)+24 infiniteRecur(int)+24 infiniteRecur(int)+24 infiniteRecur(int)+24 infiniteRecur(int)+24 infiniteRecur(int)+24 infiniteRecur(int)+24 infiniteRecur(int)+24 infiniteRecur(int)+24 infiniteRecur(int)+24 infiniteRecur(int)+24 infiniteRecur(int)+24 infiniteRecur(int)+24 infiniteRecur(int)+24 infiniteRecur(int)+24 infiniteRecur(int)+24 infiniteRecur(int)+24 infiniteRecur(int)+24 infiniteRecur(int)+24 infiniteRecur(int)+24 infiniteRecur(int)+24 infiniteRecur(int)+24 infiniteRecur(int)+24 infiniteRecur(int)+24 infiniteRecur(int)+24 infiniteRecur(int)+24 infiniteRecur(int)+24 infiniteRecur(int)+24 infiniteRecur(int)+24,11,SIGSEGV: Invalid memory reference to address Unknown Error,aarch64,return infiniteRecur(a),2021-07-25T01:26:17.167283,11
infiniteRecur(int)+12 infiniteRecur(int)+24 infiniteRecur(int)+24 infiniteRecur(int)+24 infiniteRecur(int)+24 infiniteRecur(int)+24 infiniteRecur(int)+24 infiniteRecur(int)+24 infiniteRecur(int)+24 infiniteRecur(int)+24 infiniteRecur(int)+24 infiniteRecur(int)+24 infiniteRecur(int)+24 infiniteRecur(int)+24 infiniteRecur(int)+24 infiniteRecur(int)+24 infiniteRecur(int)+24 infiniteRecur(int)+24 infiniteRecur(int)+24 infiniteRecur(int)+24 infiniteRecur(int)+24 infiniteRecur(int)+24 infiniteRecur(int)+24 infiniteRecur(int)+24 infiniteRecur(int)+24 infiniteRecur(int)+24 infiniteRecur(int)+24 infiniteRecur(int)+24 infiniteRecur(int)+24 infiniteRecur(int)+24 infiniteRecur(int)+24 infiniteRecur(int)+24,11,SIGSEGV: Invalid memory reference to address Unknown Error,aarch64,return infiniteRecur(a),2021-07-25T01:26:22.130597,12
"EventDispatcher() Worker() main() __static_initialization_and_destruction_0(int, int)",6,SIGABRT: (Error Number 0),aarch64, throw new bad_alloc(),2021-07-25T01:26:26.802807,13
infiniteRecur(int)+12 infiniteRecur(int)+24 infiniteRecur(int)+24 infiniteRecur(int)+24 infiniteRecur(int)+24 infiniteRecur(int)+24 infiniteRecur(int)+24 infiniteRecur(int)+24 infiniteRecur(int)+24 infiniteRecur(int)+24 infiniteRecur(int)+24 infiniteRecur(int)+24 infiniteRecur(int)+24 infiniteRecur(int)+24 infiniteRecur(int)+24 infiniteRecur(int)+24 infiniteRecur(int)+24 infiniteRecur(int)+24 infiniteRecur(int)+24 infiniteRecur(int)+24 infiniteRecur(int)+24 infiniteRecur(int)+24 infiniteRecur(int)+24 infiniteRecur(int)+24 infiniteRecur(int)+24 infiniteRecur(int)+24 infiniteRecur(int)+24 infiniteRecur(int)+24 infiniteRecur(int)+24 infiniteRecur(int)+24 infiniteRecur(int)+24 infiniteRecur(int)+24,11,SIGSEGV: Invalid memory reference to address Unknown Error,aarch64,return infiniteRecur(a),2021-07-25T01:26:31.804819,14
infiniteRecur(int)+12 infiniteRecur(int)+24 infiniteRecur(int)+24 infiniteRecur(int)+24 infiniteRecur(int)+24 infiniteRecur(int)+24 infiniteRecur(int)+24 infiniteRecur(int)+24 infiniteRecur(int)+24 infiniteRecur(int)+24 infiniteRecur(int)+24 infiniteRecur(int)+24 infiniteRecur(int)+24 infiniteRecur(int)+24 infiniteRecur(int)+24 infiniteRecur(int)+24 infiniteRecur(int)+24 infiniteRecur(int)+24 infiniteRecur(int)+24 infiniteRecur(int)+24 infiniteRecur(int)+24 infiniteRecur(int)+24 infiniteRecur(int)+24 infiniteRecur(int)+24 infiniteRecur(int)+24 infiniteRecur(int)+24 infiniteRecur(int)+24 infiniteRecur(int)+24 infiniteRecur(int)+24 infiniteRecur(int)+24 infiniteRecur(int)+24 infiniteRecur(int)+24,11,SIGSEGV: Invalid memory reference to address Unknown Error,aarch64,return infiniteRecur(a),2021-07-25T01:26:36.937542,15
"RequiredPluginsInitializer() Worker() main() __static_initialization_and_destruction_0(int, int)",6,SIGABRT: (Error Number 0),aarch64, throw new bad_alloc(),2021-07-25T01:26:41.335607,16
infiniteRecur(int)+12 infiniteRecur(int)+24 infiniteRecur(int)+24 infiniteRecur(int)+24 infiniteRecur(int)+24 infiniteRecur(int)+24 infiniteRecur(int)+24 infiniteRecur(int)+24 infiniteRecur(int)+24 infiniteRecur(int)+24 infiniteRecur(int)+24 infiniteRecur(int)+24 infiniteRecur(int)+24 infiniteRecur(int)+24 infiniteRecur(int)+24 infiniteRecur(int)+24 infiniteRecur(int)+24 infiniteRecur(int)+24 infiniteRecur(int)+24 infiniteRecur(int)+24 infiniteRecur(int)+24 infiniteRecur(int)+24 infiniteRecur(int)+24 infiniteRecur(int)+24 infiniteRecur(int)+24 infiniteRecur(int)+24 infiniteRecur(int)+24 infiniteRecur(int)+24 infiniteRecur(int)+24 infiniteRecur(int)+24 infiniteRecur(int)+24 infiniteRecur(int)+24,11,SIGSEGV: Invalid memory reference to address Unknown Error,aarch64,return infiniteRecur(a),2021-07-25T01:26:46.075087,17
SourceTypeBinding()+100 TypeBinding() ScopeAnalyzer() ContextSensitiveImportRewriteContext() ImportRewrite() UnresolvedElementsSubProcessor() QuickFixProcessor() JavaCorrectionProcessor() SafeRunner() QuickAssistAssistant() ContentAssistant() CompletionProposalPopup() BusyIndicator() JavaCorrectionAssistant() CompilationUnitEditor() TextOperationAction() Action() ActionHandler() E4HandlerProxy() DelegatingMethodAccessorImpl() Method() MethodRequestor() InjectorImpl() ContextInjectionFactory() HandlerServiceHandler() Command() ParameterizedCommand() HandlerServiceImpl() KeyBindingDispatcher() EventTable() Display() Widget(),11,SIGSEGV: Invalid memory reference to address Unknown Error,aarch64,*var2=*var1,2021-07-25T01:26:51.342164,18
SourceTypeBinding()+100 TypeBinding() ScopeAnalyzer() ContextSensitiveImportRewriteContext() ImportRewrite() UnresolvedElementsSubProcessor() QuickFixProcessor() JavaCorrectionProcessor() SafeRunner() QuickAssistAssistant() ContentAssistant() CompletionProposalPopup() BusyIndicator() JavaCorrectionAssistant() CompilationUnitEditor() TextOperationAction() Action() ActionHandler() E4HandlerProxy() DelegatingMethodAccessorImpl() Method() MethodRequestor() InjectorImpl() ContextInjectionFactory() HandlerServiceHandler() Command() ParameterizedCommand() HandlerServiceImpl() KeyBindingDispatcher() EventTable() Display() Widget(),11,SIGSEGV: Invalid memory reference to address Unknown Error,aarch64,*var2=*var1,2021-07-25T01:26:56.173175,19
infiniteRecur(int)+12 infiniteRecur(int)+24 infiniteRecur(int)+24 infiniteRecur(int)+24 infiniteRecur(int)+24 infiniteRecur(int)+24 infiniteRecur(int)+24 infiniteRecur(int)+24 infiniteRecur(int)+24 infiniteRecur(int)+24 infiniteRecur(int)+24 infiniteRecur(int)+24 infiniteRecur(int)+24 infiniteRecur(int)+24 infiniteRecur(int)+24 infiniteRecur(int)+24 infiniteRecur(int)+24 infiniteRecur(int)+24 infiniteRecur(int)+24 infiniteRecur(int)+24 infiniteRecur(int)+24 infiniteRecur(int)+24 infiniteRecur(int)+24 infiniteRecur(int)+24 infiniteRecur(int)+24 infiniteRecur(int)+24 infiniteRecur(int)+24 infiniteRecur(int)+24 infiniteRecur(int)+24 infiniteRecur(int)+24 infiniteRecur(int)+24 infiniteRecur(int)+24,11,SIGSEGV: Invalid memory reference to address Unknown Error,aarch64,return infiniteRecur(a),2021-07-25T01:27:01.200509,20
infiniteRecur(int)+12 infiniteRecur(int)+24 infiniteRecur(int)+24 infiniteRecur(int)+24 infiniteRecur(int)+24 infiniteRecur(int)+24 infiniteRecur(int)+24 infiniteRecur(int)+24 infiniteRecur(int)+24 infiniteRecur(int)+24 infiniteRecur(int)+24 infiniteRecur(int)+24 infiniteRecur(int)+24 infiniteRecur(int)+24 infiniteRecur(int)+24 infiniteRecur(int)+24 infiniteRecur(int)+24 infiniteRecur(int)+24 infiniteRecur(int)+24 infiniteRecur(int)+24 infiniteRecur(int)+24 infiniteRecur(int)+24 infiniteRecur(int)+24 infiniteRecur(int)+24 infiniteRecur(int)+24 infiniteRecur(int)+24 infiniteRecur(int)+24 infiniteRecur(int)+24 infiniteRecur(int)+24 infiniteRecur(int)+24 infiniteRecur(int)+24 infiniteRecur(int)+24,11,SIGSEGV: Invalid memory reference to address Unknown Error,aarch64,return infiniteRecur(a),2021-07-25T01:27:06.315359,21
infiniteRecur(int)+12 infiniteRecur(int)+24 infiniteRecur(int)+24 infiniteRecur(int)+24 infiniteRecur(int)+24 infiniteRecur(int)+24 infiniteRecur(int)+24 infiniteRecur(int)+24 infiniteRecur(int)+24 infiniteRecur(int)+24 infiniteRecur(int)+24 infiniteRecur(int)+24 infiniteRecur(int)+24 infiniteRecur(int)+24 infiniteRecur(int)+24 infiniteRecur(int)+24 infiniteRecur(int)+24 infiniteRecur(int)+24 infiniteRecur(int)+24 infiniteRecur(int)+24 infiniteRecur(int)+24 infiniteRecur(int)+24 infiniteRecur(int)+24 infiniteRecur(int)+24 infiniteRecur(int)+24 infiniteRecur(int)+24 infiniteRecur(int)+24 infiniteRecur(int)+24 infiniteRecur(int)+24 infiniteRecur(int)+24 infiniteRecur(int)+24 infiniteRecur(int)+24,11,SIGSEGV: Invalid memory reference to address Unknown Error,aarch64,return infiniteRecur(a),2021-07-25T01:27:11.138044,22
infiniteRecur(int)+12 infiniteRecur(int)+24 infiniteRecur(int)+24 infiniteRecur(int)+24 infiniteRecur(int)+24 infiniteRecur(int)+24 infiniteRecur(int)+24 infiniteRecur(int)+24 infiniteRecur(int)+24 infiniteRecur(int)+24 infiniteRecur(int)+24 infiniteRecur(int)+24 infiniteRecur(int)+24 infiniteRecur(int)+24 infiniteRecur(int)+24 infiniteRecur(int)+24 infiniteRecur(int)+24 infiniteRecur(int)+24 infiniteRecur(int)+24 infiniteRecur(int)+24 infiniteRecur(int)+24 infiniteRecur(int)+24 infiniteRecur(int)+24 infiniteRecur(int)+24 infiniteRecur(int)+24 infiniteRecur(int)+24 infiniteRecur(int)+24 infiniteRecur(int)+24 infiniteRecur(int)+24 infiniteRecur(int)+24 infiniteRecur(int)+24 infiniteRecur(int)+24,11,SIGSEGV: Invalid memory reference to address Unknown Error,aarch64,return infiniteRecur(a),2021-07-25T01:27:16.006731,23
infiniteRecur(int)+12 infiniteRecur(int)+24 infiniteRecur(int)+24 infiniteRecur(int)+24 infiniteRecur(int)+24 infiniteRecur(int)+24 infiniteRecur(int)+24 infiniteRecur(int)+24 infiniteRecur(int)+24 infiniteRecur(int)+24 infiniteRecur(int)+24 infiniteRecur(int)+24 infiniteRecur(int)+24 infiniteRecur(int)+24 infiniteRecur(int)+24 infiniteRecur(int)+24 infiniteRecur(int)+24 infiniteRecur(int)+24 infiniteRecur(int)+24 infiniteRecur(int)+24 infiniteRecur(int)+24 infiniteRecur(int)+24 infiniteRecur(int)+24 infiniteRecur(int)+24 infiniteRecur(int)+24 infiniteRecur(int)+24 infiniteRecur(int)+24 infiniteRecur(int)+24 infiniteRecur(int)+24 infiniteRecur(int)+24 infiniteRecur(int)+24 infiniteRecur(int)+24,11,SIGSEGV: Invalid memory reference to address Unknown Error,aarch64,return infiniteRecur(a),2021-07-25T01:27:20.325662,24
infiniteRecur(int)+12 infiniteRecur(int)+24 infiniteRecur(int)+24 infiniteRecur(int)+24 infiniteRecur(int)+24 infiniteRecur(int)+24 infiniteRecur(int)+24 infiniteRecur(int)+24 infiniteRecur(int)+24 infiniteRecur(int)+24 infiniteRecur(int)+24 infiniteRecur(int)+24 infiniteRecur(int)+24 infiniteRecur(int)+24 infiniteRecur(int)+24 infiniteRecur(int)+24 infiniteRecur(int)+24 infiniteRecur(int)+24 infiniteRecur(int)+24 infiniteRecur(int)+24 infiniteRecur(int)+24 infiniteRecur(int)+24 infiniteRecur(int)+24 infiniteRecur(int)+24 infiniteRecur(int)+24 infiniteRecur(int)+24 infiniteRecur(int)+24 infiniteRecur(int)+24 infiniteRecur(int)+24 infiniteRecur(int)+24 infiniteRecur(int)+24 infiniteRecur(int)+24,11,SIGSEGV: Invalid memory reference to address Unknown Error,aarch64,return infiniteRecur(a),2021-07-25T01:27:24.614253,25
infiniteRecur(int)+12 infiniteRecur(int)+24 infiniteRecur(int)+24 infiniteRecur(int)+24 infiniteRecur(int)+24 infiniteRecur(int)+24 infiniteRecur(int)+24 infiniteRecur(int)+24 infiniteRecur(int)+24 infiniteRecur(int)+24 infiniteRecur(int)+24 infiniteRecur(int)+24 infiniteRecur(int)+24 infiniteRecur(int)+24 infiniteRecur(int)+24 infiniteRecur(int)+24 infiniteRecur(int)+24 infiniteRecur(int)+24 infiniteRecur(int)+24 infiniteRecur(int)+24 infiniteRecur(int)+24 infiniteRecur(int)+24 infiniteRecur(int)+24 infiniteRecur(int)+24 infiniteRecur(int)+24 infiniteRecur(int)+24 infiniteRecur(int)+24 infiniteRecur(int)+24 infiniteRecur(int)+24 infiniteRecur(int)+24 infiniteRecur(int)+24 infiniteRecur(int)+24,11,SIGSEGV: Invalid memory reference to address Unknown Error,aarch64,return infiniteRecur(a),2021-07-25T01:27:29.836179,26
infiniteRecur(int)+12 infiniteRecur(int)+24 infiniteRecur(int)+24 infiniteRecur(int)+24 infiniteRecur(int)+24 infiniteRecur(int)+24 infiniteRecur(int)+24 infiniteRecur(int)+24 infiniteRecur(int)+24 infiniteRecur(int)+24 infiniteRecur(int)+24 infiniteRecur(int)+24 infiniteRecur(int)+24 infiniteRecur(int)+24 infiniteRecur(int)+24 infiniteRecur(int)+24 infiniteRecur(int)+24 infiniteRecur(int)+24 infiniteRecur(int)+24 infiniteRecur(int)+24 infiniteRecur(int)+24 infiniteRecur(int)+24 infiniteRecur(int)+24 infiniteRecur(int)+24 infiniteRecur(int)+24 infiniteRecur(int)+24 infiniteRecur(int)+24 infiniteRecur(int)+24 infiniteRecur(int)+24 infiniteRecur(int)+24 infiniteRecur(int)+24 infiniteRecur(int)+24,11,SIGSEGV: Invalid memory reference to address Unknown Error,aarch64,return infiniteRecur(a),2021-07-25T01:27:35.096425,27
"PacketReceiveManager()+100 ClassTypeImpl() ReferenceTypeImpl() JDIValue() JDIStackFrame() JavaDebugHover() BestMatchHover() JavaEditorTextHoverProxy() TextViewerHoverManager() main() __static_initialization_and_destruction_0(int, int)",11,SIGSEGV: Invalid memory reference to address Unknown Error,aarch64,*var2=*var1,2021-07-25T01:27:39.792733,28
infiniteRecur(int)+12 infiniteRecur(int)+24 infiniteRecur(int)+24 infiniteRecur(int)+24 infiniteRecur(int)+24 infiniteRecur(int)+24 infiniteRecur(int)+24 infiniteRecur(int)+24 infiniteRecur(int)+24 infiniteRecur(int)+24 infiniteRecur(int)+24 infiniteRecur(int)+24 infiniteRecur(int)+24 infiniteRecur(int)+24 infiniteRecur(int)+24 infiniteRecur(int)+24 infiniteRecur(int)+24 infiniteRecur(int)+24 infiniteRecur(int)+24 infiniteRecur(int)+24 infiniteRecur(int)+24 infiniteRecur(int)+24 infiniteRecur(int)+24 infiniteRecur(int)+24 infiniteRecur(int)+24 infiniteRecur(int)+24 infiniteRecur(int)+24 infiniteRecur(int)+24 infiniteRecur(int)+24 infiniteRecur(int)+24 infiniteRecur(int)+24 infiniteRecur(int)+24,11,SIGSEGV: Invalid memory reference to address Unknown Error,aarch64,return infiniteRecur(a),2021-07-25T01:27:44.562947,29
"long, int, char, int>(long (*)(char const*, char**, int), char const*, char const*, unsigned long*, int)+116 long, int, char, int>(long (*)(char const*, char**, int), char const*, char const*, unsigned long*, int)::_Save_errno::_Save_errno() MSAhqcY8DrrRHzmz()+96 ASTConverter() CompilationUnitResolver() ASTParser() ASTProvider() SafeRunner() SharedASTProvider() NLSStringHover() BestMatchHover() JavaEditorTextHoverProxy() TextViewerHoverManager() main() __static_initialization_and_destruction_0(int, int)",6,SIGABRT: (Error Number 0),aarch64,int a = std::stoi(num),2021-07-25T01:27:49.817716,30
infiniteRecur(int)+12 infiniteRecur(int)+24 infiniteRecur(int)+24 infiniteRecur(int)+24 infiniteRecur(int)+24 infiniteRecur(int)+24 infiniteRecur(int)+24 infiniteRecur(int)+24 infiniteRecur(int)+24 infiniteRecur(int)+24 infiniteRecur(int)+24 infiniteRecur(int)+24 infiniteRecur(int)+24 infiniteRecur(int)+24 infiniteRecur(int)+24 infiniteRecur(int)+24 infiniteRecur(int)+24 infiniteRecur(int)+24 infiniteRecur(int)+24 infiniteRecur(int)+24 infiniteRecur(int)+24 infiniteRecur(int)+24 infiniteRecur(int)+24 infiniteRecur(int)+24 infiniteRecur(int)+24 infiniteRecur(int)+24 infiniteRecur(int)+24 infiniteRecur(int)+24 infiniteRecur(int)+24 infiniteRecur(int)+24 infiniteRecur(int)+24 infiniteRecur(int)+24,11,SIGSEGV: Invalid memory reference to address Unknown Error,aarch64,return infiniteRecur(a),2021-07-25T01:27:54.657603,31
infiniteRecur(int)+12 infiniteRecur(int)+24 infiniteRecur(int)+24 infiniteRecur(int)+24 infiniteRecur(int)+24 infiniteRecur(int)+24 infiniteRecur(int)+24 infiniteRecur(int)+24 infiniteRecur(int)+24 infiniteRecur(int)+24 infiniteRecur(int)+24 infiniteRecur(int)+24 infiniteRecur(int)+24 infiniteRecur(int)+24 infiniteRecur(int)+24 infiniteRecur(int)+24 infiniteRecur(int)+24 infiniteRecur(int)+24 infiniteRecur(int)+24 infiniteRecur(int)+24 infiniteRecur(int)+24 infiniteRecur(int)+24 infiniteRecur(int)+24 infiniteRecur(int)+24 infiniteRecur(int)+24 infiniteRecur(int)+24 infiniteRecur(int)+24 infiniteRecur(int)+24 infiniteRecur(int)+24 infiniteRecur(int)+24 infiniteRecur(int)+24 infiniteRecur(int)+24,11,SIGSEGV: Invalid memory reference to address Unknown Error,aarch64,return infiniteRecur(a),2021-07-25T01:27:59.578839,32
FormEditor() Z6JqV7mtEIrAaxEu() ae7fSgU1b2N0e5Am() CompatibilityPart() MethodRequestor() InjectorImpl() ContextInjectionFactory() ReflectionContributionFactory() ContributedPartRenderer() PartRenderingEngine() SafeRunner() PartServiceImpl() UIEventHandler() Synchronizer() UISynchronizer() Display() E4Application() EventHandlerWrapper() EventHandlerTracker() EventManager() ListenerQueue() EventAdminImpl() EventComponent() EventBroker() UIEventPublisher() BasicNotifierImpl(),6,SIGABRT: (Error Number 0),aarch64, throw new bad_alloc(),2021-07-25T01:28:04.754655,33
infiniteRecur(int)+12 infiniteRecur(int)+24 infiniteRecur(int)+24 infiniteRecur(int)+24 infiniteRecur(int)+24 infiniteRecur(int)+24 infiniteRecur(int)+24 infiniteRecur(int)+24 infiniteRecur(int)+24 infiniteRecur(int)+24 infiniteRecur(int)+24 infiniteRecur(int)+24 infiniteRecur(int)+24 infiniteRecur(int)+24 infiniteRecur(int)+24 infiniteRecur(int)+24 infiniteRecur(int)+24 infiniteRecur(int)+24 infiniteRecur(int)+24 infiniteRecur(int)+24 infiniteRecur(int)+24 infiniteRecur(int)+24 infiniteRecur(int)+24 infiniteRecur(int)+24 infiniteRecur(int)+24 infiniteRecur(int)+24 infiniteRecur(int)+24 infiniteRecur(int)+24 infiniteRecur(int)+24 infiniteRecur(int)+24 infiniteRecur(int)+24 infiniteRecur(int)+24,11,SIGSEGV: Invalid memory reference to address Unknown Error,aarch64,return infiniteRecur(a),2021-07-25T01:28:09.665537,34
infiniteRecur(int)+12 infiniteRecur(int)+24 infiniteRecur(int)+24 infiniteRecur(int)+24 infiniteRecur(int)+24 infiniteRecur(int)+24 infiniteRecur(int)+24 infiniteRecur(int)+24 infiniteRecur(int)+24 infiniteRecur(int)+24 infiniteRecur(int)+24 infiniteRecur(int)+24 infiniteRecur(int)+24 infiniteRecur(int)+24 infiniteRecur(int)+24 infiniteRecur(int)+24 infiniteRecur(int)+24 infiniteRecur(int)+24 infiniteRecur(int)+24 infiniteRecur(int)+24 infiniteRecur(int)+24 infiniteRecur(int)+24 infiniteRecur(int)+24 infiniteRecur(int)+24 infiniteRecur(int)+24 infiniteRecur(int)+24 infiniteRecur(int)+24 infiniteRecur(int)+24 infiniteRecur(int)+24 infiniteRecur(int)+24 infiniteRecur(int)+24 infiniteRecur(int)+24,11,SIGSEGV: Invalid memory reference to address Unknown Error,aarch64,return infiniteRecur(a),2021-07-25T01:28:14.418552,35
"SynchronizableDocument() SemanticHighlightingPresenter() RunnableLock() Synchronizer() Display() PartRenderingEngine() Realm() E4Workbench() Workbench() PlatformUI() IDEApplication() EclipseAppHandle() EclipseAppLauncher() EclipseStarter() Main() main() __static_initialization_and_destruction_0(int, int)",6,SIGABRT: (Error Number 0),aarch64, throw new bad_alloc(),2021-07-25T01:28:19.263856,36
infiniteRecur(int)+12 infiniteRecur(int)+24 infiniteRecur(int)+24 infiniteRecur(int)+24 infiniteRecur(int)+24 infiniteRecur(int)+24 infiniteRecur(int)+24 infiniteRecur(int)+24 infiniteRecur(int)+24 infiniteRecur(int)+24 infiniteRecur(int)+24 infiniteRecur(int)+24 infiniteRecur(int)+24 infiniteRecur(int)+24 infiniteRecur(int)+24 infiniteRecur(int)+24 infiniteRecur(int)+24 infiniteRecur(int)+24 infiniteRecur(int)+24 infiniteRecur(int)+24 infiniteRecur(int)+24 infiniteRecur(int)+24 infiniteRecur(int)+24 infiniteRecur(int)+24 infiniteRecur(int)+24 infiniteRecur(int)+24 infiniteRecur(int)+24 infiniteRecur(int)+24 infiniteRecur(int)+24 infiniteRecur(int)+24 infiniteRecur(int)+24 infiniteRecur(int)+24,11,SIGSEGV: Invalid memory reference to address Unknown Error,aarch64,return infiniteRecur(a),2021-07-25T01:28:23.952413,37
"AbstractStringBuilder()+100 IOConsolePartition() IOConsolePartitioner() AbstractDocument() ConsoleDocument() ConsoleDocumentAdapter() StyledText() EventTable() Display() Widget() Canvas() Control() OS() NSResponder() Composite() Shell() NSApplication() PartRenderingEngine() Realm() E4Workbench() Workbench() PlatformUI() IDEApplication() EclipseAppHandle() EclipseAppLauncher() EclipseStarter() NativeMethodAccessorImpl() DelegatingMethodAccessorImpl() Method() Main() main() __static_initialization_and_destruction_0(int, int)",11,SIGSEGV: Invalid memory reference to address Unknown Error,aarch64,*var2=*var1,2021-07-25T01:28:28.487660,38
infiniteRecur(int)+12 infiniteRecur(int)+24 infiniteRecur(int)+24 infiniteRecur(int)+24 infiniteRecur(int)+24 infiniteRecur(int)+24 infiniteRecur(int)+24 infiniteRecur(int)+24 infiniteRecur(int)+24 infiniteRecur(int)+24 infiniteRecur(int)+24 infiniteRecur(int)+24 infiniteRecur(int)+24 infiniteRecur(int)+24 infiniteRecur(int)+24 infiniteRecur(int)+24 infiniteRecur(int)+24 infiniteRecur(int)+24 infiniteRecur(int)+24 infiniteRecur(int)+24 infiniteRecur(int)+24 infiniteRecur(int)+24 infiniteRecur(int)+24 infiniteRecur(int)+24 infiniteRecur(int)+24 infiniteRecur(int)+24 infiniteRecur(int)+24 infiniteRecur(int)+24 infiniteRecur(int)+24 infiniteRecur(int)+24 infiniteRecur(int)+24 infiniteRecur(int)+24,11,SIGSEGV: Invalid memory reference to address Unknown Error,aarch64,return infiniteRecur(a),2021-07-25T01:28:33.601442,39
infiniteRecur(int)+12 infiniteRecur(int)+24 infiniteRecur(int)+24 infiniteRecur(int)+24 infiniteRecur(int)+24 infiniteRecur(int)+24 infiniteRecur(int)+24 infiniteRecur(int)+24 infiniteRecur(int)+24 infiniteRecur(int)+24 infiniteRecur(int)+24 infiniteRecur(int)+24 infiniteRecur(int)+24 infiniteRecur(int)+24 infiniteRecur(int)+24 infiniteRecur(int)+24 infiniteRecur(int)+24 infiniteRecur(int)+24 infiniteRecur(int)+24 infiniteRecur(int)+24 infiniteRecur(int)+24 infiniteRecur(int)+24 infiniteRecur(int)+24 infiniteRecur(int)+24 infiniteRecur(int)+24 infiniteRecur(int)+24 infiniteRecur(int)+24 infiniteRecur(int)+24 infiniteRecur(int)+24 infiniteRecur(int)+24 infiniteRecur(int)+24 infiniteRecur(int)+24,11,SIGSEGV: Invalid memory reference to address Unknown Error,aarch64,return infiniteRecur(a),2021-07-25T01:28:38.499987,40
infiniteRecur(int)+12 infiniteRecur(int)+24 infiniteRecur(int)+24 infiniteRecur(int)+24 infiniteRecur(int)+24 infiniteRecur(int)+24 infiniteRecur(int)+24 infiniteRecur(int)+24 infiniteRecur(int)+24 infiniteRecur(int)+24 infiniteRecur(int)+24 infiniteRecur(int)+24 infiniteRecur(int)+24 infiniteRecur(int)+24 infiniteRecur(int)+24 infiniteRecur(int)+24 infiniteRecur(int)+24 infiniteRecur(int)+24 infiniteRecur(int)+24 infiniteRecur(int)+24 infiniteRecur(int)+24 infiniteRecur(int)+24 infiniteRecur(int)+24 infiniteRecur(int)+24 infiniteRecur(int)+24 infiniteRecur(int)+24 infiniteRecur(int)+24 infiniteRecur(int)+24 infiniteRecur(int)+24 infiniteRecur(int)+24 infiniteRecur(int)+24 infiniteRecur(int)+24,11,SIGSEGV: Invalid memory reference to address Unknown Error,aarch64,return infiniteRecur(a),2021-07-25T01:28:43.660243,41
infiniteRecur(int)+12 infiniteRecur(int)+24 infiniteRecur(int)+24 infiniteRecur(int)+24 infiniteRecur(int)+24 infiniteRecur(int)+24 infiniteRecur(int)+24 infiniteRecur(int)+24 infiniteRecur(int)+24 infiniteRecur(int)+24 infiniteRecur(int)+24 infiniteRecur(int)+24 infiniteRecur(int)+24 infiniteRecur(int)+24 infiniteRecur(int)+24 infiniteRecur(int)+24 infiniteRecur(int)+24 infiniteRecur(int)+24 infiniteRecur(int)+24 infiniteRecur(int)+24 infiniteRecur(int)+24 infiniteRecur(int)+24 infiniteRecur(int)+24 infiniteRecur(int)+24 infiniteRecur(int)+24 infiniteRecur(int)+24 infiniteRecur(int)+24 infiniteRecur(int)+24 infiniteRecur(int)+24 infiniteRecur(int)+24 infiniteRecur(int)+24 infiniteRecur(int)+24,11,SIGSEGV: Invalid memory reference to address Unknown Error,aarch64,return infiniteRecur(a),2021-07-25T01:28:48.851903,42
"HudsonCorePlugin()+100 RefreshSession() BuildRunner() RefreshOperation() BuildJob() AbstractElementOperation() BuildRefresher() Worker() main() __static_initialization_and_destruction_0(int, int)",11,SIGSEGV: Invalid memory reference to address Unknown Error,aarch64,*var2=*var1,2021-07-25T01:28:53.826697,43
infiniteRecur(int)+12 infiniteRecur(int)+24 infiniteRecur(int)+24 infiniteRecur(int)+24 infiniteRecur(int)+24 infiniteRecur(int)+24 infiniteRecur(int)+24 infiniteRecur(int)+24 infiniteRecur(int)+24 infiniteRecur(int)+24 infiniteRecur(int)+24 infiniteRecur(int)+24 infiniteRecur(int)+24 infiniteRecur(int)+24 infiniteRecur(int)+24 infiniteRecur(int)+24 infiniteRecur(int)+24 infiniteRecur(int)+24 infiniteRecur(int)+24 infiniteRecur(int)+24 infiniteRecur(int)+24 infiniteRecur(int)+24 infiniteRecur(int)+24 infiniteRecur(int)+24 infiniteRecur(int)+24 infiniteRecur(int)+24 infiniteRecur(int)+24 infiniteRecur(int)+24 infiniteRecur(int)+24 infiniteRecur(int)+24 infiniteRecur(int)+24 infiniteRecur(int)+24,11,SIGSEGV: Invalid memory reference to address Unknown Error,aarch64,return infiniteRecur(a),2021-07-25T01:28:58.560721,44
infiniteRecur(int)+12 infiniteRecur(int)+24 infiniteRecur(int)+24 infiniteRecur(int)+24 infiniteRecur(int)+24 infiniteRecur(int)+24 infiniteRecur(int)+24 infiniteRecur(int)+24 infiniteRecur(int)+24 infiniteRecur(int)+24 infiniteRecur(int)+24 infiniteRecur(int)+24 infiniteRecur(int)+24 infiniteRecur(int)+24 infiniteRecur(int)+24 infiniteRecur(int)+24 infiniteRecur(int)+24 infiniteRecur(int)+24 infiniteRecur(int)+24 infiniteRecur(int)+24 infiniteRecur(int)+24 infiniteRecur(int)+24 infiniteRecur(int)+24 infiniteRecur(int)+24 infiniteRecur(int)+24 infiniteRecur(int)+24 infiniteRecur(int)+24 infiniteRecur(int)+24 infiniteRecur(int)+24 infiniteRecur(int)+24 infiniteRecur(int)+24 infiniteRecur(int)+24,11,SIGSEGV: Invalid memory reference to address Unknown Error,aarch64,return infiniteRecur(a),2021-07-25T01:29:02.819099,45
infiniteRecur(int)+12 infiniteRecur(int)+24 infiniteRecur(int)+24 infiniteRecur(int)+24 infiniteRecur(int)+24 infiniteRecur(int)+24 infiniteRecur(int)+24 infiniteRecur(int)+24 infiniteRecur(int)+24 infiniteRecur(int)+24 infiniteRecur(int)+24 infiniteRecur(int)+24 infiniteRecur(int)+24 infiniteRecur(int)+24 infiniteRecur(int)+24 infiniteRecur(int)+24 infiniteRecur(int)+24 infiniteRecur(int)+24 infiniteRecur(int)+24 infiniteRecur(int)+24 infiniteRecur(int)+24 infiniteRecur(int)+24 infiniteRecur(int)+24 infiniteRecur(int)+24 infiniteRecur(int)+24 infiniteRecur(int)+24 infiniteRecur(int)+24 infiniteRecur(int)+24 infiniteRecur(int)+24 infiniteRecur(int)+24 infiniteRecur(int)+24 infiniteRecur(int)+24,11,SIGSEGV: Invalid memory reference to address Unknown Error,aarch64,return infiniteRecur(a),2021-07-25T01:29:07.019002,46
infiniteRecur(int)+12 infiniteRecur(int)+24 infiniteRecur(int)+24 infiniteRecur(int)+24 infiniteRecur(int)+24 infiniteRecur(int)+24 infiniteRecur(int)+24 infiniteRecur(int)+24 infiniteRecur(int)+24 infiniteRecur(int)+24 infiniteRecur(int)+24 infiniteRecur(int)+24 infiniteRecur(int)+24 infiniteRecur(int)+24 infiniteRecur(int)+24 infiniteRecur(int)+24 infiniteRecur(int)+24 infiniteRecur(int)+24 infiniteRecur(int)+24 infiniteRecur(int)+24 infiniteRecur(int)+24 infiniteRecur(int)+24 infiniteRecur(int)+24 infiniteRecur(int)+24 infiniteRecur(int)+24 infiniteRecur(int)+24 infiniteRecur(int)+24 infiniteRecur(int)+24 infiniteRecur(int)+24 infiniteRecur(int)+24 infiniteRecur(int)+24 infiniteRecur(int)+24,11,SIGSEGV: Invalid memory reference to address Unknown Error,aarch64,return infiniteRecur(a),2021-07-25T01:29:11.024060,47
"long, int, char, int>(long (*)(char const*, char**, int), char const*, char const*, unsigned long*, int)+116 long, int, char, int>(long (*)(char const*, char**, int), char const*, char const*, unsigned long*, int)::_Save_errno::_Save_errno() PresetDefinition()+96 PresetsExtensionPoint() FacetedProjectWorkingCopy() Worker() main() __static_initialization_and_destruction_0(int, int)",6,SIGABRT: (Error Number 0),aarch64,int a = std::stoi(num),2021-07-25T01:29:15.099171,48
"MinimalConfigurationPresetFactory()+100 FacetedProjectWorkingCopy() Worker() main() __static_initialization_and_destruction_0(int, int)",11,SIGSEGV: Invalid memory reference to address Unknown Error,aarch64,*var2=*var1,2021-07-25T01:29:20.397837,49
"PresetsExtensionPoint() FacetedProjectWorkingCopy() Worker() main() __static_initialization_and_destruction_0(int, int)",6,SIGABRT: (Error Number 0),aarch64, throw new bad_alloc(),2021-07-25T01:29:25.190675,50
infiniteRecur(int)+12 infiniteRecur(int)+24 infiniteRecur(int)+24 infiniteRecur(int)+24 infiniteRecur(int)+24 infiniteRecur(int)+24 infiniteRecur(int)+24 infiniteRecur(int)+24 infiniteRecur(int)+24 infiniteRecur(int)+24 infiniteRecur(int)+24 infiniteRecur(int)+24 infiniteRecur(int)+24 infiniteRecur(int)+24 infiniteRecur(int)+24 infiniteRecur(int)+24 infiniteRecur(int)+24 infiniteRecur(int)+24 infiniteRecur(int)+24 infiniteRecur(int)+24 infiniteRecur(int)+24 infiniteRecur(int)+24 infiniteRecur(int)+24 infiniteRecur(int)+24 infiniteRecur(int)+24 infiniteRecur(int)+24 infiniteRecur(int)+24 infiniteRecur(int)+24 infiniteRecur(int)+24 infiniteRecur(int)+24 infiniteRecur(int)+24 infiniteRecur(int)+24,11,SIGSEGV: Invalid memory reference to address Unknown Error,aarch64,return infiniteRecur(a),2021-07-25T01:29:30.014655,51
infiniteRecur(int)+12 infiniteRecur(int)+24 infiniteRecur(int)+24 infiniteRecur(int)+24 infiniteRecur(int)+24 infiniteRecur(int)+24 infiniteRecur(int)+24 infiniteRecur(int)+24 infiniteRecur(int)+24 infiniteRecur(int)+24 infiniteRecur(int)+24 infiniteRecur(int)+24 infiniteRecur(int)+24 infiniteRecur(int)+24 infiniteRecur(int)+24 infiniteRecur(int)+24 infiniteRecur(int)+24 infiniteRecur(int)+24 infiniteRecur(int)+24 infiniteRecur(int)+24 infiniteRecur(int)+24 infiniteRecur(int)+24 infiniteRecur(int)+24 infiniteRecur(int)+24 infiniteRecur(int)+24 infiniteRecur(int)+24 infiniteRecur(int)+24 infiniteRecur(int)+24 infiniteRecur(int)+24 infiniteRecur(int)+24 infiniteRecur(int)+24 infiniteRecur(int)+24,11,SIGSEGV: Invalid memory reference to address Unknown Error,aarch64,return infiniteRecur(a),2021-07-25T01:29:35.407502,52
"long, int, char, int>(long (*)(char const*, char**, int), char const*, char const*, unsigned long*, int)+116 long, int, char, int>(long (*)(char const*, char**, int), char const*, char const*, unsigned long*, int)::_Save_errno::_Save_errno() ClassFileEditor()+96 ModalContext() WorkbenchWindow() BusyIndicator() EditorReference() CompatibilityPart() MethodRequestor() InjectorImpl() ContextInjectionFactory() ReflectionContributionFactory() ContributedPartRenderer() PartRenderingEngine() SafeRunner() PartServiceImpl() UIEventHandler() Synchronizer() UISynchronizer() Display() E4Application() EventHandlerWrapper() EventHandlerTracker() EventManager() ListenerQueue()",6,SIGABRT: (Error Number 0),aarch64,int a = std::stoi(num),2021-07-25T01:29:40.330919,53
infiniteRecur(int)+12 infiniteRecur(int)+24 infiniteRecur(int)+24 infiniteRecur(int)+24 infiniteRecur(int)+24 infiniteRecur(int)+24 infiniteRecur(int)+24 infiniteRecur(int)+24 infiniteRecur(int)+24 infiniteRecur(int)+24 infiniteRecur(int)+24 infiniteRecur(int)+24 infiniteRecur(int)+24 infiniteRecur(int)+24 infiniteRecur(int)+24 infiniteRecur(int)+24 infiniteRecur(int)+24 infiniteRecur(int)+24 infiniteRecur(int)+24 infiniteRecur(int)+24 infiniteRecur(int)+24 infiniteRecur(int)+24 infiniteRecur(int)+24 infiniteRecur(int)+24 infiniteRecur(int)+24 infiniteRecur(int)+24 infiniteRecur(int)+24 infiniteRecur(int)+24 infiniteRecur(int)+24 infiniteRecur(int)+24 infiniteRecur(int)+24 infiniteRecur(int)+24,11,SIGSEGV: Invalid memory reference to address Unknown Error,aarch64,return infiniteRecur(a),2021-07-25T01:29:45.480982,54
"long, int, char, int>(long (*)(char const*, char**, int), char const*, char const*, unsigned long*, int)+116 long, int, char, int>(long (*)(char const*, char**, int), char const*, char const*, unsigned long*, int)::_Save_errno::_Save_errno() SimpleProfileRegistry()+96 ProvisioningSession() ProfileModificationJob() ProvisioningJob() Worker() main() __static_initialization_and_destruction_0(int, int)",6,SIGABRT: (Error Number 0),aarch64,int a = std::stoi(num),2021-07-25T01:29:50.348212,55
infiniteRecur(int)+12 infiniteRecur(int)+24 infiniteRecur(int)+24 infiniteRecur(int)+24 infiniteRecur(int)+24 infiniteRecur(int)+24 infiniteRecur(int)+24 infiniteRecur(int)+24 infiniteRecur(int)+24 infiniteRecur(int)+24 infiniteRecur(int)+24 infiniteRecur(int)+24 infiniteRecur(int)+24 infiniteRecur(int)+24 infiniteRecur(int)+24 infiniteRecur(int)+24 infiniteRecur(int)+24 infiniteRecur(int)+24 infiniteRecur(int)+24 infiniteRecur(int)+24 infiniteRecur(int)+24 infiniteRecur(int)+24 infiniteRecur(int)+24 infiniteRecur(int)+24 infiniteRecur(int)+24 infiniteRecur(int)+24 infiniteRecur(int)+24 infiniteRecur(int)+24 infiniteRecur(int)+24 infiniteRecur(int)+24 infiniteRecur(int)+24 infiniteRecur(int)+24,11,SIGSEGV: Invalid memory reference to address Unknown Error,aarch64,return infiniteRecur(a),2021-07-25T01:29:55.008740,56
infiniteRecur(int)+12 infiniteRecur(int)+24 infiniteRecur(int)+24 infiniteRecur(int)+24 infiniteRecur(int)+24 infiniteRecur(int)+24 infiniteRecur(int)+24 infiniteRecur(int)+24 infiniteRecur(int)+24 infiniteRecur(int)+24 infiniteRecur(int)+24 infiniteRecur(int)+24 infiniteRecur(int)+24 infiniteRecur(int)+24 infiniteRecur(int)+24 infiniteRecur(int)+24 infiniteRecur(int)+24 infiniteRecur(int)+24 infiniteRecur(int)+24 infiniteRecur(int)+24 infiniteRecur(int)+24 infiniteRecur(int)+24 infiniteRecur(int)+24 infiniteRecur(int)+24 infiniteRecur(int)+24 infiniteRecur(int)+24 infiniteRecur(int)+24 infiniteRecur(int)+24 infiniteRecur(int)+24 infiniteRecur(int)+24 infiniteRecur(int)+24 infiniteRecur(int)+24,11,SIGSEGV: Invalid memory reference to address Unknown Error,aarch64,return infiniteRecur(a),2021-07-25T01:30:00.132812,57
infiniteRecur(int)+12 infiniteRecur(int)+24 infiniteRecur(int)+24 infiniteRecur(int)+24 infiniteRecur(int)+24 infiniteRecur(int)+24 infiniteRecur(int)+24 infiniteRecur(int)+24 infiniteRecur(int)+24 infiniteRecur(int)+24 infiniteRecur(int)+24 infiniteRecur(int)+24 infiniteRecur(int)+24 infiniteRecur(int)+24 infiniteRecur(int)+24 infiniteRecur(int)+24 infiniteRecur(int)+24 infiniteRecur(int)+24 infiniteRecur(int)+24 infiniteRecur(int)+24 infiniteRecur(int)+24 infiniteRecur(int)+24 infiniteRecur(int)+24 infiniteRecur(int)+24 infiniteRecur(int)+24 infiniteRecur(int)+24 infiniteRecur(int)+24 infiniteRecur(int)+24 infiniteRecur(int)+24 infiniteRecur(int)+24 infiniteRecur(int)+24 infiniteRecur(int)+24,11,SIGSEGV: Invalid memory reference to address Unknown Error,aarch64,return infiniteRecur(a),2021-07-25T01:30:05.185800,58
"HudsonCorePlugin()+100 RefreshSession() BuildRunner() RefreshOperation() BuildJob() AbstractElementOperation() BuildRefresher() Worker() main() __static_initialization_and_destruction_0(int, int)",11,SIGSEGV: Invalid memory reference to address Unknown Error,aarch64,*var2=*var1,2021-07-25T01:30:10.097887,59
infiniteRecur(int)+12 infiniteRecur(int)+24 infiniteRecur(int)+24 infiniteRecur(int)+24 infiniteRecur(int)+24 infiniteRecur(int)+24 infiniteRecur(int)+24 infiniteRecur(int)+24 infiniteRecur(int)+24 infiniteRecur(int)+24 infiniteRecur(int)+24 infiniteRecur(int)+24 infiniteRecur(int)+24 infiniteRecur(int)+24 infiniteRecur(int)+24 infiniteRecur(int)+24 infiniteRecur(int)+24 infiniteRecur(int)+24 infiniteRecur(int)+24 infiniteRecur(int)+24 infiniteRecur(int)+24 infiniteRecur(int)+24 infiniteRecur(int)+24 infiniteRecur(int)+24 infiniteRecur(int)+24 infiniteRecur(int)+24 infiniteRecur(int)+24 infiniteRecur(int)+24 infiniteRecur(int)+24 infiniteRecur(int)+24 infiniteRecur(int)+24 infiniteRecur(int)+24,11,SIGSEGV: Invalid memory reference to address Unknown Error,aarch64,return infiniteRecur(a),2021-07-25T01:30:15.561989,60
infiniteRecur(int)+12 infiniteRecur(int)+24 infiniteRecur(int)+24 infiniteRecur(int)+24 infiniteRecur(int)+24 infiniteRecur(int)+24 infiniteRecur(int)+24 infiniteRecur(int)+24 infiniteRecur(int)+24 infiniteRecur(int)+24 infiniteRecur(int)+24 infiniteRecur(int)+24 infiniteRecur(int)+24 infiniteRecur(int)+24 infiniteRecur(int)+24 infiniteRecur(int)+24 infiniteRecur(int)+24 infiniteRecur(int)+24 infiniteRecur(int)+24 infiniteRecur(int)+24 infiniteRecur(int)+24 infiniteRecur(int)+24 infiniteRecur(int)+24 infiniteRecur(int)+24 infiniteRecur(int)+24 infiniteRecur(int)+24 infiniteRecur(int)+24 infiniteRecur(int)+24 infiniteRecur(int)+24 infiniteRecur(int)+24 infiniteRecur(int)+24 infiniteRecur(int)+24,11,SIGSEGV: Invalid memory reference to address Unknown Error,aarch64,return infiniteRecur(a),2021-07-25T01:30:20.585300,61
infiniteRecur(int)+12 infiniteRecur(int)+24 infiniteRecur(int)+24 infiniteRecur(int)+24 infiniteRecur(int)+24 infiniteRecur(int)+24 infiniteRecur(int)+24 infiniteRecur(int)+24 infiniteRecur(int)+24 infiniteRecur(int)+24 infiniteRecur(int)+24 infiniteRecur(int)+24 infiniteRecur(int)+24 infiniteRecur(int)+24 infiniteRecur(int)+24 infiniteRecur(int)+24 infiniteRecur(int)+24 infiniteRecur(int)+24 infiniteRecur(int)+24 infiniteRecur(int)+24 infiniteRecur(int)+24 infiniteRecur(int)+24 infiniteRecur(int)+24 infiniteRecur(int)+24 infiniteRecur(int)+24 infiniteRecur(int)+24 infiniteRecur(int)+24 infiniteRecur(int)+24 infiniteRecur(int)+24 infiniteRecur(int)+24 infiniteRecur(int)+24 infiniteRecur(int)+24,11,SIGSEGV: Invalid memory reference to address Unknown Error,aarch64,return infiniteRecur(a),2021-07-25T01:30:25.876917,62
"long, int, char, int>(long (*)(char const*, char**, int), char const*, char const*, unsigned long*, int)+116 long, int, char, int>(long (*)(char const*, char**, int), char const*, char const*, unsigned long*, int)::_Save_errno::_Save_errno() ModelProviderManager()+96 AbstractJSFAppConfigManager() SafeRunner() JSFAppConfigManager() ResourceSingletonObjectManager() DefaultJSFAppConfigManagerProviderStrategy() JSFAppConfigManagerFactory() ActionType() AttributeValidatingStrategy() XMLViewDefnValidator() DefaultFaceletValidationStrategy() AbstractFaceletValidationStrategy() HTMLValidator() Validator() ValManager() ValBuilderJob() Resource() ElementTreeIterator() InternalWorkspaceJob() Worker() main() __static_initialization_and_destruction_0(int, int)",6,SIGABRT: (Error Number 0),aarch64,int a = std::stoi(num),2021-07-25T01:30:30.491258,63
infiniteRecur(int)+12 infiniteRecur(int)+24 infiniteRecur(int)+24 infiniteRecur(int)+24 infiniteRecur(int)+24 infiniteRecur(int)+24 infiniteRecur(int)+24 infiniteRecur(int)+24 infiniteRecur(int)+24 infiniteRecur(int)+24 infiniteRecur(int)+24 infiniteRecur(int)+24 infiniteRecur(int)+24 infiniteRecur(int)+24 infiniteRecur(int)+24 infiniteRecur(int)+24 infiniteRecur(int)+24 infiniteRecur(int)+24 infiniteRecur(int)+24 infiniteRecur(int)+24 infiniteRecur(int)+24 infiniteRecur(int)+24 infiniteRecur(int)+24 infiniteRecur(int)+24 infiniteRecur(int)+24 infiniteRecur(int)+24 infiniteRecur(int)+24 infiniteRecur(int)+24 infiniteRecur(int)+24 infiniteRecur(int)+24 infiniteRecur(int)+24 infiniteRecur(int)+24,11,SIGSEGV: Invalid memory reference to address Unknown Error,aarch64,return infiniteRecur(a),2021-07-25T01:30:35.416507,64
infiniteRecur(int)+12 infiniteRecur(int)+24 infiniteRecur(int)+24 infiniteRecur(int)+24 infiniteRecur(int)+24 infiniteRecur(int)+24 infiniteRecur(int)+24 infiniteRecur(int)+24 infiniteRecur(int)+24 infiniteRecur(int)+24 infiniteRecur(int)+24 infiniteRecur(int)+24 infiniteRecur(int)+24 infiniteRecur(int)+24 infiniteRecur(int)+24 infiniteRecur(int)+24 infiniteRecur(int)+24 infiniteRecur(int)+24 infiniteRecur(int)+24 infiniteRecur(int)+24 infiniteRecur(int)+24 infiniteRecur(int)+24 infiniteRecur(int)+24 infiniteRecur(int)+24 infiniteRecur(int)+24 infiniteRecur(int)+24 infiniteRecur(int)+24 infiniteRecur(int)+24 infiniteRecur(int)+24 infiniteRecur(int)+24 infiniteRecur(int)+24 infiniteRecur(int)+24,11,SIGSEGV: Invalid memory reference to address Unknown Error,aarch64,return infiniteRecur(a),2021-07-25T01:30:39.831319,65
infiniteRecur(int)+12 infiniteRecur(int)+24 infiniteRecur(int)+24 infiniteRecur(int)+24 infiniteRecur(int)+24 infiniteRecur(int)+24 infiniteRecur(int)+24 infiniteRecur(int)+24 infiniteRecur(int)+24 infiniteRecur(int)+24 infiniteRecur(int)+24 infiniteRecur(int)+24 infiniteRecur(int)+24 infiniteRecur(int)+24 infiniteRecur(int)+24 infiniteRecur(int)+24 infiniteRecur(int)+24 infiniteRecur(int)+24 infiniteRecur(int)+24 infiniteRecur(int)+24 infiniteRecur(int)+24 infiniteRecur(int)+24 infiniteRecur(int)+24 infiniteRecur(int)+24 infiniteRecur(int)+24 infiniteRecur(int)+24 infiniteRecur(int)+24 infiniteRecur(int)+24 infiniteRecur(int)+24 infiniteRecur(int)+24 infiniteRecur(int)+24 infiniteRecur(int)+24,11,SIGSEGV: Invalid memory reference to address Unknown Error,aarch64,return infiniteRecur(a),2021-07-25T01:30:43.953209,66
"long, int, char, int>(long (*)(char const*, char**, int), char const*, char const*, unsigned long*, int)+116 long, int, char, int>(long (*)(char const*, char**, int), char const*, char const*, unsigned long*, int)::_Save_errno::_Save_errno() WorkbenchRunnableAdapter()+96 WorkbenchWindow() BusyIndicator() ProgressManager() Synchronizer() UISynchronizer() Display() AJOrganizeImportsAction() SelectionDispatchAction() Action() ActionHandler() E4HandlerProxy() DelegatingMethodAccessorImpl() Method() MethodRequestor() InjectorImpl() ContextInjectionFactory() HandlerServiceHandler() Command() ParameterizedCommand() HandlerServiceImpl() KeyBindingDispatcher() EventTable()",6,SIGABRT: (Error Number 0),aarch64,int a = std::stoi(num),2021-07-25T01:30:48.513509,67
infiniteRecur(int)+12 infiniteRecur(int)+24 infiniteRecur(int)+24 infiniteRecur(int)+24 infiniteRecur(int)+24 infiniteRecur(int)+24 infiniteRecur(int)+24 infiniteRecur(int)+24 infiniteRecur(int)+24 infiniteRecur(int)+24 infiniteRecur(int)+24 infiniteRecur(int)+24 infiniteRecur(int)+24 infiniteRecur(int)+24 infiniteRecur(int)+24 infiniteRecur(int)+24 infiniteRecur(int)+24 infiniteRecur(int)+24 infiniteRecur(int)+24 infiniteRecur(int)+24 infiniteRecur(int)+24 infiniteRecur(int)+24 infiniteRecur(int)+24 infiniteRecur(int)+24 infiniteRecur(int)+24 infiniteRecur(int)+24 infiniteRecur(int)+24 infiniteRecur(int)+24 infiniteRecur(int)+24 infiniteRecur(int)+24 infiniteRecur(int)+24 infiniteRecur(int)+24,11,SIGSEGV: Invalid memory reference to address Unknown Error,aarch64,return infiniteRecur(a),2021-07-25T01:30:53.094335,68
"KRSbSbBtwuMV2GlU()+100 WWinPluginAction() ActionContributionItem() EventTable() Display() Widget() PartRenderingEngine() Realm() E4Workbench() Workbench() PlatformUI() IDEApplication() EclipseAppHandle() EclipseAppLauncher() EclipseStarter() NativeMethodAccessorImpl() DelegatingMethodAccessorImpl() Method() Main() main() __static_initialization_and_destruction_0(int, int)",11,SIGSEGV: Invalid memory reference to address Unknown Error,aarch64,*var2=*var1,2021-07-25T01:30:57.575065,69
infiniteRecur(int)+12 infiniteRecur(int)+24 infiniteRecur(int)+24 infiniteRecur(int)+24 infiniteRecur(int)+24 infiniteRecur(int)+24 infiniteRecur(int)+24 infiniteRecur(int)+24 infiniteRecur(int)+24 infiniteRecur(int)+24 infiniteRecur(int)+24 infiniteRecur(int)+24 infiniteRecur(int)+24 infiniteRecur(int)+24 infiniteRecur(int)+24 infiniteRecur(int)+24 infiniteRecur(int)+24 infiniteRecur(int)+24 infiniteRecur(int)+24 infiniteRecur(int)+24 infiniteRecur(int)+24 infiniteRecur(int)+24 infiniteRecur(int)+24 infiniteRecur(int)+24 infiniteRecur(int)+24 infiniteRecur(int)+24 infiniteRecur(int)+24 infiniteRecur(int)+24 infiniteRecur(int)+24 infiniteRecur(int)+24 infiniteRecur(int)+24 infiniteRecur(int)+24,11,SIGSEGV: Invalid memory reference to address Unknown Error,aarch64,return infiniteRecur(a),2021-07-25T01:31:01.932487,70
infiniteRecur(int)+12 infiniteRecur(int)+24 infiniteRecur(int)+24 infiniteRecur(int)+24 infiniteRecur(int)+24 infiniteRecur(int)+24 infiniteRecur(int)+24 infiniteRecur(int)+24 infiniteRecur(int)+24 infiniteRecur(int)+24 infiniteRecur(int)+24 infiniteRecur(int)+24 infiniteRecur(int)+24 infiniteRecur(int)+24 infiniteRecur(int)+24 infiniteRecur(int)+24 infiniteRecur(int)+24 infiniteRecur(int)+24 infiniteRecur(int)+24 infiniteRecur(int)+24 infiniteRecur(int)+24 infiniteRecur(int)+24 infiniteRecur(int)+24 infiniteRecur(int)+24 infiniteRecur(int)+24 infiniteRecur(int)+24 infiniteRecur(int)+24 infiniteRecur(int)+24 infiniteRecur(int)+24 infiniteRecur(int)+24 infiniteRecur(int)+24 infiniteRecur(int)+24,11,SIGSEGV: Invalid memory reference to address Unknown Error,aarch64,return infiniteRecur(a),2021-07-25T01:31:05.975782,71
infiniteRecur(int)+12 infiniteRecur(int)+24 infiniteRecur(int)+24 infiniteRecur(int)+24 infiniteRecur(int)+24 infiniteRecur(int)+24 infiniteRecur(int)+24 infiniteRecur(int)+24 infiniteRecur(int)+24 infiniteRecur(int)+24 infiniteRecur(int)+24 infiniteRecur(int)+24 infiniteRecur(int)+24 infiniteRecur(int)+24 infiniteRecur(int)+24 infiniteRecur(int)+24 infiniteRecur(int)+24 infiniteRecur(int)+24 infiniteRecur(int)+24 infiniteRecur(int)+24 infiniteRecur(int)+24 infiniteRecur(int)+24 infiniteRecur(int)+24 infiniteRecur(int)+24 infiniteRecur(int)+24 infiniteRecur(int)+24 infiniteRecur(int)+24 infiniteRecur(int)+24 infiniteRecur(int)+24 infiniteRecur(int)+24 infiniteRecur(int)+24 infiniteRecur(int)+24,11,SIGSEGV: Invalid memory reference to address Unknown Error,aarch64,return infiniteRecur(a),2021-07-25T01:31:10.563171,72
"ModalContext() main() __static_initialization_and_destruction_0(int, int)",6,SIGABRT: (Error Number 0),aarch64, throw new bad_alloc(),2021-07-25T01:31:15.064209,73
"ActionContributionItem() MenuManagerRenderer() PopupMenuExtender() MenuManager() TypedListener() EventTable() Display() Widget() Menu() PartRenderingEngine() Realm() E4Workbench() Workbench() PlatformUI() IDEApplication() EclipseAppHandle() EclipseAppLauncher() EclipseStarter() NativeMethodAccessorImpl() DelegatingMethodAccessorImpl() Method() Main() main() __static_initialization_and_destruction_0(int, int)",6,SIGABRT: (Error Number 0),aarch64, throw new bad_alloc(),2021-07-25T01:31:19.840382,74
"IntelligentCompletionProposalComputer() ContentAssistant() CompletionProposalPopup() TypedListener() EventTable() Display() Widget() PartRenderingEngine() Realm() E4Workbench() Workbench() PlatformUI() IDEApplication() EclipseAppHandle() EclipseAppLauncher() EclipseStarter() NativeMethodAccessorImpl() DelegatingMethodAccessorImpl() Method() Main() main() __static_initialization_and_destruction_0(int, int)",6,SIGABRT: (Error Number 0),aarch64, throw new bad_alloc(),2021-07-25T01:31:24.534756,75
infiniteRecur(int)+12 infiniteRecur(int)+24 infiniteRecur(int)+24 infiniteRecur(int)+24 infiniteRecur(int)+24 infiniteRecur(int)+24 infiniteRecur(int)+24 infiniteRecur(int)+24 infiniteRecur(int)+24 infiniteRecur(int)+24 infiniteRecur(int)+24 infiniteRecur(int)+24 infiniteRecur(int)+24 infiniteRecur(int)+24 infiniteRecur(int)+24 infiniteRecur(int)+24 infiniteRecur(int)+24 infiniteRecur(int)+24 infiniteRecur(int)+24 infiniteRecur(int)+24 infiniteRecur(int)+24 infiniteRecur(int)+24 infiniteRecur(int)+24 infiniteRecur(int)+24 infiniteRecur(int)+24 infiniteRecur(int)+24 infiniteRecur(int)+24 infiniteRecur(int)+24 infiniteRecur(int)+24 infiniteRecur(int)+24 infiniteRecur(int)+24 infiniteRecur(int)+24,11,SIGSEGV: Invalid memory reference to address Unknown Error,aarch64,return infiniteRecur(a),2021-07-25T01:31:28.670556,76
"AntLaunchDelegate() LaunchConfiguration() ExternalToolBuilder() BuildManager() SafeRunner() AutoBuildJob() Worker() main() __static_initialization_and_destruction_0(int, int)",6,SIGABRT: (Error Number 0),aarch64, throw new bad_alloc(),2021-07-25T01:31:33.065532,77
"FieldSortedHitQueue() TopFieldDocCollector() IndexSearcher() Hits() Searcher() DefaultSearchEngine() DefaultNexusIndexer() NexusArchetypeDataSource() ArchetypeCatalogFactory() MavenProjectWizardArchetypePage() Worker() main() __static_initialization_and_destruction_0(int, int)",6,SIGABRT: (Error Number 0),aarch64, throw new bad_alloc(),2021-07-25T01:31:37.168313,78
infiniteRecur(int)+12 infiniteRecur(int)+24 infiniteRecur(int)+24 infiniteRecur(int)+24 infiniteRecur(int)+24 infiniteRecur(int)+24 infiniteRecur(int)+24 infiniteRecur(int)+24 infiniteRecur(int)+24 infiniteRecur(int)+24 infiniteRecur(int)+24 infiniteRecur(int)+24 infiniteRecur(int)+24 infiniteRecur(int)+24 infiniteRecur(int)+24 infiniteRecur(int)+24 infiniteRecur(int)+24 infiniteRecur(int)+24 infiniteRecur(int)+24 infiniteRecur(int)+24 infiniteRecur(int)+24 infiniteRecur(int)+24 infiniteRecur(int)+24 infiniteRecur(int)+24 infiniteRecur(int)+24 infiniteRecur(int)+24 infiniteRecur(int)+24 infiniteRecur(int)+24 infiniteRecur(int)+24 infiniteRecur(int)+24 infiniteRecur(int)+24 infiniteRecur(int)+24,11,SIGSEGV: Invalid memory reference to address Unknown Error,aarch64,return infiniteRecur(a),2021-07-25T01:31:42.031905,79
"long, int, char, int>(long (*)(char const*, char**, int), char const*, char const*, unsigned long*, int)+116 long, int, char, int>(long (*)(char const*, char**, int), char const*, char const*, unsigned long*, int)::_Save_errno::_Save_errno() ObjectPluginAction()+96 SafeRunner() ObjectActionContributorManager() PopupMenuExtender() MenuManager() TypedListener() EventTable() Display() Widget() Menu() PartRenderingEngine() Realm() E4Workbench() Workbench() PlatformUI() IDEApplication() EclipseAppHandle() EclipseAppLauncher() EclipseStarter() NativeMethodAccessorImpl() DelegatingMethodAccessorImpl() Method() Main()",6,SIGABRT: (Error Number 0),aarch64,int a = std::stoi(num),2021-07-25T01:31:46.674497,80
"long, int, char, int>(long (*)(char const*, char**, int), char const*, char const*, unsigned long*, int)+116 long, int, char, int>(long (*)(char const*, char**, int), char const*, char const*, unsigned long*, int)::_Save_errno::_Save_errno() DeltaProcessor()+96 NotificationManager() SafeRunner() Workspace() Project() CloseResourceAction() WorkspaceAction() InternalWorkspaceJob() Worker() main() __static_initialization_and_destruction_0(int, int)",6,SIGABRT: (Error Number 0),aarch64,int a = std::stoi(num),2021-07-25T01:31:50.695003,81
infiniteRecur(int)+12 infiniteRecur(int)+24 infiniteRecur(int)+24 infiniteRecur(int)+24 infiniteRecur(int)+24 infiniteRecur(int)+24 infiniteRecur(int)+24 infiniteRecur(int)+24 infiniteRecur(int)+24 infiniteRecur(int)+24 infiniteRecur(int)+24 infiniteRecur(int)+24 infiniteRecur(int)+24 infiniteRecur(int)+24 infiniteRecur(int)+24 infiniteRecur(int)+24 infiniteRecur(int)+24 infiniteRecur(int)+24 infiniteRecur(int)+24 infiniteRecur(int)+24 infiniteRecur(int)+24 infiniteRecur(int)+24 infiniteRecur(int)+24 infiniteRecur(int)+24 infiniteRecur(int)+24 infiniteRecur(int)+24 infiniteRecur(int)+24 infiniteRecur(int)+24 infiniteRecur(int)+24 infiniteRecur(int)+24 infiniteRecur(int)+24 infiniteRecur(int)+24,11,SIGSEGV: Invalid memory reference to address Unknown Error,aarch64,return infiniteRecur(a),2021-07-25T01:31:55.212902,82
infiniteRecur(int)+12 infiniteRecur(int)+24 infiniteRecur(int)+24 infiniteRecur(int)+24 infiniteRecur(int)+24 infiniteRecur(int)+24 infiniteRecur(int)+24 infiniteRecur(int)+24 infiniteRecur(int)+24 infiniteRecur(int)+24 infiniteRecur(int)+24 infiniteRecur(int)+24 infiniteRecur(int)+24 infiniteRecur(int)+24 infiniteRecur(int)+24 infiniteRecur(int)+24 infiniteRecur(int)+24 infiniteRecur(int)+24 infiniteRecur(int)+24 infiniteRecur(int)+24 infiniteRecur(int)+24 infiniteRecur(int)+24 infiniteRecur(int)+24 infiniteRecur(int)+24 infiniteRecur(int)+24 infiniteRecur(int)+24 infiniteRecur(int)+24 infiniteRecur(int)+24 infiniteRecur(int)+24 infiniteRecur(int)+24 infiniteRecur(int)+24 infiniteRecur(int)+24,11,SIGSEGV: Invalid memory reference to address Unknown Error,aarch64,return infiniteRecur(a),2021-07-25T01:31:59.584216,83
"long, int, char, int>(long (*)(char const*, char**, int), char const*, char const*, unsigned long*, int)+116 long, int, char, int>(long (*)(char const*, char**, int), char const*, char const*, unsigned long*, int)::_Save_errno::_Save_errno() AbstractVMInstall()+96 Analyzer() EnvironmentsManager() JavaRuntime() ExecutionEnvironment() ApiBaseline() ApiModelFactory() APIBaselineTaskImpl() SetupTaskPerformer() Workspace() ProgressPage() Worker() main() __static_initialization_and_destruction_0(int, int)",6,SIGABRT: (Error Number 0),aarch64,int a = std::stoi(num),2021-07-25T01:32:04.111334,84
"AbstractJavaLaunchConfigurationDelegate()+100 AntLaunchDelegate() LaunchConfiguration() ExternalToolBuilder() BuildManager() SafeRunner() Workspace() SetupTaskPerformer() Worker() main() __static_initialization_and_destruction_0(int, int)",11,SIGSEGV: Invalid memory reference to address Unknown Error,aarch64,*var2=*var1,2021-07-25T01:32:08.918767,85
infiniteRecur(int)+12 infiniteRecur(int)+24 infiniteRecur(int)+24 infiniteRecur(int)+24 infiniteRecur(int)+24 infiniteRecur(int)+24 infiniteRecur(int)+24 infiniteRecur(int)+24 infiniteRecur(int)+24 infiniteRecur(int)+24 infiniteRecur(int)+24 infiniteRecur(int)+24 infiniteRecur(int)+24 infiniteRecur(int)+24 infiniteRecur(int)+24 infiniteRecur(int)+24 infiniteRecur(int)+24 infiniteRecur(int)+24 infiniteRecur(int)+24 infiniteRecur(int)+24 infiniteRecur(int)+24 infiniteRecur(int)+24 infiniteRecur(int)+24 infiniteRecur(int)+24 infiniteRecur(int)+24 infiniteRecur(int)+24 infiniteRecur(int)+24 infiniteRecur(int)+24 infiniteRecur(int)+24 infiniteRecur(int)+24 infiniteRecur(int)+24 infiniteRecur(int)+24,11,SIGSEGV: Invalid memory reference to address Unknown Error,aarch64,return infiniteRecur(a),2021-07-25T01:32:13.334749,86
"long, int, char, int>(long (*)(char const*, char**, int), char const*, char const*, unsigned long*, int)+116 long, int, char, int>(long (*)(char const*, char**, int), char const*, char const*, unsigned long*, int)::_Save_errno::_Save_errno() RepositoryConfiguration()+96 SaxMultiBugReportContentHandler() AbstractReportFactory() MultiBugReportFactory() BugzillaClient() SynchronizeTasksJob() SynchronizeQueriesJob() Worker() main() __static_initialization_and_destruction_0(int, int)",6,SIGABRT: (Error Number 0),aarch64,int a = std::stoi(num),2021-07-25T01:32:17.478835,87
"DetailsPart() BusyIndicator() ManagedForm() TreeSection() TreePart() Viewer() SafeRunner() JFaceUtil() SafeRunnable() StructuredViewer() OpenStrategy() EventTable() Display() Widget() PartRenderingEngine() Realm() E4Workbench() Workbench() PlatformUI() IDEApplication() EclipseAppHandle() EclipseAppLauncher() EclipseStarter() Main() main() __static_initialization_and_destruction_0(int, int)",6,SIGABRT: (Error Number 0),aarch64, throw new bad_alloc(),2021-07-25T01:32:22.221066,88
infiniteRecur(int)+12 infiniteRecur(int)+24 infiniteRecur(int)+24 infiniteRecur(int)+24 infiniteRecur(int)+24 infiniteRecur(int)+24 infiniteRecur(int)+24 infiniteRecur(int)+24 infiniteRecur(int)+24 infiniteRecur(int)+24 infiniteRecur(int)+24 infiniteRecur(int)+24 infiniteRecur(int)+24 infiniteRecur(int)+24 infiniteRecur(int)+24 infiniteRecur(int)+24 infiniteRecur(int)+24 infiniteRecur(int)+24 infiniteRecur(int)+24 infiniteRecur(int)+24 infiniteRecur(int)+24 infiniteRecur(int)+24 infiniteRecur(int)+24 infiniteRecur(int)+24 infiniteRecur(int)+24 infiniteRecur(int)+24 infiniteRecur(int)+24 infiniteRecur(int)+24 infiniteRecur(int)+24 infiniteRecur(int)+24 infiniteRecur(int)+24 infiniteRecur(int)+24,11,SIGSEGV: Invalid memory reference to address Unknown Error,aarch64,return infiniteRecur(a),2021-07-25T01:32:26.994795,89
infiniteRecur(int)+12 infiniteRecur(int)+24 infiniteRecur(int)+24 infiniteRecur(int)+24 infiniteRecur(int)+24 infiniteRecur(int)+24 infiniteRecur(int)+24 infiniteRecur(int)+24 infiniteRecur(int)+24 infiniteRecur(int)+24 infiniteRecur(int)+24 infiniteRecur(int)+24 infiniteRecur(int)+24 infiniteRecur(int)+24 infiniteRecur(int)+24 infiniteRecur(int)+24 infiniteRecur(int)+24 infiniteRecur(int)+24 infiniteRecur(int)+24 infiniteRecur(int)+24 infiniteRecur(int)+24 infiniteRecur(int)+24 infiniteRecur(int)+24 infiniteRecur(int)+24 infiniteRecur(int)+24 infiniteRecur(int)+24 infiniteRecur(int)+24 infiniteRecur(int)+24 infiniteRecur(int)+24 infiniteRecur(int)+24 infiniteRecur(int)+24 infiniteRecur(int)+24,11,SIGSEGV: Invalid memory reference to address Unknown Error,aarch64,return infiniteRecur(a),2021-07-25T01:32:31.800347,90
infiniteRecur(int)+12 infiniteRecur(int)+24 infiniteRecur(int)+24 infiniteRecur(int)+24 infiniteRecur(int)+24 infiniteRecur(int)+24 infiniteRecur(int)+24 infiniteRecur(int)+24 infiniteRecur(int)+24 infiniteRecur(int)+24 infiniteRecur(int)+24 infiniteRecur(int)+24 infiniteRecur(int)+24 infiniteRecur(int)+24 infiniteRecur(int)+24 infiniteRecur(int)+24 infiniteRecur(int)+24 infiniteRecur(int)+24 infiniteRecur(int)+24 infiniteRecur(int)+24 infiniteRecur(int)+24 infiniteRecur(int)+24 infiniteRecur(int)+24 infiniteRecur(int)+24 infiniteRecur(int)+24 infiniteRecur(int)+24 infiniteRecur(int)+24 infiniteRecur(int)+24 infiniteRecur(int)+24 infiniteRecur(int)+24 infiniteRecur(int)+24 infiniteRecur(int)+24,11,SIGSEGV: Invalid memory reference to address Unknown Error,aarch64,return infiniteRecur(a),2021-07-25T01:32:35.917596,91
AstEditor() JavaInfo() BindingsProperty() AbstractBindingsProperty() PropertyTable() EventTable() Display() Widget() Composite() Control() Canvas() OS() DesignerExceptionUtils() DesignPage() ExecutionUtils() EditCommand() EditDomain() Tool() AbstractCreationTool() TreeEventManager() EventManager() TypedListener() PartRenderingEngine() Realm() E4Workbench() Workbench(),6,SIGABRT: (Error Number 0),aarch64, throw new bad_alloc(),2021-07-25T01:32:40.404916,92
infiniteRecur(int)+12 infiniteRecur(int)+24 infiniteRecur(int)+24 infiniteRecur(int)+24 infiniteRecur(int)+24 infiniteRecur(int)+24 infiniteRecur(int)+24 infiniteRecur(int)+24 infiniteRecur(int)+24 infiniteRecur(int)+24 infiniteRecur(int)+24 infiniteRecur(int)+24 infiniteRecur(int)+24 infiniteRecur(int)+24 infiniteRecur(int)+24 infiniteRecur(int)+24 infiniteRecur(int)+24 infiniteRecur(int)+24 infiniteRecur(int)+24 infiniteRecur(int)+24 infiniteRecur(int)+24 infiniteRecur(int)+24 infiniteRecur(int)+24 infiniteRecur(int)+24 infiniteRecur(int)+24 infiniteRecur(int)+24 infiniteRecur(int)+24 infiniteRecur(int)+24 infiniteRecur(int)+24 infiniteRecur(int)+24 infiniteRecur(int)+24 infiniteRecur(int)+24,11,SIGSEGV: Invalid memory reference to address Unknown Error,aarch64,return infiniteRecur(a),2021-07-25T01:32:44.581246,93
"DocumentBuilderImpl() DocumentReader() XMLProcessor() DynamicXHTMLProcessor() XHTMLSearchParticipant() SearchParticipantXML() HTMLSearchParticipant() SearchIndex() IndexingOperation() LocalSearchManager() IndexerJob() Worker() main() __static_initialization_and_destruction_0(int, int)",6,SIGABRT: (Error Number 0),aarch64, throw new bad_alloc(),2021-07-25T01:32:48.983968,94
infiniteRecur(int)+12 infiniteRecur(int)+24 infiniteRecur(int)+24 infiniteRecur(int)+24 infiniteRecur(int)+24 infiniteRecur(int)+24 infiniteRecur(int)+24 infiniteRecur(int)+24 infiniteRecur(int)+24 infiniteRecur(int)+24 infiniteRecur(int)+24 infiniteRecur(int)+24 infiniteRecur(int)+24 infiniteRecur(int)+24 infiniteRecur(int)+24 infiniteRecur(int)+24 infiniteRecur(int)+24 infiniteRecur(int)+24 infiniteRecur(int)+24 infiniteRecur(int)+24 infiniteRecur(int)+24 infiniteRecur(int)+24 infiniteRecur(int)+24 infiniteRecur(int)+24 infiniteRecur(int)+24 infiniteRecur(int)+24 infiniteRecur(int)+24 infiniteRecur(int)+24 infiniteRecur(int)+24 infiniteRecur(int)+24 infiniteRecur(int)+24 infiniteRecur(int)+24,11,SIGSEGV: Invalid memory reference to address Unknown Error,aarch64,return infiniteRecur(a),2021-07-25T01:32:53.258890,95
"Widget()+100 Display() OS() Shell() NSApplication() PartRenderingEngine() Realm() E4Workbench() Workbench() PlatformUI() IDEApplication() EclipseAppHandle() EclipseAppLauncher() EclipseStarter() NativeMethodAccessorImpl() DelegatingMethodAccessorImpl() Method() Main() main() __static_initialization_and_destruction_0(int, int)",11,SIGSEGV: Invalid memory reference to address Unknown Error,aarch64,*var2=*var1,2021-07-25T01:32:57.841585,96
"long, int, char, int>(long (*)(char const*, char**, int), char const*, char const*, unsigned long*, int)+116 long, int, char, int>(long (*)(char const*, char**, int), char const*, char const*, unsigned long*, int)::_Save_errno::_Save_errno() ResourceMergeHandler()+96 JobRunnableContext() InternalWorkspaceJob() Worker() main() __static_initialization_and_destruction_0(int, int)",6,SIGABRT: (Error Number 0),aarch64,int a = std::stoi(num),2021-07-25T01:33:02.900992,97
"AbstractTransactionalCommandStack() EObjectAdapterFactory() MultipleValueEditor() TypedListener() EventTable() Display() Widget() PartRenderingEngine() Realm() E4Workbench() Workbench() PlatformUI() IDEApplication() EclipseAppHandle() EclipseAppLauncher() EclipseStarter() NativeMethodAccessorImpl() DelegatingMethodAccessorImpl() Method() Main() main() __static_initialization_and_destruction_0(int, int)",6,SIGABRT: (Error Number 0),aarch64, throw new bad_alloc(),2021-07-25T01:33:07.592856,98
"ModalContext() main() __static_initialization_and_destruction_0(int, int)",6,SIGABRT: (Error Number 0),aarch64, throw new bad_alloc(),2021-07-25T01:33:11.791521,99
infiniteRecur(int)+12 infiniteRecur(int)+24 infiniteRecur(int)+24 infiniteRecur(int)+24 infiniteRecur(int)+24 infiniteRecur(int)+24 infiniteRecur(int)+24 infiniteRecur(int)+24 infiniteRecur(int)+24 infiniteRecur(int)+24 infiniteRecur(int)+24 infiniteRecur(int)+24 infiniteRecur(int)+24 infiniteRecur(int)+24 infiniteRecur(int)+24 infiniteRecur(int)+24 infiniteRecur(int)+24 infiniteRecur(int)+24 infiniteRecur(int)+24 infiniteRecur(int)+24 infiniteRecur(int)+24 infiniteRecur(int)+24 infiniteRecur(int)+24 infiniteRecur(int)+24 infiniteRecur(int)+24 infiniteRecur(int)+24 infiniteRecur(int)+24 infiniteRecur(int)+24 infiniteRecur(int)+24 infiniteRecur(int)+24 infiniteRecur(int)+24 infiniteRecur(int)+24,11,SIGSEGV: Invalid memory reference to address Unknown Error,aarch64,return infiniteRecur(a),2021-07-25T01:33:16.280835,100
"long, int, char, int>(long (*)(char const*, char**, int), char const*, char const*, unsigned long*, int)+116 long, int, char, int>(long (*)(char const*, char**, int), char const*, char const*, unsigned long*, int)::_Save_errno::_Save_errno() ImageDescriptor()+96 AbstractResourceManager() LocalResourceManager() ResourceManager() WorkbenchLabelProvider() WrappedViewerLabelProvider() ViewerColumn() AbstractTreeViewer() SafeRunner() JFaceUtil() SafeRunnable() StructuredViewer() BusyIndicator() TreeViewer() NewWizardNewPage() NewWizardSelectionPage() Wizard() WizardDialog() Window() Dialog() WizardHandler() HandlerProxy() E4HandlerProxy()",6,SIGABRT: (Error Number 0),aarch64,int a = std::stoi(num),2021-07-25T01:33:20.618671,101
infiniteRecur(int)+12 infiniteRecur(int)+24 infiniteRecur(int)+24 infiniteRecur(int)+24 infiniteRecur(int)+24 infiniteRecur(int)+24 infiniteRecur(int)+24 infiniteRecur(int)+24 infiniteRecur(int)+24 infiniteRecur(int)+24 infiniteRecur(int)+24 infiniteRecur(int)+24 infiniteRecur(int)+24 infiniteRecur(int)+24 infiniteRecur(int)+24 infiniteRecur(int)+24 infiniteRecur(int)+24 infiniteRecur(int)+24 infiniteRecur(int)+24 infiniteRecur(int)+24 infiniteRecur(int)+24 infiniteRecur(int)+24 infiniteRecur(int)+24 infiniteRecur(int)+24 infiniteRecur(int)+24 infiniteRecur(int)+24 infiniteRecur(int)+24 infiniteRecur(int)+24 infiniteRecur(int)+24 infiniteRecur(int)+24 infiniteRecur(int)+24 infiniteRecur(int)+24,11,SIGSEGV: Invalid memory reference to address Unknown Error,aarch64,return infiniteRecur(a),2021-07-25T01:33:24.920627,102
infiniteRecur(int)+12 infiniteRecur(int)+24 infiniteRecur(int)+24 infiniteRecur(int)+24 infiniteRecur(int)+24 infiniteRecur(int)+24 infiniteRecur(int)+24 infiniteRecur(int)+24 infiniteRecur(int)+24 infiniteRecur(int)+24 infiniteRecur(int)+24 infiniteRecur(int)+24 infiniteRecur(int)+24 infiniteRecur(int)+24 infiniteRecur(int)+24 infiniteRecur(int)+24 infiniteRecur(int)+24 infiniteRecur(int)+24 infiniteRecur(int)+24 infiniteRecur(int)+24 infiniteRecur(int)+24 infiniteRecur(int)+24 infiniteRecur(int)+24 infiniteRecur(int)+24 infiniteRecur(int)+24 infiniteRecur(int)+24 infiniteRecur(int)+24 infiniteRecur(int)+24 infiniteRecur(int)+24 infiniteRecur(int)+24 infiniteRecur(int)+24 infiniteRecur(int)+24,11,SIGSEGV: Invalid memory reference to address Unknown Error,aarch64,return infiniteRecur(a),2021-07-25T01:33:29.833631,103
"Transport()+100 PushOperationUI() SimpleConfigurePushDialog() ModalContext() ProgressMonitorDialog() Dialog() TypedListener() EventTable() Display() Widget() Window() PushResultDialog() RunnableLock() Synchronizer() LogListener() PartRenderingEngine() Realm() E4Workbench() Workbench() PlatformUI() IDEApplication() EclipseAppHandle() EclipseAppLauncher() EclipseStarter() NativeMethodAccessorImpl() DelegatingMethodAccessorImpl() Method() Main() main() __static_initialization_and_destruction_0(int, int)",11,SIGSEGV: Invalid memory reference to address Unknown Error,aarch64,*var2=*var1,2021-07-25T01:33:34.389320,104
"PluginAction() ActionContributionItem() EventTable() Display() Widget() PartRenderingEngine() Realm() E4Workbench() Workbench() PlatformUI() IDEApplication() EclipseAppHandle() EclipseAppLauncher() EclipseStarter() Main() main() __static_initialization_and_destruction_0(int, int)",6,SIGABRT: (Error Number 0),aarch64, throw new bad_alloc(),2021-07-25T01:33:38.863721,105
infiniteRecur(int)+12 infiniteRecur(int)+24 infiniteRecur(int)+24 infiniteRecur(int)+24 infiniteRecur(int)+24 infiniteRecur(int)+24 infiniteRecur(int)+24 infiniteRecur(int)+24 infiniteRecur(int)+24 infiniteRecur(int)+24 infiniteRecur(int)+24 infiniteRecur(int)+24 infiniteRecur(int)+24 infiniteRecur(int)+24 infiniteRecur(int)+24 infiniteRecur(int)+24 infiniteRecur(int)+24 infiniteRecur(int)+24 infiniteRecur(int)+24 infiniteRecur(int)+24 infiniteRecur(int)+24 infiniteRecur(int)+24 infiniteRecur(int)+24 infiniteRecur(int)+24 infiniteRecur(int)+24 infiniteRecur(int)+24 infiniteRecur(int)+24 infiniteRecur(int)+24 infiniteRecur(int)+24 infiniteRecur(int)+24 infiniteRecur(int)+24 infiniteRecur(int)+24,11,SIGSEGV: Invalid memory reference to address Unknown Error,aarch64,return infiniteRecur(a),2021-07-25T01:33:43.899757,106
infiniteRecur(int)+12 infiniteRecur(int)+24 infiniteRecur(int)+24 infiniteRecur(int)+24 infiniteRecur(int)+24 infiniteRecur(int)+24 infiniteRecur(int)+24 infiniteRecur(int)+24 infiniteRecur(int)+24 infiniteRecur(int)+24 infiniteRecur(int)+24 infiniteRecur(int)+24 infiniteRecur(int)+24 infiniteRecur(int)+24 infiniteRecur(int)+24 infiniteRecur(int)+24 infiniteRecur(int)+24 infiniteRecur(int)+24 infiniteRecur(int)+24 infiniteRecur(int)+24 infiniteRecur(int)+24 infiniteRecur(int)+24 infiniteRecur(int)+24 infiniteRecur(int)+24 infiniteRecur(int)+24 infiniteRecur(int)+24 infiniteRecur(int)+24 infiniteRecur(int)+24 infiniteRecur(int)+24 infiniteRecur(int)+24 infiniteRecur(int)+24 infiniteRecur(int)+24,11,SIGSEGV: Invalid memory reference to address Unknown Error,aarch64,return infiniteRecur(a),2021-07-25T01:33:48.551276,107
"AntLaunchDelegate() LaunchConfiguration() ExternalToolBuilder() BuildManager() SafeRunner() AutoBuildJob() Worker() main() __static_initialization_and_destruction_0(int, int)",6,SIGABRT: (Error Number 0),aarch64, throw new bad_alloc(),2021-07-25T01:33:52.709935,108
infiniteRecur(int)+12 infiniteRecur(int)+24 infiniteRecur(int)+24 infiniteRecur(int)+24 infiniteRecur(int)+24 infiniteRecur(int)+24 infiniteRecur(int)+24 infiniteRecur(int)+24 infiniteRecur(int)+24 infiniteRecur(int)+24 infiniteRecur(int)+24 infiniteRecur(int)+24 infiniteRecur(int)+24 infiniteRecur(int)+24 infiniteRecur(int)+24 infiniteRecur(int)+24 infiniteRecur(int)+24 infiniteRecur(int)+24 infiniteRecur(int)+24 infiniteRecur(int)+24 infiniteRecur(int)+24 infiniteRecur(int)+24 infiniteRecur(int)+24 infiniteRecur(int)+24 infiniteRecur(int)+24 infiniteRecur(int)+24 infiniteRecur(int)+24 infiniteRecur(int)+24 infiniteRecur(int)+24 infiniteRecur(int)+24 infiniteRecur(int)+24 infiniteRecur(int)+24,11,SIGSEGV: Invalid memory reference to address Unknown Error,aarch64,return infiniteRecur(a),2021-07-25T01:33:57.139663,109
infiniteRecur(int)+12 infiniteRecur(int)+24 infiniteRecur(int)+24 infiniteRecur(int)+24 infiniteRecur(int)+24 infiniteRecur(int)+24 infiniteRecur(int)+24 infiniteRecur(int)+24 infiniteRecur(int)+24 infiniteRecur(int)+24 infiniteRecur(int)+24 infiniteRecur(int)+24 infiniteRecur(int)+24 infiniteRecur(int)+24 infiniteRecur(int)+24 infiniteRecur(int)+24 infiniteRecur(int)+24 infiniteRecur(int)+24 infiniteRecur(int)+24 infiniteRecur(int)+24 infiniteRecur(int)+24 infiniteRecur(int)+24 infiniteRecur(int)+24 infiniteRecur(int)+24 infiniteRecur(int)+24 infiniteRecur(int)+24 infiniteRecur(int)+24 infiniteRecur(int)+24 infiniteRecur(int)+24 infiniteRecur(int)+24 infiniteRecur(int)+24 infiniteRecur(int)+24,11,SIGSEGV: Invalid memory reference to address Unknown Error,aarch64,return infiniteRecur(a),2021-07-25T01:34:01.876332,110
"SynchronizableDocument() JavaSourceHover() AbstractJavaEditorTextHover() BestMatchHover() JavaEditorTextHoverProxy() TextViewerHoverManager() main() __static_initialization_and_destruction_0(int, int)",6,SIGABRT: (Error Number 0),aarch64, throw new bad_alloc(),2021-07-25T01:34:06.647108,111
infiniteRecur(int)+12 infiniteRecur(int)+24 infiniteRecur(int)+24 infiniteRecur(int)+24 infiniteRecur(int)+24 infiniteRecur(int)+24 infiniteRecur(int)+24 infiniteRecur(int)+24 infiniteRecur(int)+24 infiniteRecur(int)+24 infiniteRecur(int)+24 infiniteRecur(int)+24 infiniteRecur(int)+24 infiniteRecur(int)+24 infiniteRecur(int)+24 infiniteRecur(int)+24 infiniteRecur(int)+24 infiniteRecur(int)+24 infiniteRecur(int)+24 infiniteRecur(int)+24 infiniteRecur(int)+24 infiniteRecur(int)+24 infiniteRecur(int)+24 infiniteRecur(int)+24 infiniteRecur(int)+24 infiniteRecur(int)+24 infiniteRecur(int)+24 infiniteRecur(int)+24 infiniteRecur(int)+24 infiniteRecur(int)+24 infiniteRecur(int)+24 infiniteRecur(int)+24,11,SIGSEGV: Invalid memory reference to address Unknown Error,aarch64,return infiniteRecur(a),2021-07-25T01:34:10.817791,112
"long, int, char, int>(long (*)(char const*, char**, int), char const*, char const*, unsigned long*, int)+116 long, int, char, int>(long (*)(char const*, char**, int), char const*, char const*, unsigned long*, int)::_Save_errno::_Save_errno() ToolItem()+96 OS() Widget() Shell() NSApplication() PartRenderingEngine() Realm() E4Workbench() Workbench() PlatformUI() IDEApplication() EclipseAppHandle() EclipseAppLauncher() EclipseStarter() NativeMethodAccessorImpl() DelegatingMethodAccessorImpl() Method() Main() main() __static_initialization_and_destruction_0(int, int)",6,SIGABRT: (Error Number 0),aarch64,int a = std::stoi(num),2021-07-25T01:34:15.521803,113
infiniteRecur(int)+12 infiniteRecur(int)+24 infiniteRecur(int)+24 infiniteRecur(int)+24 infiniteRecur(int)+24 infiniteRecur(int)+24 infiniteRecur(int)+24 infiniteRecur(int)+24 infiniteRecur(int)+24 infiniteRecur(int)+24 infiniteRecur(int)+24 infiniteRecur(int)+24 infiniteRecur(int)+24 infiniteRecur(int)+24 infiniteRecur(int)+24 infiniteRecur(int)+24 infiniteRecur(int)+24 infiniteRecur(int)+24 infiniteRecur(int)+24 infiniteRecur(int)+24 infiniteRecur(int)+24 infiniteRecur(int)+24 infiniteRecur(int)+24 infiniteRecur(int)+24 infiniteRecur(int)+24 infiniteRecur(int)+24 infiniteRecur(int)+24 infiniteRecur(int)+24 infiniteRecur(int)+24 infiniteRecur(int)+24 infiniteRecur(int)+24 infiniteRecur(int)+24,11,SIGSEGV: Invalid memory reference to address Unknown Error,aarch64,return infiniteRecur(a),2021-07-25T01:34:19.882717,114
"long, int, char, int>(long (*)(char const*, char**, int), char const*, char const*, unsigned long*, int)+116 long, int, char, int>(long (*)(char const*, char**, int), char const*, char const*, unsigned long*, int)::_Save_errno::_Save_errno() StandInStacktraceProvider()+96 RuntimeLog() PlatformLogWriter() ExtendedLogReaderServiceFactory() ExtendedLogServiceFactory() ExtendedLogServiceImpl() LoggerImpl() Log() EclipseLogAppender() UnsynchronizedAppenderBase() AppenderAttachableImpl() Logger() LaunchingUtils() MavenLaunchMainTab() LaunchConfigurationTabGroupViewer() LaunchConfigurationsDialog() BusyIndicator() StructuredViewer() SafeRunner() JFaceUtil() SafeRunnable() TreeViewer() Viewer()",6,SIGABRT: (Error Number 0),aarch64,int a = std::stoi(num),2021-07-25T01:34:24.189885,115
"hJgWzpa1XErEoE6T()+100 HyperlinkDetectorRegistry() HyperlinkManager() TypedListener() EventTable() Widget() Display() PartRenderingEngine() Realm() E4Workbench() Workbench() PlatformUI() IDEApplication() EclipseAppHandle() EclipseAppLauncher() EclipseStarter() NativeMethodAccessorImpl() DelegatingMethodAccessorImpl() Method() Main() main() __static_initialization_and_destruction_0(int, int)",11,SIGSEGV: Invalid memory reference to address Unknown Error,aarch64,*var2=*var1,2021-07-25T01:34:28.961433,116
"SelectEcorePage()+100 EventTable() Display() Widget() Window() NewProjectAction() Action() ActionContributionItem() PartRenderingEngine() Realm() E4Workbench() Workbench() PlatformUI() IDEApplication() EclipseAppHandle() EclipseAppLauncher() EclipseStarter() Main() main() __static_initialization_and_destruction_0(int, int)",11,SIGSEGV: Invalid memory reference to address Unknown Error,aarch64,*var2=*var1,2021-07-25T01:34:33.514391,117
"long, int, char, int>(long (*)(char const*, char**, int), char const*, char const*, unsigned long*, int)+116 long, int, char, int>(long (*)(char const*, char**, int), char const*, char const*, unsigned long*, int)::_Save_errno::_Save_errno() ProjectPreferences()+96 ProjectScope() JavaEditor() ChainedPreferenceStore() RunnableLock() Synchronizer() Display() ModalContext() RefactoringWizardDialog2() RefactoringWizard() ErrorWizardPage() Dialog() TypedListener() EventTable() Widget() Window() RefactoringWizardOpenOperation() BusyIndicator() DeleteResourcesHandler() HandlerProxy() E4HandlerProxy() MethodRequestor() InjectorImpl()",6,SIGABRT: (Error Number 0),aarch64,int a = std::stoi(num),2021-07-25T01:34:38.286667,118
"SWTEventDispatcher()+100 LightweightSystem() TypedListener() EventTable() Display() Widget() PartRenderingEngine() Realm() E4Workbench() Workbench() PlatformUI() IDEApplication() EclipseAppHandle() EclipseAppLauncher() EclipseStarter() NativeMethodAccessorImpl() DelegatingMethodAccessorImpl() Method() Main() main() __static_initialization_and_destruction_0(int, int)",11,SIGSEGV: Invalid memory reference to address Unknown Error,aarch64,*var2=*var1,2021-07-25T01:34:43.116181,119
infiniteRecur(int)+12 infiniteRecur(int)+24 infiniteRecur(int)+24 infiniteRecur(int)+24 infiniteRecur(int)+24 infiniteRecur(int)+24 infiniteRecur(int)+24 infiniteRecur(int)+24 infiniteRecur(int)+24 infiniteRecur(int)+24 infiniteRecur(int)+24 infiniteRecur(int)+24 infiniteRecur(int)+24 infiniteRecur(int)+24 infiniteRecur(int)+24 infiniteRecur(int)+24 infiniteRecur(int)+24 infiniteRecur(int)+24 infiniteRecur(int)+24 infiniteRecur(int)+24 infiniteRecur(int)+24 infiniteRecur(int)+24 infiniteRecur(int)+24 infiniteRecur(int)+24 infiniteRecur(int)+24 infiniteRecur(int)+24 infiniteRecur(int)+24 infiniteRecur(int)+24 infiniteRecur(int)+24 infiniteRecur(int)+24 infiniteRecur(int)+24 infiniteRecur(int)+24,11,SIGSEGV: Invalid memory reference to address Unknown Error,aarch64,return infiniteRecur(a),2021-07-25T01:34:47.874971,120
infiniteRecur(int)+12 infiniteRecur(int)+24 infiniteRecur(int)+24 infiniteRecur(int)+24 infiniteRecur(int)+24 infiniteRecur(int)+24 infiniteRecur(int)+24 infiniteRecur(int)+24 infiniteRecur(int)+24 infiniteRecur(int)+24 infiniteRecur(int)+24 infiniteRecur(int)+24 infiniteRecur(int)+24 infiniteRecur(int)+24 infiniteRecur(int)+24 infiniteRecur(int)+24 infiniteRecur(int)+24 infiniteRecur(int)+24 infiniteRecur(int)+24 infiniteRecur(int)+24 infiniteRecur(int)+24 infiniteRecur(int)+24 infiniteRecur(int)+24 infiniteRecur(int)+24 infiniteRecur(int)+24 infiniteRecur(int)+24 infiniteRecur(int)+24 infiniteRecur(int)+24 infiniteRecur(int)+24 infiniteRecur(int)+24 infiniteRecur(int)+24 infiniteRecur(int)+24,11,SIGSEGV: Invalid memory reference to address Unknown Error,aarch64,return infiniteRecur(a),2021-07-25T01:34:52.001498,121
"TrimPaneLayout()+100 EventTable() Display() Widget() PartRenderingEngine() Realm() E4Workbench() Workbench() PlatformUI() IDEApplication() EclipseAppHandle() EclipseAppLauncher() EclipseStarter() NativeMethodAccessorImpl() DelegatingMethodAccessorImpl() Method() Main() main() __static_initialization_and_destruction_0(int, int)",11,SIGSEGV: Invalid memory reference to address Unknown Error,aarch64,*var2=*var1,2021-07-25T01:34:56.471201,122
TrimPaneLayout()+100 EventTable() Display() Widget() EventLoopProgressMonitor() ProgressMonitorWrapper() SubProgressMonitor() SubMonitor() Workspace() WorkspaceModifyOperation() WorkspaceOperationRunner() TextFileDocumentProvider() AbstractTextEditor() CompilationUnitEditor() Saveable() SaveableHelper() ModalContext() WorkbenchWindow() BusyIndicator() WorkbenchPage() SaveHandler() HandlerProxy() E4HandlerProxy() DelegatingMethodAccessorImpl() Method() MethodRequestor() InjectorImpl() ContextInjectionFactory() HandlerServiceHandler() Command() ParameterizedCommand() HandlerServiceImpl(),11,SIGSEGV: Invalid memory reference to address Unknown Error,aarch64,*var2=*var1,2021-07-25T01:35:00.690094,123
infiniteRecur(int)+12 infiniteRecur(int)+24 infiniteRecur(int)+24 infiniteRecur(int)+24 infiniteRecur(int)+24 infiniteRecur(int)+24 infiniteRecur(int)+24 infiniteRecur(int)+24 infiniteRecur(int)+24 infiniteRecur(int)+24 infiniteRecur(int)+24 infiniteRecur(int)+24 infiniteRecur(int)+24 infiniteRecur(int)+24 infiniteRecur(int)+24 infiniteRecur(int)+24 infiniteRecur(int)+24 infiniteRecur(int)+24 infiniteRecur(int)+24 infiniteRecur(int)+24 infiniteRecur(int)+24 infiniteRecur(int)+24 infiniteRecur(int)+24 infiniteRecur(int)+24 infiniteRecur(int)+24 infiniteRecur(int)+24 infiniteRecur(int)+24 infiniteRecur(int)+24 infiniteRecur(int)+24 infiniteRecur(int)+24 infiniteRecur(int)+24 infiniteRecur(int)+24,11,SIGSEGV: Invalid memory reference to address Unknown Error,aarch64,return infiniteRecur(a),2021-07-25T01:35:05.335978,124
"long, int, char, int>(long (*)(char const*, char**, int), char const*, char const*, unsigned long*, int)+116 long, int, char, int>(long (*)(char const*, char**, int), char const*, char const*, unsigned long*, int)::_Save_errno::_Save_errno() PacketSendManager()+96 VirtualMachineImpl() JDIDebugTarget() JavaBreakpoint() JavaLineBreakpoint() JavaHotCodeReplaceManager() DebugPlugin() SafeRunner() Worker() main() __static_initialization_and_destruction_0(int, int)",6,SIGABRT: (Error Number 0),aarch64,int a = std::stoi(num),2021-07-25T01:35:09.969965,125
infiniteRecur(int)+12 infiniteRecur(int)+24 infiniteRecur(int)+24 infiniteRecur(int)+24 infiniteRecur(int)+24 infiniteRecur(int)+24 infiniteRecur(int)+24 infiniteRecur(int)+24 infiniteRecur(int)+24 infiniteRecur(int)+24 infiniteRecur(int)+24 infiniteRecur(int)+24 infiniteRecur(int)+24 infiniteRecur(int)+24 infiniteRecur(int)+24 infiniteRecur(int)+24 infiniteRecur(int)+24 infiniteRecur(int)+24 infiniteRecur(int)+24 infiniteRecur(int)+24 infiniteRecur(int)+24 infiniteRecur(int)+24 infiniteRecur(int)+24 infiniteRecur(int)+24 infiniteRecur(int)+24 infiniteRecur(int)+24 infiniteRecur(int)+24 infiniteRecur(int)+24 infiniteRecur(int)+24 infiniteRecur(int)+24 infiniteRecur(int)+24 infiniteRecur(int)+24,11,SIGSEGV: Invalid memory reference to address Unknown Error,aarch64,return infiniteRecur(a),2021-07-25T01:35:15.333257,126
"long, int, char, int>(long (*)(char const*, char**, int), char const*, char const*, unsigned long*, int)+116 long, int, char, int>(long (*)(char const*, char**, int), char const*, char const*, unsigned long*, int)::_Save_errno::_Save_errno() XYLayoutEditPolicy()+96 ConstrainedLayoutEditPolicy() LayoutEditPolicy() AbstractEditPart() GraphicalEditPart() TransactionalEditingDomainImpl() AbstractDDiagramEditPart() DragEditPartsTracker() AbstractTool() SelectionTool() EditDomain() DomainEventDispatcher() LightweightSystem() TypedListener() EventTable() Display() Widget() PartRenderingEngine() Realm() E4Workbench() Workbench() PlatformUI() IDEApplication()",6,SIGABRT: (Error Number 0),aarch64,int a = std::stoi(num),2021-07-25T01:35:19.881908,127
infiniteRecur(int)+12 infiniteRecur(int)+24 infiniteRecur(int)+24 infiniteRecur(int)+24 infiniteRecur(int)+24 infiniteRecur(int)+24 infiniteRecur(int)+24 infiniteRecur(int)+24 infiniteRecur(int)+24 infiniteRecur(int)+24 infiniteRecur(int)+24 infiniteRecur(int)+24 infiniteRecur(int)+24 infiniteRecur(int)+24 infiniteRecur(int)+24 infiniteRecur(int)+24 infiniteRecur(int)+24 infiniteRecur(int)+24 infiniteRecur(int)+24 infiniteRecur(int)+24 infiniteRecur(int)+24 infiniteRecur(int)+24 infiniteRecur(int)+24 infiniteRecur(int)+24 infiniteRecur(int)+24 infiniteRecur(int)+24 infiniteRecur(int)+24 infiniteRecur(int)+24 infiniteRecur(int)+24 infiniteRecur(int)+24 infiniteRecur(int)+24 infiniteRecur(int)+24,11,SIGSEGV: Invalid memory reference to address Unknown Error,aarch64,return infiniteRecur(a),2021-07-25T01:35:25.246829,128
"ECPUtil()+100 TypedListener() EventTable() Display() Widget() PartRenderingEngine() Realm() E4Workbench() Workbench() PlatformUI() IDEApplication() EclipseAppHandle() EclipseAppLauncher() EclipseStarter() Main() main() __static_initialization_and_destruction_0(int, int)",11,SIGSEGV: Invalid memory reference to address Unknown Error,aarch64,*var2=*var1,2021-07-25T01:35:30.086986,129
infiniteRecur(int)+12 infiniteRecur(int)+24 infiniteRecur(int)+24 infiniteRecur(int)+24 infiniteRecur(int)+24 infiniteRecur(int)+24 infiniteRecur(int)+24 infiniteRecur(int)+24 infiniteRecur(int)+24 infiniteRecur(int)+24 infiniteRecur(int)+24 infiniteRecur(int)+24 infiniteRecur(int)+24 infiniteRecur(int)+24 infiniteRecur(int)+24 infiniteRecur(int)+24 infiniteRecur(int)+24 infiniteRecur(int)+24 infiniteRecur(int)+24 infiniteRecur(int)+24 infiniteRecur(int)+24 infiniteRecur(int)+24 infiniteRecur(int)+24 infiniteRecur(int)+24 infiniteRecur(int)+24 infiniteRecur(int)+24 infiniteRecur(int)+24 infiniteRecur(int)+24 infiniteRecur(int)+24 infiniteRecur(int)+24 infiniteRecur(int)+24 infiniteRecur(int)+24,11,SIGSEGV: Invalid memory reference to address Unknown Error,aarch64,return infiniteRecur(a),2021-07-25T01:35:34.768548,130
SessionEditorInput() SessionEditorInputFactory() DDiagramEditorImpl() EditorReference() CompatibilityPart() DelegatingMethodAccessorImpl() Method() MethodRequestor() InjectorImpl() ContextInjectionFactory() ReflectionContributionFactory() ContributedPartRenderer() PartRenderingEngine() SafeRunner() PartServiceImpl() UIEventHandler() Synchronizer() UISynchronizer() Display() E4Application() EventHandlerWrapper() EventHandlerTracker() EventManager() ListenerQueue() EventAdminImpl() EventComponent(),6,SIGABRT: (Error Number 0),aarch64, throw new bad_alloc(),2021-07-25T01:35:39.984100,131
"Arrays()+100 XMLString() XMLAttributesImpl() AbstractSAXParser() XMLParser() MetadataParser() AbstractXMLDocumentParser() XMLNSDocumentScannerImpl() XMLDocumentFragmentScannerImpl() XMLDocumentScannerImpl() XML11Configuration() SAXParserImpl() SimpleProfileRegistry() Activator() BundlePoolFilteredListener() SiteListener() ExtensionLocationMetadataRepository() main() __static_initialization_and_destruction_0(int, int)",11,SIGSEGV: Invalid memory reference to address Unknown Error,aarch64,*var2=*var1,2021-07-25T01:35:45.020353,132
infiniteRecur(int)+12 infiniteRecur(int)+24 infiniteRecur(int)+24 infiniteRecur(int)+24 infiniteRecur(int)+24 infiniteRecur(int)+24 infiniteRecur(int)+24 infiniteRecur(int)+24 infiniteRecur(int)+24 infiniteRecur(int)+24 infiniteRecur(int)+24 infiniteRecur(int)+24 infiniteRecur(int)+24 infiniteRecur(int)+24 infiniteRecur(int)+24 infiniteRecur(int)+24 infiniteRecur(int)+24 infiniteRecur(int)+24 infiniteRecur(int)+24 infiniteRecur(int)+24 infiniteRecur(int)+24 infiniteRecur(int)+24 infiniteRecur(int)+24 infiniteRecur(int)+24 infiniteRecur(int)+24 infiniteRecur(int)+24 infiniteRecur(int)+24 infiniteRecur(int)+24 infiniteRecur(int)+24 infiniteRecur(int)+24 infiniteRecur(int)+24 infiniteRecur(int)+24,11,SIGSEGV: Invalid memory reference to address Unknown Error,aarch64,return infiniteRecur(a),2021-07-25T01:35:49.847751,133
Util()+100 UMLViewProvider() ViewService() Service() UmlActivityDiagramForMultiEditor() DiagramEditor() GraphicalEditor() DiagramEditorWithFlyOutPalette() DiagramDocumentEditor() UmlGmfDiagramEditor() EditorPart() TabFolderPart() RootPart() SashWindowsContainer() AbstractMultiPageSashEditor() CoreMultiDiagramEditor() PapyrusMultiDiagramEditor() CompatibilityPart() CompatibilityEditor() NativeMethodAccessorImpl() DelegatingMethodAccessorImpl() Method() MethodRequestor() InjectorImpl() ContextInjectionFactory() ReflectionContributionFactory() ContributedPartRenderer() PartRenderingEngine() SafeRunner() StackRenderer() LazyStackRenderer() UIEventHandler(),11,SIGSEGV: Invalid memory reference to address Unknown Error,aarch64,*var2=*var1,2021-07-25T01:35:55.129007,134
infiniteRecur(int)+12 infiniteRecur(int)+24 infiniteRecur(int)+24 infiniteRecur(int)+24 infiniteRecur(int)+24 infiniteRecur(int)+24 infiniteRecur(int)+24 infiniteRecur(int)+24 infiniteRecur(int)+24 infiniteRecur(int)+24 infiniteRecur(int)+24 infiniteRecur(int)+24 infiniteRecur(int)+24 infiniteRecur(int)+24 infiniteRecur(int)+24 infiniteRecur(int)+24 infiniteRecur(int)+24 infiniteRecur(int)+24 infiniteRecur(int)+24 infiniteRecur(int)+24 infiniteRecur(int)+24 infiniteRecur(int)+24 infiniteRecur(int)+24 infiniteRecur(int)+24 infiniteRecur(int)+24 infiniteRecur(int)+24 infiniteRecur(int)+24 infiniteRecur(int)+24 infiniteRecur(int)+24 infiniteRecur(int)+24 infiniteRecur(int)+24 infiniteRecur(int)+24,11,SIGSEGV: Invalid memory reference to address Unknown Error,aarch64,return infiniteRecur(a),2021-07-25T01:36:00.128768,135
infiniteRecur(int)+12 infiniteRecur(int)+24 infiniteRecur(int)+24 infiniteRecur(int)+24 infiniteRecur(int)+24 infiniteRecur(int)+24 infiniteRecur(int)+24 infiniteRecur(int)+24 infiniteRecur(int)+24 infiniteRecur(int)+24 infiniteRecur(int)+24 infiniteRecur(int)+24 infiniteRecur(int)+24 infiniteRecur(int)+24 infiniteRecur(int)+24 infiniteRecur(int)+24 infiniteRecur(int)+24 infiniteRecur(int)+24 infiniteRecur(int)+24 infiniteRecur(int)+24 infiniteRecur(int)+24 infiniteRecur(int)+24 infiniteRecur(int)+24 infiniteRecur(int)+24 infiniteRecur(int)+24 infiniteRecur(int)+24 infiniteRecur(int)+24 infiniteRecur(int)+24 infiniteRecur(int)+24 infiniteRecur(int)+24 infiniteRecur(int)+24 infiniteRecur(int)+24,11,SIGSEGV: Invalid memory reference to address Unknown Error,aarch64,return infiniteRecur(a),2021-07-25T01:36:04.307261,136
PhpScriptRegion() DefaultIndentationStrategy() IndentLineAutoEditStrategy() MainAutoEditStrategy() TextViewer() ProjectionViewer() StructuredTextViewer() TypedListener() EventTable() Display() Widget() StyledText() Control() Composite() OS() PartRenderingEngine() Realm() E4Workbench() Workbench() PlatformUI() IDEApplication() EclipseAppHandle() EclipseAppLauncher() EclipseStarter() NativeMethodAccessorImpl() DelegatingMethodAccessorImpl(),6,SIGABRT: (Error Number 0),aarch64, throw new bad_alloc(),2021-07-25T01:36:08.285397,137
AbstractParser() MethodInvocation() ASTNode() ExpressionStatement() Block() MethodDeclaration() DatabindingParser() JFaceDatabindingsFactory() DatabindingRootProcessor() JavaInfoParser() ExecutionUtils() DesignPage() Synchronizer() UISynchronizer() Display() ModalContext() ProgressMonitorDialog() UndoManager() DefaultMultiMode() TypedListener() EventTable() Widget() CTabFolder() PartRenderingEngine() Realm() E4Workbench(),6,SIGABRT: (Error Number 0),aarch64, throw new bad_alloc(),2021-07-25T01:36:12.337747,138
infiniteRecur(int)+12 infiniteRecur(int)+24 infiniteRecur(int)+24 infiniteRecur(int)+24 infiniteRecur(int)+24 infiniteRecur(int)+24 infiniteRecur(int)+24 infiniteRecur(int)+24 infiniteRecur(int)+24 infiniteRecur(int)+24 infiniteRecur(int)+24 infiniteRecur(int)+24 infiniteRecur(int)+24 infiniteRecur(int)+24 infiniteRecur(int)+24 infiniteRecur(int)+24 infiniteRecur(int)+24 infiniteRecur(int)+24 infiniteRecur(int)+24 infiniteRecur(int)+24 infiniteRecur(int)+24 infiniteRecur(int)+24 infiniteRecur(int)+24 infiniteRecur(int)+24 infiniteRecur(int)+24 infiniteRecur(int)+24 infiniteRecur(int)+24 infiniteRecur(int)+24 infiniteRecur(int)+24 infiniteRecur(int)+24 infiniteRecur(int)+24 infiniteRecur(int)+24,11,SIGSEGV: Invalid memory reference to address Unknown Error,aarch64,return infiniteRecur(a),2021-07-25T01:36:16.211687,139
GMFUnsafe() AppliedStereotypeCompartmentEditPolicy() TransactionalEditingDomainImpl() DiagramEventBroker() DiagramEventBrokerThreadSafe() TransactionImpl() DefaultOperationHistory() CheckedOperationHistory() NotifyingWorkspaceCommandStack() NestingNotifyingWorkspaceCommandStack() UndoHandler() HandlerProxy() E4HandlerProxy() DelegatingMethodAccessorImpl() Method() MethodRequestor() InjectorImpl() ContextInjectionFactory() HandlerServiceHandler() Command() ParameterizedCommand() HandlerServiceImpl() KeyBindingDispatcher() EventTable() Display() Widget(),6,SIGABRT: (Error Number 0),aarch64, throw new bad_alloc(),2021-07-25T01:36:20.607890,140
AbstractServiceUtils() EMFModelElement() UMLModelElement() DataSource() EnumCombo() AbstractPropertyEditor() DelegatingMethodAccessorImpl() Method() BeanProperty() ResourceLoader() Core() XWTLoader() XWT() DefaultDisplayEngine() XWTSection() TabContents() SafeRunner() JFaceUtil() SafeRunnable() TabbedPropertySheetPage() Viewer() StructuredViewer() OpenStrategy() EventTable() Display() Widget(),6,SIGABRT: (Error Number 0),aarch64, throw new bad_alloc(),2021-07-25T01:36:25.010230,141
"long, int, char, int>(long (*)(char const*, char**, int), char const*, char const*, unsigned long*, int)+116 long, int, char, int>(long (*)(char const*, char**, int), char const*, char const*, unsigned long*, int)::_Save_errno::_Save_errno() StandInStacktraceProvider()+96 RuntimeLog() PlatformLogWriter() ExtendedLogReaderServiceFactory() ExtendedLogServiceFactory() ExtendedLogServiceImpl() LoggerImpl() Log() EclipseLogAppender() UnsynchronizedAppenderBase() AppenderAttachableImpl() Logger() PomQuickAssistProcessor() XmlUtils() CompletionProposalPopup() ContentAssistant() TextViewer() StyledTextListener() EventTable() Display() Widget() StyledText() Canvas()",6,SIGABRT: (Error Number 0),aarch64,int a = std::stoi(num),2021-07-25T01:36:29.302318,142
"EclipseGitSnippetRepository() Worker() main() __static_initialization_and_destruction_0(int, int)",6,SIGABRT: (Error Number 0),aarch64, throw new bad_alloc(),2021-07-25T01:36:33.055912,143
infiniteRecur(int)+12 infiniteRecur(int)+24 infiniteRecur(int)+24 infiniteRecur(int)+24 infiniteRecur(int)+24 infiniteRecur(int)+24 infiniteRecur(int)+24 infiniteRecur(int)+24 infiniteRecur(int)+24 infiniteRecur(int)+24 infiniteRecur(int)+24 infiniteRecur(int)+24 infiniteRecur(int)+24 infiniteRecur(int)+24 infiniteRecur(int)+24 infiniteRecur(int)+24 infiniteRecur(int)+24 infiniteRecur(int)+24 infiniteRecur(int)+24 infiniteRecur(int)+24 infiniteRecur(int)+24 infiniteRecur(int)+24 infiniteRecur(int)+24 infiniteRecur(int)+24 infiniteRecur(int)+24 infiniteRecur(int)+24 infiniteRecur(int)+24 infiniteRecur(int)+24 infiniteRecur(int)+24 infiniteRecur(int)+24 infiniteRecur(int)+24 infiniteRecur(int)+24,11,SIGSEGV: Invalid memory reference to address Unknown Error,aarch64,return infiniteRecur(a),2021-07-25T01:36:36.819282,144
infiniteRecur(int)+12 infiniteRecur(int)+24 infiniteRecur(int)+24 infiniteRecur(int)+24 infiniteRecur(int)+24 infiniteRecur(int)+24 infiniteRecur(int)+24 infiniteRecur(int)+24 infiniteRecur(int)+24 infiniteRecur(int)+24 infiniteRecur(int)+24 infiniteRecur(int)+24 infiniteRecur(int)+24 infiniteRecur(int)+24 infiniteRecur(int)+24 infiniteRecur(int)+24 infiniteRecur(int)+24 infiniteRecur(int)+24 infiniteRecur(int)+24 infiniteRecur(int)+24 infiniteRecur(int)+24 infiniteRecur(int)+24 infiniteRecur(int)+24 infiniteRecur(int)+24 infiniteRecur(int)+24 infiniteRecur(int)+24 infiniteRecur(int)+24 infiniteRecur(int)+24 infiniteRecur(int)+24 infiniteRecur(int)+24 infiniteRecur(int)+24 infiniteRecur(int)+24,11,SIGSEGV: Invalid memory reference to address Unknown Error,aarch64,return infiniteRecur(a),2021-07-25T01:36:40.627534,145
"XtextDocument() XtendOutlineWithEditorLinker() OutlineWithEditorLinker() TextViewer() Display() OS() NSApplication() PartRenderingEngine() Realm() E4Workbench() Workbench() PlatformUI() IDEApplication() EclipseAppHandle() EclipseAppLauncher() EclipseStarter() NativeMethodAccessorImpl() DelegatingMethodAccessorImpl() Method() Main() main() __static_initialization_and_destruction_0(int, int)",6,SIGABRT: (Error Number 0),aarch64, throw new bad_alloc(),2021-07-25T01:36:44.324385,146
ResolutionResultsWizardPage() ProvisioningWizardPage() CopyPopup() TypedListener() EventTable() Widget() Display() Window() ProvisioningUI() UninstallAction() ProfileModificationAction() RunnableLock() Synchronizer() PartRenderingEngine() Realm() E4Workbench() Workbench() PlatformUI() IDEApplication() EclipseAppHandle() EclipseAppLauncher() EclipseStarter() NativeMethodAccessorImpl() DelegatingMethodAccessorImpl() Method() Main(),6,SIGABRT: (Error Number 0),aarch64, throw new bad_alloc(),2021-07-25T01:36:48.322470,147
infiniteRecur(int)+12 infiniteRecur(int)+24 infiniteRecur(int)+24 infiniteRecur(int)+24 infiniteRecur(int)+24 infiniteRecur(int)+24 infiniteRecur(int)+24 infiniteRecur(int)+24 infiniteRecur(int)+24 infiniteRecur(int)+24 infiniteRecur(int)+24 infiniteRecur(int)+24 infiniteRecur(int)+24 infiniteRecur(int)+24 infiniteRecur(int)+24 infiniteRecur(int)+24 infiniteRecur(int)+24 infiniteRecur(int)+24 infiniteRecur(int)+24 infiniteRecur(int)+24 infiniteRecur(int)+24 infiniteRecur(int)+24 infiniteRecur(int)+24 infiniteRecur(int)+24 infiniteRecur(int)+24 infiniteRecur(int)+24 infiniteRecur(int)+24 infiniteRecur(int)+24 infiniteRecur(int)+24 infiniteRecur(int)+24 infiniteRecur(int)+24 infiniteRecur(int)+24,11,SIGSEGV: Invalid memory reference to address Unknown Error,aarch64,return infiniteRecur(a),2021-07-25T01:36:52.815054,148
"CompilationUnit() Openable() JavaElement() ReconcileWorkingCopyOperation() JavaModelOperation() JavaReconcilingStrategy() SafeRunner() CompositeReconcilingStrategy() JavaCompositeReconcilingStrategy() MonoReconciler() AbstractReconciler() main() __static_initialization_and_destruction_0(int, int)",6,SIGABRT: (Error Number 0),aarch64, throw new bad_alloc(),2021-07-25T01:36:56.772019,149
"FileSystemResourceManager()+100 Resource() MergeContext() Workspace() ResourceMergeHandler() SynchronizationOperation() JobRunnableContext() InternalWorkspaceJob() Worker() main() __static_initialization_and_destruction_0(int, int)",11,SIGSEGV: Invalid memory reference to address Unknown Error,aarch64,*var2=*var1,2021-07-25T01:37:00.529316,150
infiniteRecur(int)+12 infiniteRecur(int)+24 infiniteRecur(int)+24 infiniteRecur(int)+24 infiniteRecur(int)+24 infiniteRecur(int)+24 infiniteRecur(int)+24 infiniteRecur(int)+24 infiniteRecur(int)+24 infiniteRecur(int)+24 infiniteRecur(int)+24 infiniteRecur(int)+24 infiniteRecur(int)+24 infiniteRecur(int)+24 infiniteRecur(int)+24 infiniteRecur(int)+24 infiniteRecur(int)+24 infiniteRecur(int)+24 infiniteRecur(int)+24 infiniteRecur(int)+24 infiniteRecur(int)+24 infiniteRecur(int)+24 infiniteRecur(int)+24 infiniteRecur(int)+24 infiniteRecur(int)+24 infiniteRecur(int)+24 infiniteRecur(int)+24 infiniteRecur(int)+24 infiniteRecur(int)+24 infiniteRecur(int)+24 infiniteRecur(int)+24 infiniteRecur(int)+24,11,SIGSEGV: Invalid memory reference to address Unknown Error,aarch64,return infiniteRecur(a),2021-07-25T01:37:04.292403,151
FormEditor() TypedListener() EventTable() Widget() CTabFolder() Control() Display() OS() Composite() ErrorEditorPart() CompatibilityPart() MethodRequestor() InjectorImpl() ContextInjectionFactory() PartRenderingEngine() PartServiceImpl() WorkbenchPage() BusyIndicator() SnippetsView() StructuredViewer() SafeRunner() JFaceUtil() SafeRunnable() OpenStrategy() Realm() E4Workbench(),6,SIGABRT: (Error Number 0),aarch64, throw new bad_alloc(),2021-07-25T01:37:08.066386,152
infiniteRecur(int)+12 infiniteRecur(int)+24 infiniteRecur(int)+24 infiniteRecur(int)+24 infiniteRecur(int)+24 infiniteRecur(int)+24 infiniteRecur(int)+24 infiniteRecur(int)+24 infiniteRecur(int)+24 infiniteRecur(int)+24 infiniteRecur(int)+24 infiniteRecur(int)+24 infiniteRecur(int)+24 infiniteRecur(int)+24 infiniteRecur(int)+24 infiniteRecur(int)+24 infiniteRecur(int)+24 infiniteRecur(int)+24 infiniteRecur(int)+24 infiniteRecur(int)+24 infiniteRecur(int)+24 infiniteRecur(int)+24 infiniteRecur(int)+24 infiniteRecur(int)+24 infiniteRecur(int)+24 infiniteRecur(int)+24 infiniteRecur(int)+24 infiniteRecur(int)+24 infiniteRecur(int)+24 infiniteRecur(int)+24 infiniteRecur(int)+24 infiniteRecur(int)+24,11,SIGSEGV: Invalid memory reference to address Unknown Error,aarch64,return infiniteRecur(a),2021-07-25T01:37:11.959423,153
"long, int, char, int>(long (*)(char const*, char**, int), char const*, char const*, unsigned long*, int)+116 long, int, char, int>(long (*)(char const*, char**, int), char const*, char const*, unsigned long*, int)::_Save_errno::_Save_errno() JavaElement()+96 CompilationUnit() JavaElementSelections() JavaElementSelectionService() main() __static_initialization_and_destruction_0(int, int)",6,SIGABRT: (Error Number 0),aarch64,int a = std::stoi(num),2021-07-25T01:37:15.718608,154
"long, int, char, int>(long (*)(char const*, char**, int), char const*, char const*, unsigned long*, int)+116 long, int, char, int>(long (*)(char const*, char**, int), char const*, char const*, unsigned long*, int)::_Save_errno::_Save_errno() StandInStacktraceProvider()+96 RuntimeLog() PlatformLogWriter() ExtendedLogReaderServiceFactory() ExtendedLogServiceFactory() ExtendedLogServiceImpl() LoggerImpl() Log() CompareUIPlugin() CompareEditor() SaveablesList() WorkbenchPage() CompatibilityPart() UIEventHandler() Synchronizer() UISynchronizer() Display() E4Application() EventHandlerWrapper() EventHandlerTracker() EventManager() ListenerQueue() EventAdminImpl()",6,SIGABRT: (Error Number 0),aarch64,int a = std::stoi(num),2021-07-25T01:37:20.877078,155
"JavaDebugHover() BestMatchHover() JavaEditorTextHoverProxy() TextViewerHoverManager() main() __static_initialization_and_destruction_0(int, int)",6,SIGABRT: (Error Number 0),aarch64, throw new bad_alloc(),2021-07-25T01:37:25.827709,156
infiniteRecur(int)+12 infiniteRecur(int)+24 infiniteRecur(int)+24 infiniteRecur(int)+24 infiniteRecur(int)+24 infiniteRecur(int)+24 infiniteRecur(int)+24 infiniteRecur(int)+24 infiniteRecur(int)+24 infiniteRecur(int)+24 infiniteRecur(int)+24 infiniteRecur(int)+24 infiniteRecur(int)+24 infiniteRecur(int)+24 infiniteRecur(int)+24 infiniteRecur(int)+24 infiniteRecur(int)+24 infiniteRecur(int)+24 infiniteRecur(int)+24 infiniteRecur(int)+24 infiniteRecur(int)+24 infiniteRecur(int)+24 infiniteRecur(int)+24 infiniteRecur(int)+24 infiniteRecur(int)+24 infiniteRecur(int)+24 infiniteRecur(int)+24 infiniteRecur(int)+24 infiniteRecur(int)+24 infiniteRecur(int)+24 infiniteRecur(int)+24 infiniteRecur(int)+24,11,SIGSEGV: Invalid memory reference to address Unknown Error,aarch64,return infiniteRecur(a),2021-07-25T01:37:31.357417,157
infiniteRecur(int)+12 infiniteRecur(int)+24 infiniteRecur(int)+24 infiniteRecur(int)+24 infiniteRecur(int)+24 infiniteRecur(int)+24 infiniteRecur(int)+24 infiniteRecur(int)+24 infiniteRecur(int)+24 infiniteRecur(int)+24 infiniteRecur(int)+24 infiniteRecur(int)+24 infiniteRecur(int)+24 infiniteRecur(int)+24 infiniteRecur(int)+24 infiniteRecur(int)+24 infiniteRecur(int)+24 infiniteRecur(int)+24 infiniteRecur(int)+24 infiniteRecur(int)+24 infiniteRecur(int)+24 infiniteRecur(int)+24 infiniteRecur(int)+24 infiniteRecur(int)+24 infiniteRecur(int)+24 infiniteRecur(int)+24 infiniteRecur(int)+24 infiniteRecur(int)+24 infiniteRecur(int)+24 infiniteRecur(int)+24 infiniteRecur(int)+24 infiniteRecur(int)+24,11,SIGSEGV: Invalid memory reference to address Unknown Error,aarch64,return infiniteRecur(a),2021-07-25T01:37:36.347276,158
infiniteRecur(int)+12 infiniteRecur(int)+24 infiniteRecur(int)+24 infiniteRecur(int)+24 infiniteRecur(int)+24 infiniteRecur(int)+24 infiniteRecur(int)+24 infiniteRecur(int)+24 infiniteRecur(int)+24 infiniteRecur(int)+24 infiniteRecur(int)+24 infiniteRecur(int)+24 infiniteRecur(int)+24 infiniteRecur(int)+24 infiniteRecur(int)+24 infiniteRecur(int)+24 infiniteRecur(int)+24 infiniteRecur(int)+24 infiniteRecur(int)+24 infiniteRecur(int)+24 infiniteRecur(int)+24 infiniteRecur(int)+24 infiniteRecur(int)+24 infiniteRecur(int)+24 infiniteRecur(int)+24 infiniteRecur(int)+24 infiniteRecur(int)+24 infiniteRecur(int)+24 infiniteRecur(int)+24 infiniteRecur(int)+24 infiniteRecur(int)+24 infiniteRecur(int)+24,11,SIGSEGV: Invalid memory reference to address Unknown Error,aarch64,return infiniteRecur(a),2021-07-25T01:37:41.484456,159
"WorkManager()+100 File() ProjectPreferences() EclipsePreferences() PreferencesWrapper() ProjectConfiguration() ConfigurationManager() EventManager() NotificationManager() SafeRunner() Project() CloseResourceAction() WorkspaceAction() InternalWorkspaceJob() Worker() main() __static_initialization_and_destruction_0(int, int)",11,SIGSEGV: Invalid memory reference to address Unknown Error,aarch64,*var2=*var1,2021-07-25T01:37:46.454779,160
"long, int, char, int>(long (*)(char const*, char**, int), char const*, char const*, unsigned long*, int)+116 long, int, char, int>(long (*)(char const*, char**, int), char const*, char const*, unsigned long*, int)::_Save_errno::_Save_errno() ProjectPreferences()+96 PreferencesWrapper() ProjectConfiguration() ConfigurationManager() EventManager() NotificationManager() SafeRunner() Workspace() Project() CloseResourceAction() WorkspaceAction() InternalWorkspaceJob() Worker() main() __static_initialization_and_destruction_0(int, int)",6,SIGABRT: (Error Number 0),aarch64,int a = std::stoi(num),2021-07-25T01:37:51.339038,161
infiniteRecur(int)+12 infiniteRecur(int)+24 infiniteRecur(int)+24 infiniteRecur(int)+24 infiniteRecur(int)+24 infiniteRecur(int)+24 infiniteRecur(int)+24 infiniteRecur(int)+24 infiniteRecur(int)+24 infiniteRecur(int)+24 infiniteRecur(int)+24 infiniteRecur(int)+24 infiniteRecur(int)+24 infiniteRecur(int)+24 infiniteRecur(int)+24 infiniteRecur(int)+24 infiniteRecur(int)+24 infiniteRecur(int)+24 infiniteRecur(int)+24 infiniteRecur(int)+24 infiniteRecur(int)+24 infiniteRecur(int)+24 infiniteRecur(int)+24 infiniteRecur(int)+24 infiniteRecur(int)+24 infiniteRecur(int)+24 infiniteRecur(int)+24 infiniteRecur(int)+24 infiniteRecur(int)+24 infiniteRecur(int)+24 infiniteRecur(int)+24 infiniteRecur(int)+24,11,SIGSEGV: Invalid memory reference to address Unknown Error,aarch64,return infiniteRecur(a),2021-07-25T01:37:56.823508,162
infiniteRecur(int)+12 infiniteRecur(int)+24 infiniteRecur(int)+24 infiniteRecur(int)+24 infiniteRecur(int)+24 infiniteRecur(int)+24 infiniteRecur(int)+24 infiniteRecur(int)+24 infiniteRecur(int)+24 infiniteRecur(int)+24 infiniteRecur(int)+24 infiniteRecur(int)+24 infiniteRecur(int)+24 infiniteRecur(int)+24 infiniteRecur(int)+24 infiniteRecur(int)+24 infiniteRecur(int)+24 infiniteRecur(int)+24 infiniteRecur(int)+24 infiniteRecur(int)+24 infiniteRecur(int)+24 infiniteRecur(int)+24 infiniteRecur(int)+24 infiniteRecur(int)+24 infiniteRecur(int)+24 infiniteRecur(int)+24 infiniteRecur(int)+24 infiniteRecur(int)+24 infiniteRecur(int)+24 infiniteRecur(int)+24 infiniteRecur(int)+24 infiniteRecur(int)+24,11,SIGSEGV: Invalid memory reference to address Unknown Error,aarch64,return infiniteRecur(a),2021-07-25T01:38:01.656680,163
"long, int, char, int>(long (*)(char const*, char**, int), char const*, char const*, unsigned long*, int)+116 long, int, char, int>(long (*)(char const*, char**, int), char const*, char const*, unsigned long*, int)::_Save_errno::_Save_errno() PublishLibraryAction()+96 WWinPluginAction() ActionDescriptor() PluginActionSetBuilder() PluginActionBuilder() RegistryReader() ActionPresentation() WorkbenchWindow() WorkbenchPage() PartServiceImpl() SafeRunner() UIEventHandler() Synchronizer() UISynchronizer() Display() E4Application() EventHandlerWrapper() EventHandlerTracker() EventManager() ListenerQueue() EventAdminImpl() EventComponent() EventBroker()",6,SIGABRT: (Error Number 0),aarch64,int a = std::stoi(num),2021-07-25T01:38:06.634373,164
AbstractEditorTracker() PartService() SafeRunner() WorkbenchPage() CompatibilityPart() UIEventHandler() Synchronizer() UISynchronizer() Display() E4Application() EventHandlerWrapper() EventHandlerTracker() EventManager() ListenerQueue() EventAdminImpl() EventComponent() EventBroker() UIEventPublisher() BasicNotifierImpl() PartImpl() ContributedPartRenderer() PartRenderingEngine() PartServiceImpl() ElementContainerImpl() ModelServiceImpl() BusyIndicator(),6,SIGABRT: (Error Number 0),aarch64, throw new bad_alloc(),2021-07-25T01:38:11.874297,165
"long, int, char, int>(long (*)(char const*, char**, int), char const*, char const*, unsigned long*, int)+116 long, int, char, int>(long (*)(char const*, char**, int), char const*, char const*, unsigned long*, int)::_Save_errno::_Save_errno() FormEditor()+96 MultiPageReportEditor() MultiPageEditorPart() TypedListener() EventTable() Display() Widget() CTabFolder() PartRenderingEngine() Realm() E4Workbench() Workbench() PlatformUI() IDEApplication() EclipseAppHandle() EclipseAppLauncher() EclipseStarter() NativeMethodAccessorImpl() DelegatingMethodAccessorImpl() Method() Main() main() __static_initialization_and_destruction_0(int, int)",6,SIGABRT: (Error Number 0),aarch64,int a = std::stoi(num),2021-07-25T01:38:16.450764,166
infiniteRecur(int)+12 infiniteRecur(int)+24 infiniteRecur(int)+24 infiniteRecur(int)+24 infiniteRecur(int)+24 infiniteRecur(int)+24 infiniteRecur(int)+24 infiniteRecur(int)+24 infiniteRecur(int)+24 infiniteRecur(int)+24 infiniteRecur(int)+24 infiniteRecur(int)+24 infiniteRecur(int)+24 infiniteRecur(int)+24 infiniteRecur(int)+24 infiniteRecur(int)+24 infiniteRecur(int)+24 infiniteRecur(int)+24 infiniteRecur(int)+24 infiniteRecur(int)+24 infiniteRecur(int)+24 infiniteRecur(int)+24 infiniteRecur(int)+24 infiniteRecur(int)+24 infiniteRecur(int)+24 infiniteRecur(int)+24 infiniteRecur(int)+24 infiniteRecur(int)+24 infiniteRecur(int)+24 infiniteRecur(int)+24 infiniteRecur(int)+24 infiniteRecur(int)+24,11,SIGSEGV: Invalid memory reference to address Unknown Error,aarch64,return infiniteRecur(a),2021-07-25T01:38:20.826919,167
PartService() SafeRunner() WorkbenchPage() PartServiceImpl() AbstractPartRenderer() StackRenderer() EventTable() Display() Widget() Shell() Control() Composite() OS() NSApplication() PartRenderingEngine() Realm() E4Workbench() Workbench() PlatformUI() IDEApplication() EclipseAppHandle() EclipseAppLauncher() EclipseStarter() NativeMethodAccessorImpl() DelegatingMethodAccessorImpl() Method(),6,SIGABRT: (Error Number 0),aarch64, throw new bad_alloc(),2021-07-25T01:38:25.775172,168
TypedListener() EventTable() Display() Widget() Control() Composite() SWTPartRenderer() ContributedPartRenderer() PartRenderingEngine() SafeRunner() UIEventHandler() Synchronizer() UISynchronizer() E4Application() EventHandlerWrapper() EventHandlerTracker() EventManager() ListenerQueue() EventAdminImpl() EventComponent() EventBroker() UIEventPublisher() BasicNotifierImpl() UIElementImpl() PartServiceImpl() StackRenderer(),6,SIGABRT: (Error Number 0),aarch64, throw new bad_alloc(),2021-07-25T01:38:30.682834,169
infiniteRecur(int)+12 infiniteRecur(int)+24 infiniteRecur(int)+24 infiniteRecur(int)+24 infiniteRecur(int)+24 infiniteRecur(int)+24 infiniteRecur(int)+24 infiniteRecur(int)+24 infiniteRecur(int)+24 infiniteRecur(int)+24 infiniteRecur(int)+24 infiniteRecur(int)+24 infiniteRecur(int)+24 infiniteRecur(int)+24 infiniteRecur(int)+24 infiniteRecur(int)+24 infiniteRecur(int)+24 infiniteRecur(int)+24 infiniteRecur(int)+24 infiniteRecur(int)+24 infiniteRecur(int)+24 infiniteRecur(int)+24 infiniteRecur(int)+24 infiniteRecur(int)+24 infiniteRecur(int)+24 infiniteRecur(int)+24 infiniteRecur(int)+24 infiniteRecur(int)+24 infiniteRecur(int)+24 infiniteRecur(int)+24 infiniteRecur(int)+24 infiniteRecur(int)+24,11,SIGSEGV: Invalid memory reference to address Unknown Error,aarch64,return infiniteRecur(a),2021-07-25T01:38:35.214121,170
"Query()+100 LaunchConfiguration() DebugUIPlugin() Worker() main() __static_initialization_and_destruction_0(int, int)",11,SIGSEGV: Invalid memory reference to address Unknown Error,aarch64,*var2=*var1,2021-07-25T01:38:39.234772,171
infiniteRecur(int)+12 infiniteRecur(int)+24 infiniteRecur(int)+24 infiniteRecur(int)+24 infiniteRecur(int)+24 infiniteRecur(int)+24 infiniteRecur(int)+24 infiniteRecur(int)+24 infiniteRecur(int)+24 infiniteRecur(int)+24 infiniteRecur(int)+24 infiniteRecur(int)+24 infiniteRecur(int)+24 infiniteRecur(int)+24 infiniteRecur(int)+24 infiniteRecur(int)+24 infiniteRecur(int)+24 infiniteRecur(int)+24 infiniteRecur(int)+24 infiniteRecur(int)+24 infiniteRecur(int)+24 infiniteRecur(int)+24 infiniteRecur(int)+24 infiniteRecur(int)+24 infiniteRecur(int)+24 infiniteRecur(int)+24 infiniteRecur(int)+24 infiniteRecur(int)+24 infiniteRecur(int)+24 infiniteRecur(int)+24 infiniteRecur(int)+24 infiniteRecur(int)+24,11,SIGSEGV: Invalid memory reference to address Unknown Error,aarch64,return infiniteRecur(a),2021-07-25T01:38:43.633537,172
"long, int, char, int>(long (*)(char const*, char**, int), char const*, char const*, unsigned long*, int)+116 long, int, char, int>(long (*)(char const*, char**, int), char const*, char const*, unsigned long*, int)::_Save_errno::_Save_errno() LanguageSettingsExtensionManager()+96 XmlProjectDescriptionStorage() CProjectDescriptionManager() CoreModel() ChangeBuildConfigActionBase() BuildActiveConfigMenuAction() PluginAction() SelectionService() WorkbenchPage() PartServiceImpl() SafeRunner() AbstractPartRenderer() ContributedPartRenderer() EventTable() Display() Widget() Shell() Control() Composite() Canvas() OS() PartRenderingEngine() Realm()",6,SIGABRT: (Error Number 0),aarch64,int a = std::stoi(num),2021-07-25T01:38:47.653471,173
infiniteRecur(int)+12 infiniteRecur(int)+24 infiniteRecur(int)+24 infiniteRecur(int)+24 infiniteRecur(int)+24 infiniteRecur(int)+24 infiniteRecur(int)+24 infiniteRecur(int)+24 infiniteRecur(int)+24 infiniteRecur(int)+24 infiniteRecur(int)+24 infiniteRecur(int)+24 infiniteRecur(int)+24 infiniteRecur(int)+24 infiniteRecur(int)+24 infiniteRecur(int)+24 infiniteRecur(int)+24 infiniteRecur(int)+24 infiniteRecur(int)+24 infiniteRecur(int)+24 infiniteRecur(int)+24 infiniteRecur(int)+24 infiniteRecur(int)+24 infiniteRecur(int)+24 infiniteRecur(int)+24 infiniteRecur(int)+24 infiniteRecur(int)+24 infiniteRecur(int)+24 infiniteRecur(int)+24 infiniteRecur(int)+24 infiniteRecur(int)+24 infiniteRecur(int)+24,11,SIGSEGV: Invalid memory reference to address Unknown Error,aarch64,return infiniteRecur(a),2021-07-25T01:38:51.614718,174
infiniteRecur(int)+12 infiniteRecur(int)+24 infiniteRecur(int)+24 infiniteRecur(int)+24 infiniteRecur(int)+24 infiniteRecur(int)+24 infiniteRecur(int)+24 infiniteRecur(int)+24 infiniteRecur(int)+24 infiniteRecur(int)+24 infiniteRecur(int)+24 infiniteRecur(int)+24 infiniteRecur(int)+24 infiniteRecur(int)+24 infiniteRecur(int)+24 infiniteRecur(int)+24 infiniteRecur(int)+24 infiniteRecur(int)+24 infiniteRecur(int)+24 infiniteRecur(int)+24 infiniteRecur(int)+24 infiniteRecur(int)+24 infiniteRecur(int)+24 infiniteRecur(int)+24 infiniteRecur(int)+24 infiniteRecur(int)+24 infiniteRecur(int)+24 infiniteRecur(int)+24 infiniteRecur(int)+24 infiniteRecur(int)+24 infiniteRecur(int)+24 infiniteRecur(int)+24,11,SIGSEGV: Invalid memory reference to address Unknown Error,aarch64,return infiniteRecur(a),2021-07-25T01:38:55.374943,175
"ModelingProjectWizard()+100 main() __static_initialization_and_destruction_0(int, int)",11,SIGSEGV: Invalid memory reference to address Unknown Error,aarch64,*var2=*var1,2021-07-25T01:38:59.244681,176
"AbstractJpaProject()+100 DeltaProcessor() SafeRunner() JavaModelOperation() CompilationUnit() JavaReconcilingStrategy() CompositeReconcilingStrategy() JavaCompositeReconcilingStrategy() MonoReconciler() AbstractReconciler() main() __static_initialization_and_destruction_0(int, int)",11,SIGSEGV: Invalid memory reference to address Unknown Error,aarch64,*var2=*var1,2021-07-25T01:39:03.088982,177
"long, int, char, int>(long (*)(char const*, char**, int), char const*, char const*, unsigned long*, int)+116 long, int, char, int>(long (*)(char const*, char**, int), char const*, char const*, unsigned long*, int)::_Save_errno::_Save_errno() JavaBreakpointPage()+96 PreferenceDialog() SafeRunner() JFaceUtil() SafeRunnable() FilteredPreferenceDialog() Dialog() TypedListener() EventTable() Display() Widget() Window() PropertyDialogAction() Action() ActionContributionItem() PartRenderingEngine() Realm() E4Workbench() Workbench() PlatformUI() IDEApplication() EclipseAppHandle() EclipseAppLauncher()",6,SIGABRT: (Error Number 0),aarch64,int a = std::stoi(num),2021-07-25T01:39:07.360584,178
"SharedASTProvider() RFZWdRIX7kbjhieI() Worker() main() __static_initialization_and_destruction_0(int, int)",6,SIGABRT: (Error Number 0),aarch64, throw new bad_alloc(),2021-07-25T01:39:11.006609,179
infiniteRecur(int)+12 infiniteRecur(int)+24 infiniteRecur(int)+24 infiniteRecur(int)+24 infiniteRecur(int)+24 infiniteRecur(int)+24 infiniteRecur(int)+24 infiniteRecur(int)+24 infiniteRecur(int)+24 infiniteRecur(int)+24 infiniteRecur(int)+24 infiniteRecur(int)+24 infiniteRecur(int)+24 infiniteRecur(int)+24 infiniteRecur(int)+24 infiniteRecur(int)+24 infiniteRecur(int)+24 infiniteRecur(int)+24 infiniteRecur(int)+24 infiniteRecur(int)+24 infiniteRecur(int)+24 infiniteRecur(int)+24 infiniteRecur(int)+24 infiniteRecur(int)+24 infiniteRecur(int)+24 infiniteRecur(int)+24 infiniteRecur(int)+24 infiniteRecur(int)+24 infiniteRecur(int)+24 infiniteRecur(int)+24 infiniteRecur(int)+24 infiniteRecur(int)+24,11,SIGSEGV: Invalid memory reference to address Unknown Error,aarch64,return infiniteRecur(a),2021-07-25T01:39:14.559007,180
infiniteRecur(int)+12 infiniteRecur(int)+24 infiniteRecur(int)+24 infiniteRecur(int)+24 infiniteRecur(int)+24 infiniteRecur(int)+24 infiniteRecur(int)+24 infiniteRecur(int)+24 infiniteRecur(int)+24 infiniteRecur(int)+24 infiniteRecur(int)+24 infiniteRecur(int)+24 infiniteRecur(int)+24 infiniteRecur(int)+24 infiniteRecur(int)+24 infiniteRecur(int)+24 infiniteRecur(int)+24 infiniteRecur(int)+24 infiniteRecur(int)+24 infiniteRecur(int)+24 infiniteRecur(int)+24 infiniteRecur(int)+24 infiniteRecur(int)+24 infiniteRecur(int)+24 infiniteRecur(int)+24 infiniteRecur(int)+24 infiniteRecur(int)+24 infiniteRecur(int)+24 infiniteRecur(int)+24 infiniteRecur(int)+24 infiniteRecur(int)+24 infiniteRecur(int)+24,11,SIGSEGV: Invalid memory reference to address Unknown Error,aarch64,return infiniteRecur(a),2021-07-25T01:39:18.244276,181
JavaModelOperation()+100 CopyPackageFragmentRootOperation() MovePackageFragmentRootOperation() Workspace() PackageFragmentRoot() MovePackageFragmentRootChange() PackageFragmentRootReorgChange() CompositeChange() DynamicValidationStateChange() BatchOperation() JavaCore() JavaMoveProcessor() PerformChangeOperation() RefactoringExecutionHelper() WorkbenchRunnableAdapter() ModalContext() WorkbenchWindow() BusyIndicator() ReorgMoveStarter() SelectionTransferDropAdapter() JdtViewerDropAdapter() DelegatingDropAdapter() SafeRunner() JFaceUtil() SafeRunnable() DNDListener() EventTable() Display() Widget() DropTarget() COMObject() COM(),11,SIGSEGV: Invalid memory reference to address Unknown Error,aarch64,*var2=*var1,2021-07-25T01:39:22.049716,182
infiniteRecur(int)+12 infiniteRecur(int)+24 infiniteRecur(int)+24 infiniteRecur(int)+24 infiniteRecur(int)+24 infiniteRecur(int)+24 infiniteRecur(int)+24 infiniteRecur(int)+24 infiniteRecur(int)+24 infiniteRecur(int)+24 infiniteRecur(int)+24 infiniteRecur(int)+24 infiniteRecur(int)+24 infiniteRecur(int)+24 infiniteRecur(int)+24 infiniteRecur(int)+24 infiniteRecur(int)+24 infiniteRecur(int)+24 infiniteRecur(int)+24 infiniteRecur(int)+24 infiniteRecur(int)+24 infiniteRecur(int)+24 infiniteRecur(int)+24 infiniteRecur(int)+24 infiniteRecur(int)+24 infiniteRecur(int)+24 infiniteRecur(int)+24 infiniteRecur(int)+24 infiniteRecur(int)+24 infiniteRecur(int)+24 infiniteRecur(int)+24 infiniteRecur(int)+24,11,SIGSEGV: Invalid memory reference to address Unknown Error,aarch64,return infiniteRecur(a),2021-07-25T01:39:25.826679,183
"long, int, char, int>(long (*)(char const*, char**, int), char const*, char const*, unsigned long*, int)+116 long, int, char, int>(long (*)(char const*, char**, int), char const*, char const*, unsigned long*, int)::_Save_errno::_Save_errno() LibraryProviderFrameworkImpl()+96 UserLibraryProviderInstallOperationConfig() WtpUserLibraryProviderInstallOperationConfig() LibraryProviderInstallOperationConfig() LibraryProvider() LibraryInstallDelegate() ProjectListenerRegistry() FacetedProject() FacetedProjectFrameworkImpl() NotificationManager() SafeRunner() Workspace() SaveManager() Project() CloseResourceAction() WorkspaceAction() InternalWorkspaceJob() Worker() main() __static_initialization_and_destruction_0(int, int)",6,SIGABRT: (Error Number 0),aarch64,int a = std::stoi(num),2021-07-25T01:39:30.183798,184
"LocalCDILaunchDelegate() LaunchConfiguration() DebugUIPlugin() Worker() main() __static_initialization_and_destruction_0(int, int)",6,SIGABRT: (Error Number 0),aarch64, throw new bad_alloc(),2021-07-25T01:39:34.303215,185
infiniteRecur(int)+12 infiniteRecur(int)+24 infiniteRecur(int)+24 infiniteRecur(int)+24 infiniteRecur(int)+24 infiniteRecur(int)+24 infiniteRecur(int)+24 infiniteRecur(int)+24 infiniteRecur(int)+24 infiniteRecur(int)+24 infiniteRecur(int)+24 infiniteRecur(int)+24 infiniteRecur(int)+24 infiniteRecur(int)+24 infiniteRecur(int)+24 infiniteRecur(int)+24 infiniteRecur(int)+24 infiniteRecur(int)+24 infiniteRecur(int)+24 infiniteRecur(int)+24 infiniteRecur(int)+24 infiniteRecur(int)+24 infiniteRecur(int)+24 infiniteRecur(int)+24 infiniteRecur(int)+24 infiniteRecur(int)+24 infiniteRecur(int)+24 infiniteRecur(int)+24 infiniteRecur(int)+24 infiniteRecur(int)+24 infiniteRecur(int)+24 infiniteRecur(int)+24,11,SIGSEGV: Invalid memory reference to address Unknown Error,aarch64,return infiniteRecur(a),2021-07-25T01:39:38.070529,186
infiniteRecur(int)+12 infiniteRecur(int)+24 infiniteRecur(int)+24 infiniteRecur(int)+24 infiniteRecur(int)+24 infiniteRecur(int)+24 infiniteRecur(int)+24 infiniteRecur(int)+24 infiniteRecur(int)+24 infiniteRecur(int)+24 infiniteRecur(int)+24 infiniteRecur(int)+24 infiniteRecur(int)+24 infiniteRecur(int)+24 infiniteRecur(int)+24 infiniteRecur(int)+24 infiniteRecur(int)+24 infiniteRecur(int)+24 infiniteRecur(int)+24 infiniteRecur(int)+24 infiniteRecur(int)+24 infiniteRecur(int)+24 infiniteRecur(int)+24 infiniteRecur(int)+24 infiniteRecur(int)+24 infiniteRecur(int)+24 infiniteRecur(int)+24 infiniteRecur(int)+24 infiniteRecur(int)+24 infiniteRecur(int)+24 infiniteRecur(int)+24 infiniteRecur(int)+24,11,SIGSEGV: Invalid memory reference to address Unknown Error,aarch64,return infiniteRecur(a),2021-07-25T01:39:41.855058,187
EventTable() Display() Widget() Window() ProvisioningUI() InstallNewSoftwareHandler() PreloadingRepositoryHandler() BusyIndicator() HandlerProxy() E4HandlerProxy() NativeMethodAccessorImpl() DelegatingMethodAccessorImpl() Method() MethodRequestor() InjectorImpl() ContextInjectionFactory() HandlerServiceHandler() Command() ParameterizedCommand() HandlerServiceImpl() HandledContributionItem() PartRenderingEngine() Realm() E4Workbench() Workbench() PlatformUI(),6,SIGABRT: (Error Number 0),aarch64, throw new bad_alloc(),2021-07-25T01:39:45.502580,188
infiniteRecur(int)+12 infiniteRecur(int)+24 infiniteRecur(int)+24 infiniteRecur(int)+24 infiniteRecur(int)+24 infiniteRecur(int)+24 infiniteRecur(int)+24 infiniteRecur(int)+24 infiniteRecur(int)+24 infiniteRecur(int)+24 infiniteRecur(int)+24 infiniteRecur(int)+24 infiniteRecur(int)+24 infiniteRecur(int)+24 infiniteRecur(int)+24 infiniteRecur(int)+24 infiniteRecur(int)+24 infiniteRecur(int)+24 infiniteRecur(int)+24 infiniteRecur(int)+24 infiniteRecur(int)+24 infiniteRecur(int)+24 infiniteRecur(int)+24 infiniteRecur(int)+24 infiniteRecur(int)+24 infiniteRecur(int)+24 infiniteRecur(int)+24 infiniteRecur(int)+24 infiniteRecur(int)+24 infiniteRecur(int)+24 infiniteRecur(int)+24 infiniteRecur(int)+24,11,SIGSEGV: Invalid memory reference to address Unknown Error,aarch64,return infiniteRecur(a),2021-07-25T01:39:49.775050,189
OverviewPage() WrappedViewerLabelProvider() ViewerColumn() AbstractTableViewer() StructuredViewer() SafeRunner() JFaceUtil() SafeRunnable() ContentViewer() ListEditorComposite() PomEdits() RunnableLock() Synchronizer() Display() PartRenderingEngine() Realm() E4Workbench() Workbench() PlatformUI() IDEApplication() EclipseAppHandle() EclipseAppLauncher() EclipseStarter() NativeMethodAccessorImpl() DelegatingMethodAccessorImpl() Method(),6,SIGABRT: (Error Number 0),aarch64, throw new bad_alloc(),2021-07-25T01:39:54.532378,190
"long, int, char, int>(long (*)(char const*, char**, int), char const*, char const*, unsigned long*, int)+116 long, int, char, int>(long (*)(char const*, char**, int), char const*, char const*, unsigned long*, int)::_Save_errno::_Save_errno() StandInStacktraceProvider()+96 RuntimeLog() PlatformLogWriter() ExtendedLogReaderServiceFactory() ExtendedLogServiceFactory() ExtendedLogServiceImpl() LoggerImpl() Log() WorkbenchPlugin() HandlerProxy() E4HandlerProxy() DelegatingMethodAccessorImpl() Method() MethodRequestor() InjectorImpl() ContextInjectionFactory() HandlerServiceHandler() Command() HandlerServiceImpl() MenuManagerRendererFilter() MenuManagerShowProcessor() MenuManagerEventHelper() MenuManager()",6,SIGABRT: (Error Number 0),aarch64,int a = std::stoi(num),2021-07-25T01:39:59.514493,191
"Synchronizer()+100 PartRenderingEngine() Realm() E4Workbench() Workbench() PlatformUI() IDEApplication() EclipseAppHandle() EclipseAppLauncher() EclipseStarter() NativeMethodAccessorImpl() DelegatingMethodAccessorImpl() Method() Main() main() __static_initialization_and_destruction_0(int, int)",11,SIGSEGV: Invalid memory reference to address Unknown Error,aarch64,*var2=*var1,2021-07-25T01:40:04.778705,192
"long, int, char, int>(long (*)(char const*, char**, int), char const*, char const*, unsigned long*, int)+116 long, int, char, int>(long (*)(char const*, char**, int), char const*, char const*, unsigned long*, int)::_Save_errno::_Save_errno() ListenerList()+96 SaveableCompareEditorInput() CompareEditorInput() TypedListener() EventTable() Display() Widget() Control() Composite() SWTPartRenderer() ContributedPartRenderer() PartRenderingEngine() SafeRunner() UIEventHandler() Synchronizer() UISynchronizer() E4Application() EventHandlerWrapper() EventHandlerTracker() EventManager() ListenerQueue() EventAdminImpl() EventComponent()",6,SIGABRT: (Error Number 0),aarch64,int a = std::stoi(num),2021-07-25T01:40:09.427021,193
"SynchronizableDocument() SemanticHighlightingPresenter() RunnableLock() Synchronizer() Display() PartRenderingEngine() Realm() E4Workbench() Workbench() PlatformUI() IDEApplication() EclipseAppHandle() EclipseAppLauncher() EclipseStarter() Main() main() __static_initialization_and_destruction_0(int, int)",6,SIGABRT: (Error Number 0),aarch64, throw new bad_alloc(),2021-07-25T01:40:14.376202,194
SemanticHighlightingPresenter() TextViewer() SourceViewer() ProjectionViewer() JavaSourceViewer() TypedListener() EventTable() Display() Widget() StyledText() Composite() Canvas() SWTPartRenderer() ContributedPartRenderer() PartRenderingEngine() SafeRunner() UIEventHandler() Synchronizer() UISynchronizer() E4Application() EventHandlerWrapper() EventHandlerTracker() EventManager() ListenerQueue() EventAdminImpl() EventComponent(),6,SIGABRT: (Error Number 0),aarch64, throw new bad_alloc(),2021-07-25T01:40:18.966018,195
infiniteRecur(int)+12 infiniteRecur(int)+24 infiniteRecur(int)+24 infiniteRecur(int)+24 infiniteRecur(int)+24 infiniteRecur(int)+24 infiniteRecur(int)+24 infiniteRecur(int)+24 infiniteRecur(int)+24 infiniteRecur(int)+24 infiniteRecur(int)+24 infiniteRecur(int)+24 infiniteRecur(int)+24 infiniteRecur(int)+24 infiniteRecur(int)+24 infiniteRecur(int)+24 infiniteRecur(int)+24 infiniteRecur(int)+24 infiniteRecur(int)+24 infiniteRecur(int)+24 infiniteRecur(int)+24 infiniteRecur(int)+24 infiniteRecur(int)+24 infiniteRecur(int)+24 infiniteRecur(int)+24 infiniteRecur(int)+24 infiniteRecur(int)+24 infiniteRecur(int)+24 infiniteRecur(int)+24 infiniteRecur(int)+24 infiniteRecur(int)+24 infiniteRecur(int)+24,11,SIGSEGV: Invalid memory reference to address Unknown Error,aarch64,return infiniteRecur(a),2021-07-25T01:40:23.565164,196
"EObjectAtOffsetHelper()+100 XtextHyperlinkHelper() DefaultHyperlinkDetector() XtextDocument() HyperlinkManager() TypedListener() EventTable() Display() Widget() PartRenderingEngine() Realm() E4Workbench() Workbench() PlatformUI() IDEApplication() EclipseAppHandle() EclipseAppLauncher() EclipseStarter() Main() main() __static_initialization_and_destruction_0(int, int)",11,SIGSEGV: Invalid memory reference to address Unknown Error,aarch64,*var2=*var1,2021-07-25T01:40:27.643002,197
Synchronizer()+100 Window() FilteredResourcesSelectionDialog() OpenResourceHandler() ActionDelegateHandlerProxy() E4HandlerProxy() DelegatingMethodAccessorImpl() Method() MethodRequestor() InjectorImpl() ContextInjectionFactory() HandlerServiceHandler() Command() ParameterizedCommand() HandlerServiceImpl() KeyBindingDispatcher() EventTable() Widget() Control() Composite() OS() PartRenderingEngine() Realm() E4Workbench() Workbench() PlatformUI() IDEApplication() EclipseAppHandle() EclipseAppLauncher() EclipseStarter() NativeMethodAccessorImpl() Main(),11,SIGSEGV: Invalid memory reference to address Unknown Error,aarch64,*var2=*var1,2021-07-25T01:40:32.587780,198
"JavaDebugHover()+100 JavaEditorTextHoverProxy() TextViewerHoverManager() main() __static_initialization_and_destruction_0(int, int)",11,SIGSEGV: Invalid memory reference to address Unknown Error,aarch64,*var2=*var1,2021-07-25T01:40:37.173768,199
infiniteRecur(int)+12 infiniteRecur(int)+24 infiniteRecur(int)+24 infiniteRecur(int)+24 infiniteRecur(int)+24 infiniteRecur(int)+24 infiniteRecur(int)+24 infiniteRecur(int)+24 infiniteRecur(int)+24 infiniteRecur(int)+24 infiniteRecur(int)+24 infiniteRecur(int)+24 infiniteRecur(int)+24 infiniteRecur(int)+24 infiniteRecur(int)+24 infiniteRecur(int)+24 infiniteRecur(int)+24 infiniteRecur(int)+24 infiniteRecur(int)+24 infiniteRecur(int)+24 infiniteRecur(int)+24 infiniteRecur(int)+24 infiniteRecur(int)+24 infiniteRecur(int)+24 infiniteRecur(int)+24 infiniteRecur(int)+24 infiniteRecur(int)+24 infiniteRecur(int)+24 infiniteRecur(int)+24 infiniteRecur(int)+24 infiniteRecur(int)+24 infiniteRecur(int)+24,11,SIGSEGV: Invalid memory reference to address Unknown Error,aarch64,return infiniteRecur(a),2021-07-25T01:40:41.277842,200
"Synchronizer()+100 Window() ReferenceDialog() TypedListener() EventTable() Widget() PartRenderingEngine() Realm() E4Workbench() Workbench() PlatformUI() IDEApplication() EclipseAppHandle() EclipseAppLauncher() EclipseStarter() Main() main() __static_initialization_and_destruction_0(int, int)",11,SIGSEGV: Invalid memory reference to address Unknown Error,aarch64,*var2=*var1,2021-07-25T01:40:45.440663,201
infiniteRecur(int)+12 infiniteRecur(int)+24 infiniteRecur(int)+24 infiniteRecur(int)+24 infiniteRecur(int)+24 infiniteRecur(int)+24 infiniteRecur(int)+24 infiniteRecur(int)+24 infiniteRecur(int)+24 infiniteRecur(int)+24 infiniteRecur(int)+24 infiniteRecur(int)+24 infiniteRecur(int)+24 infiniteRecur(int)+24 infiniteRecur(int)+24 infiniteRecur(int)+24 infiniteRecur(int)+24 infiniteRecur(int)+24 infiniteRecur(int)+24 infiniteRecur(int)+24 infiniteRecur(int)+24 infiniteRecur(int)+24 infiniteRecur(int)+24 infiniteRecur(int)+24 infiniteRecur(int)+24 infiniteRecur(int)+24 infiniteRecur(int)+24 infiniteRecur(int)+24 infiniteRecur(int)+24 infiniteRecur(int)+24 infiniteRecur(int)+24 infiniteRecur(int)+24,11,SIGSEGV: Invalid memory reference to address Unknown Error,aarch64,return infiniteRecur(a),2021-07-25T01:40:49.812547,202
"PacketReceiveManager()+100 VirtualMachineImpl() JDIDebugTarget() JavaHotCodeReplaceManager() DebugPlugin() SafeRunner() Worker() main() __static_initialization_and_destruction_0(int, int)",11,SIGSEGV: Invalid memory reference to address Unknown Error,aarch64,*var2=*var1,2021-07-25T01:40:53.873195,203
infiniteRecur(int)+12 infiniteRecur(int)+24 infiniteRecur(int)+24 infiniteRecur(int)+24 infiniteRecur(int)+24 infiniteRecur(int)+24 infiniteRecur(int)+24 infiniteRecur(int)+24 infiniteRecur(int)+24 infiniteRecur(int)+24 infiniteRecur(int)+24 infiniteRecur(int)+24 infiniteRecur(int)+24 infiniteRecur(int)+24 infiniteRecur(int)+24 infiniteRecur(int)+24 infiniteRecur(int)+24 infiniteRecur(int)+24 infiniteRecur(int)+24 infiniteRecur(int)+24 infiniteRecur(int)+24 infiniteRecur(int)+24 infiniteRecur(int)+24 infiniteRecur(int)+24 infiniteRecur(int)+24 infiniteRecur(int)+24 infiniteRecur(int)+24 infiniteRecur(int)+24 infiniteRecur(int)+24 infiniteRecur(int)+24 infiniteRecur(int)+24 infiniteRecur(int)+24,11,SIGSEGV: Invalid memory reference to address Unknown Error,aarch64,return infiniteRecur(a),2021-07-25T01:40:58.248999,204
infiniteRecur(int)+12 infiniteRecur(int)+24 infiniteRecur(int)+24 infiniteRecur(int)+24 infiniteRecur(int)+24 infiniteRecur(int)+24 infiniteRecur(int)+24 infiniteRecur(int)+24 infiniteRecur(int)+24 infiniteRecur(int)+24 infiniteRecur(int)+24 infiniteRecur(int)+24 infiniteRecur(int)+24 infiniteRecur(int)+24 infiniteRecur(int)+24 infiniteRecur(int)+24 infiniteRecur(int)+24 infiniteRecur(int)+24 infiniteRecur(int)+24 infiniteRecur(int)+24 infiniteRecur(int)+24 infiniteRecur(int)+24 infiniteRecur(int)+24 infiniteRecur(int)+24 infiniteRecur(int)+24 infiniteRecur(int)+24 infiniteRecur(int)+24 infiniteRecur(int)+24 infiniteRecur(int)+24 infiniteRecur(int)+24 infiniteRecur(int)+24 infiniteRecur(int)+24,11,SIGSEGV: Invalid memory reference to address Unknown Error,aarch64,return infiniteRecur(a),2021-07-25T01:41:03.002671,205
"StringTokenizer()+100 ReleaseManager() VersionBuilder() BuildManager() SafeRunner() AutoBuildJob() Worker() main() __static_initialization_and_destruction_0(int, int)",11,SIGSEGV: Invalid memory reference to address Unknown Error,aarch64,*var2=*var1,2021-07-25T01:41:07.329180,206
"long, int, char, int>(long (*)(char const*, char**, int), char const*, char const*, unsigned long*, int)+116 long, int, char, int>(long (*)(char const*, char**, int), char const*, char const*, unsigned long*, int)::_Save_errno::_Save_errno() ManagedBuilderCorePlugin()+96 ConfigurationDataProvider() CConfigurationDescriptionCache() CProjectDescription() XmlProjectDescriptionStorage() CProjectDescriptionManager() CCorePlugin() LanguageSettingsProvidersSerializer() LanguageSettingsManager() LanguageSettingsSerializableProvider() AbstractBuiltinSpecsDetector() InternalWorkspaceJob() Worker() main() __static_initialization_and_destruction_0(int, int)",6,SIGABRT: (Error Number 0),aarch64,int a = std::stoi(num),2021-07-25T01:41:11.495481,207
infiniteRecur(int)+12 infiniteRecur(int)+24 infiniteRecur(int)+24 infiniteRecur(int)+24 infiniteRecur(int)+24 infiniteRecur(int)+24 infiniteRecur(int)+24 infiniteRecur(int)+24 infiniteRecur(int)+24 infiniteRecur(int)+24 infiniteRecur(int)+24 infiniteRecur(int)+24 infiniteRecur(int)+24 infiniteRecur(int)+24 infiniteRecur(int)+24 infiniteRecur(int)+24 infiniteRecur(int)+24 infiniteRecur(int)+24 infiniteRecur(int)+24 infiniteRecur(int)+24 infiniteRecur(int)+24 infiniteRecur(int)+24 infiniteRecur(int)+24 infiniteRecur(int)+24 infiniteRecur(int)+24 infiniteRecur(int)+24 infiniteRecur(int)+24 infiniteRecur(int)+24 infiniteRecur(int)+24 infiniteRecur(int)+24 infiniteRecur(int)+24 infiniteRecur(int)+24,11,SIGSEGV: Invalid memory reference to address Unknown Error,aarch64,return infiniteRecur(a),2021-07-25T01:41:15.697525,208
"Synchronizer()+100 PartRenderingEngine() Realm() E4Workbench() Workbench() PlatformUI() IDEApplication() EclipseAppHandle() EclipseAppLauncher() EclipseStarter() NativeMethodAccessorImpl() DelegatingMethodAccessorImpl() Method() Main() main() __static_initialization_and_destruction_0(int, int)",11,SIGSEGV: Invalid memory reference to address Unknown Error,aarch64,*var2=*var1,2021-07-25T01:41:20.233829,209
"SourceTypeBinding()+100 TypeBinding() Bindings() OverrideIndicatorManager() MethodDeclaration() ASTNode() TypeDeclaration() CompilationUnit() CompilationUnitEditor() JavaReconcilingStrategy() JavaCompositeReconcilingStrategy() MonoReconciler() AbstractReconciler() main() __static_initialization_and_destruction_0(int, int)",11,SIGSEGV: Invalid memory reference to address Unknown Error,aarch64,*var2=*var1,2021-07-25T01:41:24.316230,210
infiniteRecur(int)+12 infiniteRecur(int)+24 infiniteRecur(int)+24 infiniteRecur(int)+24 infiniteRecur(int)+24 infiniteRecur(int)+24 infiniteRecur(int)+24 infiniteRecur(int)+24 infiniteRecur(int)+24 infiniteRecur(int)+24 infiniteRecur(int)+24 infiniteRecur(int)+24 infiniteRecur(int)+24 infiniteRecur(int)+24 infiniteRecur(int)+24 infiniteRecur(int)+24 infiniteRecur(int)+24 infiniteRecur(int)+24 infiniteRecur(int)+24 infiniteRecur(int)+24 infiniteRecur(int)+24 infiniteRecur(int)+24 infiniteRecur(int)+24 infiniteRecur(int)+24 infiniteRecur(int)+24 infiniteRecur(int)+24 infiniteRecur(int)+24 infiniteRecur(int)+24 infiniteRecur(int)+24 infiniteRecur(int)+24 infiniteRecur(int)+24 infiniteRecur(int)+24,11,SIGSEGV: Invalid memory reference to address Unknown Error,aarch64,return infiniteRecur(a),2021-07-25T01:41:28.609538,211
"Synchronizer()+100 PartRenderingEngine() Realm() E4Workbench() Workbench() PlatformUI() IDEApplication() EclipseAppHandle() EclipseAppLauncher() EclipseStarter() NativeMethodAccessorImpl() DelegatingMethodAccessorImpl() Method() Main() main() __static_initialization_and_destruction_0(int, int)",11,SIGSEGV: Invalid memory reference to address Unknown Error,aarch64,*var2=*var1,2021-07-25T01:41:33.186197,212
"BuildPathManager()+100 MavenExecutionContext() MavenImpl() Worker() main() __static_initialization_and_destruction_0(int, int)",11,SIGSEGV: Invalid memory reference to address Unknown Error,aarch64,*var2=*var1,2021-07-25T01:41:37.779559,213
"long, int, char, int>(long (*)(char const*, char**, int), char const*, char const*, unsigned long*, int)+116 long, int, char, int>(long (*)(char const*, char**, int), char const*, char const*, unsigned long*, int)::_Save_errno::_Save_errno() PHPUiPlugin()+96 PHPCoreOptionsConfigurationBlock() CodeFormatterConfigurationBlock() PHPFormatterConfigurationWrapper() PHPFormatterConfigurationWrapperProxy() PHPFormatterPreferencePage() PreferenceDialog() SafeRunner() JFaceUtil() SafeRunnable() FilteredPreferenceDialog() BusyIndicator() StructuredViewer() OpenStrategy() RunnableLock() Synchronizer() Display() OS() Widget() Tree() Control() Shell() NSApplication()",6,SIGABRT: (Error Number 0),aarch64,int a = std::stoi(num),2021-07-25T01:41:42.606481,214
infiniteRecur(int)+12 infiniteRecur(int)+24 infiniteRecur(int)+24 infiniteRecur(int)+24 infiniteRecur(int)+24 infiniteRecur(int)+24 infiniteRecur(int)+24 infiniteRecur(int)+24 infiniteRecur(int)+24 infiniteRecur(int)+24 infiniteRecur(int)+24 infiniteRecur(int)+24 infiniteRecur(int)+24 infiniteRecur(int)+24 infiniteRecur(int)+24 infiniteRecur(int)+24 infiniteRecur(int)+24 infiniteRecur(int)+24 infiniteRecur(int)+24 infiniteRecur(int)+24 infiniteRecur(int)+24 infiniteRecur(int)+24 infiniteRecur(int)+24 infiniteRecur(int)+24 infiniteRecur(int)+24 infiniteRecur(int)+24 infiniteRecur(int)+24 infiniteRecur(int)+24 infiniteRecur(int)+24 infiniteRecur(int)+24 infiniteRecur(int)+24 infiniteRecur(int)+24,11,SIGSEGV: Invalid memory reference to address Unknown Error,aarch64,return infiniteRecur(a),2021-07-25T01:41:47.991434,215
"StandardVMRunner() AbstractVMInstall() ExecutionEnvironmentAnalyzer() Analyzer() EnvironmentsManager() JavaRuntime() VMStandin() JRETaskImpl() SetupTaskPerformer() Workspace() ProgressPage() Worker() main() __static_initialization_and_destruction_0(int, int)",6,SIGABRT: (Error Number 0),aarch64, throw new bad_alloc(),2021-07-25T01:41:52.973896,216
infiniteRecur(int)+12 infiniteRecur(int)+24 infiniteRecur(int)+24 infiniteRecur(int)+24 infiniteRecur(int)+24 infiniteRecur(int)+24 infiniteRecur(int)+24 infiniteRecur(int)+24 infiniteRecur(int)+24 infiniteRecur(int)+24 infiniteRecur(int)+24 infiniteRecur(int)+24 infiniteRecur(int)+24 infiniteRecur(int)+24 infiniteRecur(int)+24 infiniteRecur(int)+24 infiniteRecur(int)+24 infiniteRecur(int)+24 infiniteRecur(int)+24 infiniteRecur(int)+24 infiniteRecur(int)+24 infiniteRecur(int)+24 infiniteRecur(int)+24 infiniteRecur(int)+24 infiniteRecur(int)+24 infiniteRecur(int)+24 infiniteRecur(int)+24 infiniteRecur(int)+24 infiniteRecur(int)+24 infiniteRecur(int)+24 infiniteRecur(int)+24 infiniteRecur(int)+24,11,SIGSEGV: Invalid memory reference to address Unknown Error,aarch64,return infiniteRecur(a),2021-07-25T01:41:58.440749,217
infiniteRecur(int)+12 infiniteRecur(int)+24 infiniteRecur(int)+24 infiniteRecur(int)+24 infiniteRecur(int)+24 infiniteRecur(int)+24 infiniteRecur(int)+24 infiniteRecur(int)+24 infiniteRecur(int)+24 infiniteRecur(int)+24 infiniteRecur(int)+24 infiniteRecur(int)+24 infiniteRecur(int)+24 infiniteRecur(int)+24 infiniteRecur(int)+24 infiniteRecur(int)+24 infiniteRecur(int)+24 infiniteRecur(int)+24 infiniteRecur(int)+24 infiniteRecur(int)+24 infiniteRecur(int)+24 infiniteRecur(int)+24 infiniteRecur(int)+24 infiniteRecur(int)+24 infiniteRecur(int)+24 infiniteRecur(int)+24 infiniteRecur(int)+24 infiniteRecur(int)+24 infiniteRecur(int)+24 infiniteRecur(int)+24 infiniteRecur(int)+24 infiniteRecur(int)+24,11,SIGSEGV: Invalid memory reference to address Unknown Error,aarch64,return infiniteRecur(a),2021-07-25T01:42:03.163129,218
infiniteRecur(int)+12 infiniteRecur(int)+24 infiniteRecur(int)+24 infiniteRecur(int)+24 infiniteRecur(int)+24 infiniteRecur(int)+24 infiniteRecur(int)+24 infiniteRecur(int)+24 infiniteRecur(int)+24 infiniteRecur(int)+24 infiniteRecur(int)+24 infiniteRecur(int)+24 infiniteRecur(int)+24 infiniteRecur(int)+24 infiniteRecur(int)+24 infiniteRecur(int)+24 infiniteRecur(int)+24 infiniteRecur(int)+24 infiniteRecur(int)+24 infiniteRecur(int)+24 infiniteRecur(int)+24 infiniteRecur(int)+24 infiniteRecur(int)+24 infiniteRecur(int)+24 infiniteRecur(int)+24 infiniteRecur(int)+24 infiniteRecur(int)+24 infiniteRecur(int)+24 infiniteRecur(int)+24 infiniteRecur(int)+24 infiniteRecur(int)+24 infiniteRecur(int)+24,11,SIGSEGV: Invalid memory reference to address Unknown Error,aarch64,return infiniteRecur(a),2021-07-25T01:42:07.470759,219
"Synchronizer()+100 PartRenderingEngine() Realm() E4Workbench() Workbench() PlatformUI() IDEApplication() EclipseAppHandle() EclipseAppLauncher() EclipseStarter() NativeMethodAccessorImpl() DelegatingMethodAccessorImpl() Method() Main() main() __static_initialization_and_destruction_0(int, int)",11,SIGSEGV: Invalid memory reference to address Unknown Error,aarch64,*var2=*var1,2021-07-25T01:42:11.729738,220
"Synchronizer()+100 PartRenderingEngine() Realm() E4Workbench() Workbench() PlatformUI() IDEApplication() EclipseAppHandle() EclipseAppLauncher() EclipseStarter() NativeMethodAccessorImpl() DelegatingMethodAccessorImpl() Method() Main() main() __static_initialization_and_destruction_0(int, int)",11,SIGSEGV: Invalid memory reference to address Unknown Error,aarch64,*var2=*var1,2021-07-25T01:42:16.395931,221
"ExternalPackageFragmentRoot()+100 LRUCache() JavaModelCache() JavaModelManager() JavaElement() ClasspathChange() DeltaProcessor() DeltaProcessingState() NotificationManager() SafeRunner() Workspace() Resource() ConnectProviderOperation() JobUtil() Worker() main() __static_initialization_and_destruction_0(int, int)",11,SIGSEGV: Invalid memory reference to address Unknown Error,aarch64,*var2=*var1,2021-07-25T01:42:20.726051,222
PartService() SafeRunner() WorkbenchPage() CompatibilityPart() UIEventHandler() Synchronizer() UISynchronizer() Display() E4Application() EventHandlerWrapper() EventHandlerTracker() EventManager() ListenerQueue() EventAdminImpl() EventComponent() EventBroker() UIEventPublisher() BasicNotifierImpl() UIElementImpl() SWTPartRenderer() ContributedPartRenderer() PartRenderingEngine() PartServiceImpl() StackRenderer() CTabFolder() EventTable(),6,SIGABRT: (Error Number 0),aarch64, throw new bad_alloc(),2021-07-25T01:42:24.678450,223
PartService() SafeRunner() WorkbenchPage() CompatibilityPart() UIEventHandler() Synchronizer() UISynchronizer() Display() E4Application() EventHandlerWrapper() EventHandlerTracker() EventManager() ListenerQueue() EventAdminImpl() EventComponent() EventBroker() UIEventPublisher() BasicNotifierImpl() UIElementImpl() SWTPartRenderer() ContributedPartRenderer() PartRenderingEngine() PartServiceImpl() StackRenderer() CTabFolder() EventTable(),6,SIGABRT: (Error Number 0),aarch64, throw new bad_alloc(),2021-07-25T01:42:28.806466,224
infiniteRecur(int)+12 infiniteRecur(int)+24 infiniteRecur(int)+24 infiniteRecur(int)+24 infiniteRecur(int)+24 infiniteRecur(int)+24 infiniteRecur(int)+24 infiniteRecur(int)+24 infiniteRecur(int)+24 infiniteRecur(int)+24 infiniteRecur(int)+24 infiniteRecur(int)+24 infiniteRecur(int)+24 infiniteRecur(int)+24 infiniteRecur(int)+24 infiniteRecur(int)+24 infiniteRecur(int)+24 infiniteRecur(int)+24 infiniteRecur(int)+24 infiniteRecur(int)+24 infiniteRecur(int)+24 infiniteRecur(int)+24 infiniteRecur(int)+24 infiniteRecur(int)+24 infiniteRecur(int)+24 infiniteRecur(int)+24 infiniteRecur(int)+24 infiniteRecur(int)+24 infiniteRecur(int)+24 infiniteRecur(int)+24 infiniteRecur(int)+24 infiniteRecur(int)+24,11,SIGSEGV: Invalid memory reference to address Unknown Error,aarch64,return infiniteRecur(a),2021-07-25T01:42:32.900162,225
FormEditor() TargetEditor() CompatibilityPart() MethodRequestor() InjectorImpl() ContextInjectionFactory() ReflectionContributionFactory() ContributedPartRenderer() PartRenderingEngine() SafeRunner() StackRenderer() LazyStackRenderer() UIEventHandler() Synchronizer() UISynchronizer() Display() E4Application() EventHandlerWrapper() EventHandlerTracker() EventManager() ListenerQueue() EventAdminImpl() EventComponent() EventBroker() UIEventPublisher() BasicNotifierImpl(),6,SIGABRT: (Error Number 0),aarch64, throw new bad_alloc(),2021-07-25T01:42:37.728465,226
infiniteRecur(int)+12 infiniteRecur(int)+24 infiniteRecur(int)+24 infiniteRecur(int)+24 infiniteRecur(int)+24 infiniteRecur(int)+24 infiniteRecur(int)+24 infiniteRecur(int)+24 infiniteRecur(int)+24 infiniteRecur(int)+24 infiniteRecur(int)+24 infiniteRecur(int)+24 infiniteRecur(int)+24 infiniteRecur(int)+24 infiniteRecur(int)+24 infiniteRecur(int)+24 infiniteRecur(int)+24 infiniteRecur(int)+24 infiniteRecur(int)+24 infiniteRecur(int)+24 infiniteRecur(int)+24 infiniteRecur(int)+24 infiniteRecur(int)+24 infiniteRecur(int)+24 infiniteRecur(int)+24 infiniteRecur(int)+24 infiniteRecur(int)+24 infiniteRecur(int)+24 infiniteRecur(int)+24 infiniteRecur(int)+24 infiniteRecur(int)+24 infiniteRecur(int)+24,11,SIGSEGV: Invalid memory reference to address Unknown Error,aarch64,return infiniteRecur(a),2021-07-25T01:42:42.231123,227
"CTabFolder()+100 Display() Widget() PartRenderingEngine() Realm() E4Workbench() Workbench() PlatformUI() IDEApplication() EclipseAppHandle() EclipseAppLauncher() EclipseStarter() Main() main() __static_initialization_and_destruction_0(int, int)",11,SIGSEGV: Invalid memory reference to address Unknown Error,aarch64,*var2=*var1,2021-07-25T01:42:47.473385,228
"RenameBranchOperation()+100 BranchRenameDialog() Dialog() TypedListener() EventTable() Display() Widget() Window() RenameBranchCommand() HandlerProxy() E4HandlerProxy() MethodRequestor() InjectorImpl() ContextInjectionFactory() HandlerServiceHandler() Command() ParameterizedCommand() HandlerServiceImpl() HandledContributionItem() PartRenderingEngine() Realm() E4Workbench() Workbench() PlatformUI() IDEApplication() EclipseAppHandle() EclipseAppLauncher() EclipseStarter() Main() main() __static_initialization_and_destruction_0(int, int)",11,SIGSEGV: Invalid memory reference to address Unknown Error,aarch64,*var2=*var1,2021-07-25T01:42:52.308361,229
CompositeChange() UndoableOperation2ChangeAdapter() Workspace() TriggeredOperations() DefaultOperationHistory() UndoActionHandler() OperationHistoryActionHandler() ModalContext() ProgressMonitorDialog() TimeTriggeredProgressMonitorDialog() BusyIndicator() Action() ActionHandler() E4HandlerProxy() NativeMethodAccessorImpl() DelegatingMethodAccessorImpl() Method() MethodRequestor() InjectorImpl() ContextInjectionFactory() HandlerServiceHandler() Command() ParameterizedCommand() HandlerServiceImpl() KeyBindingDispatcher() EventTable(),6,SIGABRT: (Error Number 0),aarch64, throw new bad_alloc(),2021-07-25T01:42:57.793022,230
"long, int, char, int>(long (*)(char const*, char**, int), char const*, char const*, unsigned long*, int)+116 long, int, char, int>(long (*)(char const*, char**, int), char const*, char const*, unsigned long*, int)::_Save_errno::_Save_errno() WorkbenchPlugin()+96 Action() ActionHandler() E4HandlerProxy() NativeMethodAccessorImpl() DelegatingMethodAccessorImpl() Method() MethodRequestor() InjectorImpl() ContextInjectionFactory() HandlerServiceHandler() Command() ParameterizedCommand() HandlerServiceImpl() KeyBindingDispatcher() EventTable() Display() Widget() Tree() Control() Composite() OS() Shell()",6,SIGABRT: (Error Number 0),aarch64,int a = std::stoi(num),2021-07-25T01:43:02.631481,231
"long, int, char, int>(long (*)(char const*, char**, int), char const*, char const*, unsigned long*, int)+116 long, int, char, int>(long (*)(char const*, char**, int), char const*, char const*, unsigned long*, int)::_Save_errno::_Save_errno() SimpleProfileRegistry()+96 ProvElementContentProvider() Worker() main() __static_initialization_and_destruction_0(int, int)",6,SIGABRT: (Error Number 0),aarch64,int a = std::stoi(num),2021-07-25T01:43:08.622519,232
infiniteRecur(int)+12 infiniteRecur(int)+24 infiniteRecur(int)+24 infiniteRecur(int)+24 infiniteRecur(int)+24 infiniteRecur(int)+24 infiniteRecur(int)+24 infiniteRecur(int)+24 infiniteRecur(int)+24 infiniteRecur(int)+24 infiniteRecur(int)+24 infiniteRecur(int)+24 infiniteRecur(int)+24 infiniteRecur(int)+24 infiniteRecur(int)+24 infiniteRecur(int)+24 infiniteRecur(int)+24 infiniteRecur(int)+24 infiniteRecur(int)+24 infiniteRecur(int)+24 infiniteRecur(int)+24 infiniteRecur(int)+24 infiniteRecur(int)+24 infiniteRecur(int)+24 infiniteRecur(int)+24 infiniteRecur(int)+24 infiniteRecur(int)+24 infiniteRecur(int)+24 infiniteRecur(int)+24 infiniteRecur(int)+24 infiniteRecur(int)+24 infiniteRecur(int)+24,11,SIGSEGV: Invalid memory reference to address Unknown Error,aarch64,return infiniteRecur(a),2021-07-25T01:43:14.977154,233
infiniteRecur(int)+12 infiniteRecur(int)+24 infiniteRecur(int)+24 infiniteRecur(int)+24 infiniteRecur(int)+24 infiniteRecur(int)+24 infiniteRecur(int)+24 infiniteRecur(int)+24 infiniteRecur(int)+24 infiniteRecur(int)+24 infiniteRecur(int)+24 infiniteRecur(int)+24 infiniteRecur(int)+24 infiniteRecur(int)+24 infiniteRecur(int)+24 infiniteRecur(int)+24 infiniteRecur(int)+24 infiniteRecur(int)+24 infiniteRecur(int)+24 infiniteRecur(int)+24 infiniteRecur(int)+24 infiniteRecur(int)+24 infiniteRecur(int)+24 infiniteRecur(int)+24 infiniteRecur(int)+24 infiniteRecur(int)+24 infiniteRecur(int)+24 infiniteRecur(int)+24 infiniteRecur(int)+24 infiniteRecur(int)+24 infiniteRecur(int)+24 infiniteRecur(int)+24,11,SIGSEGV: Invalid memory reference to address Unknown Error,aarch64,return infiniteRecur(a),2021-07-25T01:43:20.547676,234
infiniteRecur(int)+12 infiniteRecur(int)+24 infiniteRecur(int)+24 infiniteRecur(int)+24 infiniteRecur(int)+24 infiniteRecur(int)+24 infiniteRecur(int)+24 infiniteRecur(int)+24 infiniteRecur(int)+24 infiniteRecur(int)+24 infiniteRecur(int)+24 infiniteRecur(int)+24 infiniteRecur(int)+24 infiniteRecur(int)+24 infiniteRecur(int)+24 infiniteRecur(int)+24 infiniteRecur(int)+24 infiniteRecur(int)+24 infiniteRecur(int)+24 infiniteRecur(int)+24 infiniteRecur(int)+24 infiniteRecur(int)+24 infiniteRecur(int)+24 infiniteRecur(int)+24 infiniteRecur(int)+24 infiniteRecur(int)+24 infiniteRecur(int)+24 infiniteRecur(int)+24 infiniteRecur(int)+24 infiniteRecur(int)+24 infiniteRecur(int)+24 infiniteRecur(int)+24,11,SIGSEGV: Invalid memory reference to address Unknown Error,aarch64,return infiniteRecur(a),2021-07-25T01:43:27.729348,235
"long, int, char, int>(long (*)(char const*, char**, int), char const*, char const*, unsigned long*, int)+116 long, int, char, int>(long (*)(char const*, char**, int), char const*, char const*, unsigned long*, int)::_Save_errno::_Save_errno() JavaElement()+96 JavaProject() SearchableEnvironment() CompilationUnit() CompletionContextFunctions() RecommendersCompletionContext() IntelligentCompletionProposalComputer() CompletionProposalComputerDescriptor() CompletionProposalCategory() ContentAssistProcessor() ContentAssistant() CompletionProposalPopup() BusyIndicator() RunnableLock() Synchronizer() Display() PartRenderingEngine() Realm() E4Workbench() Workbench() PlatformUI() IDEApplication() EclipseAppHandle()",6,SIGABRT: (Error Number 0),aarch64,int a = std::stoi(num),2021-07-25T01:43:33.205375,236
FormEditor() MavenPomEditor() MultiPageEditorPart() CompatibilityPart() CompatibilityEditor() DelegatingMethodAccessorImpl() Method() MethodRequestor() InjectorImpl() ContextInjectionFactory() ReflectionContributionFactory() ContributedPartRenderer() PartRenderingEngine() SafeRunner() StackRenderer() LazyStackRenderer() UIEventHandler() Synchronizer() UISynchronizer() Display() E4Application() EventHandlerWrapper() EventHandlerTracker() EventManager() ListenerQueue() EventAdminImpl(),6,SIGABRT: (Error Number 0),aarch64, throw new bad_alloc(),2021-07-25T01:43:39.045081,237
GerritConfigurationPage() TypedListener() EventTable() Display() Widget() Window() ConfigureGerritRemoteCommand() HandlerProxy() E4HandlerProxy() DelegatingMethodAccessorImpl() Method() MethodRequestor() InjectorImpl() ContextInjectionFactory() HandlerServiceHandler() Command() ParameterizedCommand() HandlerServiceImpl() HandledContributionItem() PartRenderingEngine() Realm() E4Workbench() Workbench() PlatformUI() IDEApplication() EclipseAppHandle(),6,SIGABRT: (Error Number 0),aarch64, throw new bad_alloc(),2021-07-25T01:43:47.477649,238
"PackageFragmentRoot()+100 BinaryType() JavadocContentAccess2() JavadocHover() BestMatchHover() JavaEditorTextHoverProxy() TextViewerHoverManager() main() __static_initialization_and_destruction_0(int, int)",11,SIGSEGV: Invalid memory reference to address Unknown Error,aarch64,*var2=*var1,2021-07-25T01:43:52.462732,239
"JavadocContents()+100 JavadocContentAccess2() JavadocHover() BestMatchHover() JavaEditorTextHoverProxy() TextViewerHoverManager() main() __static_initialization_and_destruction_0(int, int)",11,SIGSEGV: Invalid memory reference to address Unknown Error,aarch64,*var2=*var1,2021-07-25T01:43:57.636792,240
"long, int, char, int>(long (*)(char const*, char**, int), char const*, char const*, unsigned long*, int)+116 long, int, char, int>(long (*)(char const*, char**, int), char const*, char const*, unsigned long*, int)::_Save_errno::_Save_errno() LinkedModeModel()+96 LinkedCorrectionProposal() CUCorrectionProposal() AbstractAnnotationHover() TypedListener() EventTable() Display() Widget() Link() Control() Composite() OS() PartRenderingEngine() Realm() E4Workbench() Workbench() PlatformUI() IDEApplication() EclipseAppHandle() EclipseAppLauncher() EclipseStarter() Main() main()",6,SIGABRT: (Error Number 0),aarch64,int a = std::stoi(num),2021-07-25T01:44:03.475461,241
"FacetUiPlugin()+100 PreferenceDialog() SafeRunner() JFaceUtil() SafeRunnable() FilteredPreferenceDialog() Dialog() TypedListener() EventTable() Display() Widget() Window() PropertyDialogAction() Action() ActionContributionItem() PartRenderingEngine() Realm() E4Workbench() Workbench() PlatformUI() IDEApplication() EclipseAppHandle() EclipseAppLauncher() EclipseStarter() Main() main() __static_initialization_and_destruction_0(int, int)",11,SIGSEGV: Invalid memory reference to address Unknown Error,aarch64,*var2=*var1,2021-07-25T01:44:10.428423,242
"long, int, char, int>(long (*)(char const*, char**, int), char const*, char const*, unsigned long*, int)+116 long, int, char, int>(long (*)(char const*, char**, int), char const*, char const*, unsigned long*, int)::_Save_errno::_Save_errno() BundleUtility()+96 LightweightDecoratorDefinition() SafeRunner() Platform() LightweightDecoratorManager() DecorationScheduler() Worker() main() __static_initialization_and_destruction_0(int, int)",6,SIGABRT: (Error Number 0),aarch64,int a = std::stoi(num),2021-07-25T01:44:15.050221,243
"long, int, char, int>(long (*)(char const*, char**, int), char const*, char const*, unsigned long*, int)+116 long, int, char, int>(long (*)(char const*, char**, int), char const*, char const*, unsigned long*, int)::_Save_errno::_Save_errno() RegistryObjectManager()+96 DecoratorDefinition() LightweightDecoratorManager() SafeRunner() DecorationScheduler() Worker() main() __static_initialization_and_destruction_0(int, int)",6,SIGABRT: (Error Number 0),aarch64,int a = std::stoi(num),2021-07-25T01:44:20.416136,244
infiniteRecur(int)+12 infiniteRecur(int)+24 infiniteRecur(int)+24 infiniteRecur(int)+24 infiniteRecur(int)+24 infiniteRecur(int)+24 infiniteRecur(int)+24 infiniteRecur(int)+24 infiniteRecur(int)+24 infiniteRecur(int)+24 infiniteRecur(int)+24 infiniteRecur(int)+24 infiniteRecur(int)+24 infiniteRecur(int)+24 infiniteRecur(int)+24 infiniteRecur(int)+24 infiniteRecur(int)+24 infiniteRecur(int)+24 infiniteRecur(int)+24 infiniteRecur(int)+24 infiniteRecur(int)+24 infiniteRecur(int)+24 infiniteRecur(int)+24 infiniteRecur(int)+24 infiniteRecur(int)+24 infiniteRecur(int)+24 infiniteRecur(int)+24 infiniteRecur(int)+24 infiniteRecur(int)+24 infiniteRecur(int)+24 infiniteRecur(int)+24 infiniteRecur(int)+24,11,SIGSEGV: Invalid memory reference to address Unknown Error,aarch64,return infiniteRecur(a),2021-07-25T01:44:25.400179,245
"long, int, char, int>(long (*)(char const*, char**, int), char const*, char const*, unsigned long*, int)+116 long, int, char, int>(long (*)(char const*, char**, int), char const*, char const*, unsigned long*, int)::_Save_errno::_Save_errno() DND()+96 MarketplaceDropAdapter() UIJob() RunnableLock() Synchronizer() Display() Window() LogListener() PartRenderingEngine() Realm() E4Workbench() Workbench() PlatformUI() IDEApplication() EclipseAppHandle() EclipseAppLauncher() EclipseStarter() Main() main() __static_initialization_and_destruction_0(int, int)",6,SIGABRT: (Error Number 0),aarch64,int a = std::stoi(num),2021-07-25T01:44:30.429146,246
"long, int, char, int>(long (*)(char const*, char**, int), char const*, char const*, unsigned long*, int)+116 long, int, char, int>(long (*)(char const*, char**, int), char const*, char const*, unsigned long*, int)::_Save_errno::_Save_errno() EclipseLogFactory()+96 UpdateChecker() main() __static_initialization_and_destruction_0(int, int)",6,SIGABRT: (Error Number 0),aarch64,int a = std::stoi(num),2021-07-25T01:44:36.357041,247
infiniteRecur(int)+12 infiniteRecur(int)+24 infiniteRecur(int)+24 infiniteRecur(int)+24 infiniteRecur(int)+24 infiniteRecur(int)+24 infiniteRecur(int)+24 infiniteRecur(int)+24 infiniteRecur(int)+24 infiniteRecur(int)+24 infiniteRecur(int)+24 infiniteRecur(int)+24 infiniteRecur(int)+24 infiniteRecur(int)+24 infiniteRecur(int)+24 infiniteRecur(int)+24 infiniteRecur(int)+24 infiniteRecur(int)+24 infiniteRecur(int)+24 infiniteRecur(int)+24 infiniteRecur(int)+24 infiniteRecur(int)+24 infiniteRecur(int)+24 infiniteRecur(int)+24 infiniteRecur(int)+24 infiniteRecur(int)+24 infiniteRecur(int)+24 infiniteRecur(int)+24 infiniteRecur(int)+24 infiniteRecur(int)+24 infiniteRecur(int)+24 infiniteRecur(int)+24,11,SIGSEGV: Invalid memory reference to address Unknown Error,aarch64,return infiniteRecur(a),2021-07-25T01:44:42.612011,248
"Util()+100 ApiFilterStore() BaseApiAnalyzer() ApiAnalysisBuilder() BuildManager() SafeRunner() AutoBuildJob() Worker() main() __static_initialization_and_destruction_0(int, int)",11,SIGSEGV: Invalid memory reference to address Unknown Error,aarch64,*var2=*var1,2021-07-25T01:44:49.404873,249
EContentsEList() AbstractTreeIterator() ItemPropertyDescriptor() EReferenceItemProvider() EOppositePropertySection() AbstractChooserPropertySection() TabContents() SafeRunner() JFaceUtil() SafeRunnable() TabbedPropertySheetPage() Viewer() StructuredViewer() OpenStrategy() EventTable() Display() Widget() TabbedPropertyList() TypedListener() PartRenderingEngine() Realm() E4Workbench() Workbench() PlatformUI() IDEApplication() EclipseAppHandle(),6,SIGABRT: (Error Number 0),aarch64, throw new bad_alloc(),2021-07-25T01:44:54.874401,250
"Synchronizer()+100 Window() MarketplaceWizardCommand() HandlerProxy() E4HandlerProxy() NativeMethodAccessorImpl() DelegatingMethodAccessorImpl() Method() MethodRequestor() InjectorImpl() ContextInjectionFactory() HandlerServiceHandler() Command() ParameterizedCommand() HandlerServiceImpl() HandledContributionItem() EventTable() Widget() PartRenderingEngine() Realm() E4Workbench() Workbench() PlatformUI() IDEApplication() EclipseAppHandle() EclipseAppLauncher() EclipseStarter() Main() main() __static_initialization_and_destruction_0(int, int)",11,SIGSEGV: Invalid memory reference to address Unknown Error,aarch64,*var2=*var1,2021-07-25T01:45:00.590937,251
infiniteRecur(int)+12 infiniteRecur(int)+24 infiniteRecur(int)+24 infiniteRecur(int)+24 infiniteRecur(int)+24 infiniteRecur(int)+24 infiniteRecur(int)+24 infiniteRecur(int)+24 infiniteRecur(int)+24 infiniteRecur(int)+24 infiniteRecur(int)+24 infiniteRecur(int)+24 infiniteRecur(int)+24 infiniteRecur(int)+24 infiniteRecur(int)+24 infiniteRecur(int)+24 infiniteRecur(int)+24 infiniteRecur(int)+24 infiniteRecur(int)+24 infiniteRecur(int)+24 infiniteRecur(int)+24 infiniteRecur(int)+24 infiniteRecur(int)+24 infiniteRecur(int)+24 infiniteRecur(int)+24 infiniteRecur(int)+24 infiniteRecur(int)+24 infiniteRecur(int)+24 infiniteRecur(int)+24 infiniteRecur(int)+24 infiniteRecur(int)+24 infiniteRecur(int)+24,11,SIGSEGV: Invalid memory reference to address Unknown Error,aarch64,return infiniteRecur(a),2021-07-25T01:45:05.122812,252
infiniteRecur(int)+12 infiniteRecur(int)+24 infiniteRecur(int)+24 infiniteRecur(int)+24 infiniteRecur(int)+24 infiniteRecur(int)+24 infiniteRecur(int)+24 infiniteRecur(int)+24 infiniteRecur(int)+24 infiniteRecur(int)+24 infiniteRecur(int)+24 infiniteRecur(int)+24 infiniteRecur(int)+24 infiniteRecur(int)+24 infiniteRecur(int)+24 infiniteRecur(int)+24 infiniteRecur(int)+24 infiniteRecur(int)+24 infiniteRecur(int)+24 infiniteRecur(int)+24 infiniteRecur(int)+24 infiniteRecur(int)+24 infiniteRecur(int)+24 infiniteRecur(int)+24 infiniteRecur(int)+24 infiniteRecur(int)+24 infiniteRecur(int)+24 infiniteRecur(int)+24 infiniteRecur(int)+24 infiniteRecur(int)+24 infiniteRecur(int)+24 infiniteRecur(int)+24,11,SIGSEGV: Invalid memory reference to address Unknown Error,aarch64,return infiniteRecur(a),2021-07-25T01:45:10.081551,253
infiniteRecur(int)+12 infiniteRecur(int)+24 infiniteRecur(int)+24 infiniteRecur(int)+24 infiniteRecur(int)+24 infiniteRecur(int)+24 infiniteRecur(int)+24 infiniteRecur(int)+24 infiniteRecur(int)+24 infiniteRecur(int)+24 infiniteRecur(int)+24 infiniteRecur(int)+24 infiniteRecur(int)+24 infiniteRecur(int)+24 infiniteRecur(int)+24 infiniteRecur(int)+24 infiniteRecur(int)+24 infiniteRecur(int)+24 infiniteRecur(int)+24 infiniteRecur(int)+24 infiniteRecur(int)+24 infiniteRecur(int)+24 infiniteRecur(int)+24 infiniteRecur(int)+24 infiniteRecur(int)+24 infiniteRecur(int)+24 infiniteRecur(int)+24 infiniteRecur(int)+24 infiniteRecur(int)+24 infiniteRecur(int)+24 infiniteRecur(int)+24 infiniteRecur(int)+24,11,SIGSEGV: Invalid memory reference to address Unknown Error,aarch64,return infiniteRecur(a),2021-07-25T01:45:15.421655,254
"Synchronizer()+100 PartRenderingEngine() Realm() E4Workbench() Workbench() PlatformUI() IDEApplication() EclipseAppHandle() EclipseAppLauncher() EclipseStarter() NativeMethodAccessorImpl() DelegatingMethodAccessorImpl() Method() Main() main() __static_initialization_and_destruction_0(int, int)",11,SIGSEGV: Invalid memory reference to address Unknown Error,aarch64,*var2=*var1,2021-07-25T01:45:21.055525,255
"DocumentBuilderImpl() MirrorSelector() SimpleArtifactRepository() MirrorRequest() DownloadManager() Collect() Phase() PhaseSet() Engine() ProvisioningSession() ProfileModificationJob() ProvisioningJob() Worker() main() __static_initialization_and_destruction_0(int, int)",6,SIGABRT: (Error Number 0),aarch64, throw new bad_alloc(),2021-07-25T01:45:27.939869,256
"JavadocContents()+100 JavadocContentAccess2() JavadocHover() BestMatchHover() JavaEditorTextHoverProxy() TextViewerHoverManager() main() __static_initialization_and_destruction_0(int, int)",11,SIGSEGV: Invalid memory reference to address Unknown Error,aarch64,*var2=*var1,2021-07-25T01:45:33.163134,257
infiniteRecur(int)+12 infiniteRecur(int)+24 infiniteRecur(int)+24 infiniteRecur(int)+24 infiniteRecur(int)+24 infiniteRecur(int)+24 infiniteRecur(int)+24 infiniteRecur(int)+24 infiniteRecur(int)+24 infiniteRecur(int)+24 infiniteRecur(int)+24 infiniteRecur(int)+24 infiniteRecur(int)+24 infiniteRecur(int)+24 infiniteRecur(int)+24 infiniteRecur(int)+24 infiniteRecur(int)+24 infiniteRecur(int)+24 infiniteRecur(int)+24 infiniteRecur(int)+24 infiniteRecur(int)+24 infiniteRecur(int)+24 infiniteRecur(int)+24 infiniteRecur(int)+24 infiniteRecur(int)+24 infiniteRecur(int)+24 infiniteRecur(int)+24 infiniteRecur(int)+24 infiniteRecur(int)+24 infiniteRecur(int)+24 infiniteRecur(int)+24 infiniteRecur(int)+24,11,SIGSEGV: Invalid memory reference to address Unknown Error,aarch64,return infiniteRecur(a),2021-07-25T01:45:38.963023,258
PasswordProviderModuleExt() SecurePreferencesRoot() SecurePreferences() SecurePreferencesWrapper() PreferencesUtil() PreferencesRecorder() RecorderManager() EventTable() Display() Composite() FilteredPreferenceDialog() PreferenceDialog() Dialog() BusyIndicator() Window() WorkbenchPreferenceDialog() OpenPreferencesAction() Action() ActionContributionItem() Widget() PartRenderingEngine() Realm() E4Workbench() Workbench() PlatformUI() IDEApplication(),6,SIGABRT: (Error Number 0),aarch64, throw new bad_alloc(),2021-07-25T01:45:44.201590,259
"long, int, char, int>(long (*)(char const*, char**, int), char const*, char const*, unsigned long*, int)+116 long, int, char, int>(long (*)(char const*, char**, int), char const*, char const*, unsigned long*, int)::_Save_errno::_Save_errno() JavaElement()+96 LRUCache() JavaModelCache() JavaModelManager() BinaryType() JavaElementLabelComposer() JavaElementLabels() JavaUILabelProvider() DelegatingStyledCellLabelProvider() DecoratingStyledCellLabelProvider() ColoringLabelProvider() AbstractInformationControl() main() __static_initialization_and_destruction_0(int, int)",6,SIGABRT: (Error Number 0),aarch64,int a = std::stoi(num),2021-07-25T01:45:50.802295,260
"ClassFile()+100 LRUCache() JavaModelCache() JavaModelManager() Openable() BinaryType() BinaryMember() JavaElementLabelComposer() JavaElementLabels() JavaUILabelProvider() DelegatingStyledCellLabelProvider() DecoratingStyledCellLabelProvider() ColoringLabelProvider() AbstractInformationControl() main() __static_initialization_and_destruction_0(int, int)",11,SIGSEGV: Invalid memory reference to address Unknown Error,aarch64,*var2=*var1,2021-07-25T01:45:55.797576,261
"RevWalk() RevCommit() RevUtils() CompareUtils() CompareWithRefActionHandler() RepositoryAction() PluginAction() ActionContributionItem() EventTable() Display() Widget() PartRenderingEngine() Realm() E4Workbench() Workbench() PlatformUI() IDEApplication() EclipseAppHandle() EclipseAppLauncher() EclipseStarter() NativeMethodAccessorImpl() DelegatingMethodAccessorImpl() Method() Main() main() __static_initialization_and_destruction_0(int, int)",6,SIGABRT: (Error Number 0),aarch64, throw new bad_alloc(),2021-07-25T01:46:02.595978,262
"Synchronizer()+100 PartRenderingEngine() Realm() E4Workbench() Workbench() PlatformUI() IDEApplication() EclipseAppHandle() EclipseAppLauncher() EclipseStarter() NativeMethodAccessorImpl() DelegatingMethodAccessorImpl() Method() Main() main() __static_initialization_and_destruction_0(int, int)",11,SIGSEGV: Invalid memory reference to address Unknown Error,aarch64,*var2=*var1,2021-07-25T01:46:07.542713,263
infiniteRecur(int)+12 infiniteRecur(int)+24 infiniteRecur(int)+24 infiniteRecur(int)+24 infiniteRecur(int)+24 infiniteRecur(int)+24 infiniteRecur(int)+24 infiniteRecur(int)+24 infiniteRecur(int)+24 infiniteRecur(int)+24 infiniteRecur(int)+24 infiniteRecur(int)+24 infiniteRecur(int)+24 infiniteRecur(int)+24 infiniteRecur(int)+24 infiniteRecur(int)+24 infiniteRecur(int)+24 infiniteRecur(int)+24 infiniteRecur(int)+24 infiniteRecur(int)+24 infiniteRecur(int)+24 infiniteRecur(int)+24 infiniteRecur(int)+24 infiniteRecur(int)+24 infiniteRecur(int)+24 infiniteRecur(int)+24 infiniteRecur(int)+24 infiniteRecur(int)+24 infiniteRecur(int)+24 infiniteRecur(int)+24 infiniteRecur(int)+24 infiniteRecur(int)+24,11,SIGSEGV: Invalid memory reference to address Unknown Error,aarch64,return infiniteRecur(a),2021-07-25T01:46:13.482465,264
infiniteRecur(int)+12 infiniteRecur(int)+24 infiniteRecur(int)+24 infiniteRecur(int)+24 infiniteRecur(int)+24 infiniteRecur(int)+24 infiniteRecur(int)+24 infiniteRecur(int)+24 infiniteRecur(int)+24 infiniteRecur(int)+24 infiniteRecur(int)+24 infiniteRecur(int)+24 infiniteRecur(int)+24 infiniteRecur(int)+24 infiniteRecur(int)+24 infiniteRecur(int)+24 infiniteRecur(int)+24 infiniteRecur(int)+24 infiniteRecur(int)+24 infiniteRecur(int)+24 infiniteRecur(int)+24 infiniteRecur(int)+24 infiniteRecur(int)+24 infiniteRecur(int)+24 infiniteRecur(int)+24 infiniteRecur(int)+24 infiniteRecur(int)+24 infiniteRecur(int)+24 infiniteRecur(int)+24 infiniteRecur(int)+24 infiniteRecur(int)+24 infiniteRecur(int)+24,11,SIGSEGV: Invalid memory reference to address Unknown Error,aarch64,return infiniteRecur(a),2021-07-25T01:46:18.640691,265
"long, int, char, int>(long (*)(char const*, char**, int), char const*, char const*, unsigned long*, int)+116 long, int, char, int>(long (*)(char const*, char**, int), char const*, char const*, unsigned long*, int)::_Save_errno::_Save_errno() Logger()+96 Expression() ModelUtils() DeprecatedHighlighting() MethodInvocation() ASTNode() ExpressionStatement() Program() AbstractSemanticHighlighting() PHPSyntaxColoringPage() PreferencePage() PreferenceDialog() SafeRunner() JFaceUtil() SafeRunnable() FilteredPreferenceDialog() BusyIndicator() StructuredViewer() OpenStrategy() RunnableLock() Synchronizer() Display() OS()",6,SIGABRT: (Error Number 0),aarch64,int a = std::stoi(num),2021-07-25T01:46:24.176564,266
infiniteRecur(int)+12 infiniteRecur(int)+24 infiniteRecur(int)+24 infiniteRecur(int)+24 infiniteRecur(int)+24 infiniteRecur(int)+24 infiniteRecur(int)+24 infiniteRecur(int)+24 infiniteRecur(int)+24 infiniteRecur(int)+24 infiniteRecur(int)+24 infiniteRecur(int)+24 infiniteRecur(int)+24 infiniteRecur(int)+24 infiniteRecur(int)+24 infiniteRecur(int)+24 infiniteRecur(int)+24 infiniteRecur(int)+24 infiniteRecur(int)+24 infiniteRecur(int)+24 infiniteRecur(int)+24 infiniteRecur(int)+24 infiniteRecur(int)+24 infiniteRecur(int)+24 infiniteRecur(int)+24 infiniteRecur(int)+24 infiniteRecur(int)+24 infiniteRecur(int)+24 infiniteRecur(int)+24 infiniteRecur(int)+24 infiniteRecur(int)+24 infiniteRecur(int)+24,11,SIGSEGV: Invalid memory reference to address Unknown Error,aarch64,return infiniteRecur(a),2021-07-25T01:46:31.426861,267
"GenericPositionManager()+100 SemanticHighlightingPresenter() RunnableLock() Synchronizer() Display() PartRenderingEngine() Realm() E4Workbench() Workbench() PlatformUI() IDEApplication() EclipseAppHandle() EclipseAppLauncher() EclipseStarter() NativeMethodAccessorImpl() DelegatingMethodAccessorImpl() Method() Main() main() __static_initialization_and_destruction_0(int, int)",11,SIGSEGV: Invalid memory reference to address Unknown Error,aarch64,*var2=*var1,2021-07-25T01:46:37.752329,268
J2EEModuleVirtualComponent() JavaEEDeploymentAssemblyAdvancedSectionBuilder() J2EEModuleDependenciesPropertyPage() WebDependencyPropertyPage() WebModuleDependencyPageProvider() ModuleAssemblyRootPage() PreferencePage() PreferenceDialog() SafeRunner() JFaceUtil() SafeRunnable() FilteredPreferenceDialog() BusyIndicator() StructuredViewer() OpenStrategy() RunnableLock() Synchronizer() Display() OS() Widget() Tree() Control() Shell() NSApplication() Window() PropertyDialogAction(),6,SIGABRT: (Error Number 0),aarch64, throw new bad_alloc(),2021-07-25T01:46:42.602525,269
"long, int, char, int>(long (*)(char const*, char**, int), char const*, char const*, unsigned long*, int)+116 long, int, char, int>(long (*)(char const*, char**, int), char const*, char const*, unsigned long*, int)::_Save_errno::_Save_errno() SimpleProfileRegistry()+96 PDECore() SaveManager() SafeRunner() DelayedSnapshotJob() Worker() main() __static_initialization_and_destruction_0(int, int)",6,SIGABRT: (Error Number 0),aarch64,int a = std::stoi(num),2021-07-25T01:46:48.476201,270
"long, int, char, int>(long (*)(char const*, char**, int), char const*, char const*, unsigned long*, int)+116 long, int, char, int>(long (*)(char const*, char**, int), char const*, char const*, unsigned long*, int)::_Save_errno::_Save_errno() LightweightDecoratorDefinition()+96 Platform() LightweightDecoratorManager() DecorationScheduler() Worker() main() __static_initialization_and_destruction_0(int, int)",6,SIGABRT: (Error Number 0),aarch64,int a = std::stoi(num),2021-07-25T01:46:54.109233,271
"ConfigurationEditorComponent()+100 PreferencePage() TypedListener() EventTable() Display() Widget() Window() WorkbenchPreferenceDialog() OpenPreferencesAction() Action() ActionContributionItem() PartRenderingEngine() Realm() E4Workbench() Workbench() PlatformUI() IDEApplication() EclipseAppHandle() EclipseAppLauncher() EclipseStarter() Main() main() __static_initialization_and_destruction_0(int, int)",11,SIGSEGV: Invalid memory reference to address Unknown Error,aarch64,*var2=*var1,2021-07-25T01:46:58.657160,272
"long, int, char, int>(long (*)(char const*, char**, int), char const*, char const*, unsigned long*, int)+116 long, int, char, int>(long (*)(char const*, char**, int), char const*, char const*, unsigned long*, int)::_Save_errno::_Save_errno() WorkbenchPlugin()+96 WorkbenchPage() NavigationLocation() NavigationHistoryEntry() NavigationHistory() AbstractTextEditor() JavaEditor() PartService() SafeRunner() CompatibilityPart() UIEventHandler() Synchronizer() UISynchronizer() Display() E4Application() EventHandlerWrapper() EventHandlerTracker() EventManager() ListenerQueue() EventAdminImpl() EventComponent() EventBroker() UIEventPublisher()",6,SIGABRT: (Error Number 0),aarch64,int a = std::stoi(num),2021-07-25T01:47:03.088594,273
ResourceBundleMapSourceFactory() ResourceBundleSymbolSourceProvider() DTJSPExternalContext() AbstractDTExternalContext() DefaultDTVariableResolver() ConfigBasedDTVariableResolver() SymbolContextResolver() ASTSemanticValidator() ASTValuePrefix() SimpleNode() ASTValue() ASTUnaryExpression() ASTExpression() ELExpressionValidator() AttributeValidatingStrategy() SafeRunner() XMLViewDefnValidator() DefaultFaceletValidationStrategy() AbstractFaceletValidationStrategy() HTMLValidator() Validator() ValManager() ValBuilderJob() ResourceDelta() InternalWorkspaceJob() Worker(),6,SIGABRT: (Error Number 0),aarch64, throw new bad_alloc(),2021-07-25T01:47:08.110756,274
infiniteRecur(int)+12 infiniteRecur(int)+24 infiniteRecur(int)+24 infiniteRecur(int)+24 infiniteRecur(int)+24 infiniteRecur(int)+24 infiniteRecur(int)+24 infiniteRecur(int)+24 infiniteRecur(int)+24 infiniteRecur(int)+24 infiniteRecur(int)+24 infiniteRecur(int)+24 infiniteRecur(int)+24 infiniteRecur(int)+24 infiniteRecur(int)+24 infiniteRecur(int)+24 infiniteRecur(int)+24 infiniteRecur(int)+24 infiniteRecur(int)+24 infiniteRecur(int)+24 infiniteRecur(int)+24 infiniteRecur(int)+24 infiniteRecur(int)+24 infiniteRecur(int)+24 infiniteRecur(int)+24 infiniteRecur(int)+24 infiniteRecur(int)+24 infiniteRecur(int)+24 infiniteRecur(int)+24 infiniteRecur(int)+24 infiniteRecur(int)+24 infiniteRecur(int)+24,11,SIGSEGV: Invalid memory reference to address Unknown Error,aarch64,return infiniteRecur(a),2021-07-25T01:47:14.342290,275
FileDocumentProvider() XtextDocumentProvider() StorageDocumentProvider() AbstractDocumentProvider() AbstractTextEditor() StatusTextEditor() AbstractDecoratedTextEditor() TextEditor() XtextEditor() ModalContext() WorkbenchWindow() BusyIndicator() EditorReference() CompatibilityPart() MethodRequestor() InjectorImpl() ContextInjectionFactory() ReflectionContributionFactory() ContributedPartRenderer() PartRenderingEngine() SafeRunner() StackRenderer() LazyStackRenderer() UIEventHandler() Synchronizer() UISynchronizer(),6,SIGABRT: (Error Number 0),aarch64, throw new bad_alloc(),2021-07-25T01:47:19.640963,276
"long, int, char, int>(long (*)(char const*, char**, int), char const*, char const*, unsigned long*, int)+116 long, int, char, int>(long (*)(char const*, char**, int), char const*, char const*, unsigned long*, int)::_Save_errno::_Save_errno() StandInStacktraceProvider()+96 RuntimeLog() PlatformLogWriter() ExtendedLogReaderServiceFactory() ExtendedLogServiceFactory() ExtendedLogServiceImpl() LoggerImpl() Log() JDIDebugUIPlugin() AbstractDetailPane() DetailPaneProxy() VariablesView() UIJob() RunnableLock() Synchronizer() Display() PartRenderingEngine() Realm() E4Workbench() Workbench() PlatformUI() IDEApplication() EclipseAppHandle()",6,SIGABRT: (Error Number 0),aarch64,int a = std::stoi(num),2021-07-25T01:47:24.745521,277
"PDEFormEditor()+100 Action() ActionContributionItem() EventTable() Display() Widget() PartRenderingEngine() Realm() E4Workbench() Workbench() PlatformUI() IDEApplication() EclipseAppHandle() EclipseAppLauncher() EclipseStarter() Main() main() __static_initialization_and_destruction_0(int, int)",11,SIGSEGV: Invalid memory reference to address Unknown Error,aarch64,*var2=*var1,2021-07-25T01:47:31.477594,278
infiniteRecur(int)+12 infiniteRecur(int)+24 infiniteRecur(int)+24 infiniteRecur(int)+24 infiniteRecur(int)+24 infiniteRecur(int)+24 infiniteRecur(int)+24 infiniteRecur(int)+24 infiniteRecur(int)+24 infiniteRecur(int)+24 infiniteRecur(int)+24 infiniteRecur(int)+24 infiniteRecur(int)+24 infiniteRecur(int)+24 infiniteRecur(int)+24 infiniteRecur(int)+24 infiniteRecur(int)+24 infiniteRecur(int)+24 infiniteRecur(int)+24 infiniteRecur(int)+24 infiniteRecur(int)+24 infiniteRecur(int)+24 infiniteRecur(int)+24 infiniteRecur(int)+24 infiniteRecur(int)+24 infiniteRecur(int)+24 infiniteRecur(int)+24 infiniteRecur(int)+24 infiniteRecur(int)+24 infiniteRecur(int)+24 infiniteRecur(int)+24 infiniteRecur(int)+24,11,SIGSEGV: Invalid memory reference to address Unknown Error,aarch64,return infiniteRecur(a),2021-07-25T01:47:36.192422,279
infiniteRecur(int)+12 infiniteRecur(int)+24 infiniteRecur(int)+24 infiniteRecur(int)+24 infiniteRecur(int)+24 infiniteRecur(int)+24 infiniteRecur(int)+24 infiniteRecur(int)+24 infiniteRecur(int)+24 infiniteRecur(int)+24 infiniteRecur(int)+24 infiniteRecur(int)+24 infiniteRecur(int)+24 infiniteRecur(int)+24 infiniteRecur(int)+24 infiniteRecur(int)+24 infiniteRecur(int)+24 infiniteRecur(int)+24 infiniteRecur(int)+24 infiniteRecur(int)+24 infiniteRecur(int)+24 infiniteRecur(int)+24 infiniteRecur(int)+24 infiniteRecur(int)+24 infiniteRecur(int)+24 infiniteRecur(int)+24 infiniteRecur(int)+24 infiniteRecur(int)+24 infiniteRecur(int)+24 infiniteRecur(int)+24 infiniteRecur(int)+24 infiniteRecur(int)+24,11,SIGSEGV: Invalid memory reference to address Unknown Error,aarch64,return infiniteRecur(a),2021-07-25T01:47:41.872588,280
"SocketTransportService()+100 __static_initialization_and_destruction_0(int, int)",11,SIGSEGV: Invalid memory reference to address Unknown Error,aarch64,*var2=*var1,2021-07-25T01:47:47.632730,281
infiniteRecur(int)+12 infiniteRecur(int)+24 infiniteRecur(int)+24 infiniteRecur(int)+24 infiniteRecur(int)+24 infiniteRecur(int)+24 infiniteRecur(int)+24 infiniteRecur(int)+24 infiniteRecur(int)+24 infiniteRecur(int)+24 infiniteRecur(int)+24 infiniteRecur(int)+24 infiniteRecur(int)+24 infiniteRecur(int)+24 infiniteRecur(int)+24 infiniteRecur(int)+24 infiniteRecur(int)+24 infiniteRecur(int)+24 infiniteRecur(int)+24 infiniteRecur(int)+24 infiniteRecur(int)+24 infiniteRecur(int)+24 infiniteRecur(int)+24 infiniteRecur(int)+24 infiniteRecur(int)+24 infiniteRecur(int)+24 infiniteRecur(int)+24 infiniteRecur(int)+24 infiniteRecur(int)+24 infiniteRecur(int)+24 infiniteRecur(int)+24 infiniteRecur(int)+24,11,SIGSEGV: Invalid memory reference to address Unknown Error,aarch64,return infiniteRecur(a),2021-07-25T01:47:52.480514,282
EventTable() Display() Widget() Window() ProvisioningUI() InstallNewSoftwareHandler() PreloadingRepositoryHandler() BusyIndicator() HandlerProxy() E4HandlerProxy() MethodRequestor() InjectorImpl() ContextInjectionFactory() HandlerServiceHandler() Command() ParameterizedCommand() HandlerServiceImpl() HandledContributionItem() PartRenderingEngine() Realm() E4Workbench() Workbench() PlatformUI() IDEApplication() EclipseAppHandle() EclipseAppLauncher(),6,SIGABRT: (Error Number 0),aarch64, throw new bad_alloc(),2021-07-25T01:47:57.634156,283
infiniteRecur(int)+12 infiniteRecur(int)+24 infiniteRecur(int)+24 infiniteRecur(int)+24 infiniteRecur(int)+24 infiniteRecur(int)+24 infiniteRecur(int)+24 infiniteRecur(int)+24 infiniteRecur(int)+24 infiniteRecur(int)+24 infiniteRecur(int)+24 infiniteRecur(int)+24 infiniteRecur(int)+24 infiniteRecur(int)+24 infiniteRecur(int)+24 infiniteRecur(int)+24 infiniteRecur(int)+24 infiniteRecur(int)+24 infiniteRecur(int)+24 infiniteRecur(int)+24 infiniteRecur(int)+24 infiniteRecur(int)+24 infiniteRecur(int)+24 infiniteRecur(int)+24 infiniteRecur(int)+24 infiniteRecur(int)+24 infiniteRecur(int)+24 infiniteRecur(int)+24 infiniteRecur(int)+24 infiniteRecur(int)+24 infiniteRecur(int)+24 infiniteRecur(int)+24,11,SIGSEGV: Invalid memory reference to address Unknown Error,aarch64,return infiniteRecur(a),2021-07-25T01:48:02.871159,284
ObjectReader() RevWalk() RefUpdateElement() PushResultTable() DelegatingStyledCellLabelProvider() ViewerColumn() AbstractTreeViewer() SafeRunner() JFaceUtil() SafeRunnable() StructuredViewer() BusyIndicator() TreeViewer() ContentViewer() ConfirmationPage() RunnableLock() Synchronizer() Display() Window() PushActionHandler() HandlerProxy() E4HandlerProxy() MethodRequestor() InjectorImpl() ContextInjectionFactory() HandlerServiceHandler(),6,SIGABRT: (Error Number 0),aarch64, throw new bad_alloc(),2021-07-25T01:48:10.738241,285
"JpaProjectConfigurator() AbstractLifecycleMapping() ProjectConfigurationManager() MavenExecutionContext() MavenImpl() UpdateMavenProjectJob() InternalWorkspaceJob() Worker() main() __static_initialization_and_destruction_0(int, int)",6,SIGABRT: (Error Number 0),aarch64, throw new bad_alloc(),2021-07-25T01:48:17.034241,286
"Synchronizer()+100 Window() LogListener() RunnableLock() MessageDialog() RebaseResultDialog() PartRenderingEngine() Realm() E4Workbench() Workbench() PlatformUI() IDEApplication() EclipseAppHandle() EclipseAppLauncher() EclipseStarter() NativeMethodAccessorImpl() DelegatingMethodAccessorImpl() Method() Main() main() __static_initialization_and_destruction_0(int, int)",11,SIGSEGV: Invalid memory reference to address Unknown Error,aarch64,*var2=*var1,2021-07-25T01:48:23.434148,287
infiniteRecur(int)+12 infiniteRecur(int)+24 infiniteRecur(int)+24 infiniteRecur(int)+24 infiniteRecur(int)+24 infiniteRecur(int)+24 infiniteRecur(int)+24 infiniteRecur(int)+24 infiniteRecur(int)+24 infiniteRecur(int)+24 infiniteRecur(int)+24 infiniteRecur(int)+24 infiniteRecur(int)+24 infiniteRecur(int)+24 infiniteRecur(int)+24 infiniteRecur(int)+24 infiniteRecur(int)+24 infiniteRecur(int)+24 infiniteRecur(int)+24 infiniteRecur(int)+24 infiniteRecur(int)+24 infiniteRecur(int)+24 infiniteRecur(int)+24 infiniteRecur(int)+24 infiniteRecur(int)+24 infiniteRecur(int)+24 infiniteRecur(int)+24 infiniteRecur(int)+24 infiniteRecur(int)+24 infiniteRecur(int)+24 infiniteRecur(int)+24 infiniteRecur(int)+24,11,SIGSEGV: Invalid memory reference to address Unknown Error,aarch64,return infiniteRecur(a),2021-07-25T01:48:28.398963,288
infiniteRecur(int)+12 infiniteRecur(int)+24 infiniteRecur(int)+24 infiniteRecur(int)+24 infiniteRecur(int)+24 infiniteRecur(int)+24 infiniteRecur(int)+24 infiniteRecur(int)+24 infiniteRecur(int)+24 infiniteRecur(int)+24 infiniteRecur(int)+24 infiniteRecur(int)+24 infiniteRecur(int)+24 infiniteRecur(int)+24 infiniteRecur(int)+24 infiniteRecur(int)+24 infiniteRecur(int)+24 infiniteRecur(int)+24 infiniteRecur(int)+24 infiniteRecur(int)+24 infiniteRecur(int)+24 infiniteRecur(int)+24 infiniteRecur(int)+24 infiniteRecur(int)+24 infiniteRecur(int)+24 infiniteRecur(int)+24 infiniteRecur(int)+24 infiniteRecur(int)+24 infiniteRecur(int)+24 infiniteRecur(int)+24 infiniteRecur(int)+24 infiniteRecur(int)+24,11,SIGSEGV: Invalid memory reference to address Unknown Error,aarch64,return infiniteRecur(a),2021-07-25T01:48:33.219873,289
"LaunchManager() SafeRunner() Launch() DebugPlugin() Worker() main() __static_initialization_and_destruction_0(int, int)",6,SIGABRT: (Error Number 0),aarch64, throw new bad_alloc(),2021-07-25T01:48:38.306413,290
infiniteRecur(int)+12 infiniteRecur(int)+24 infiniteRecur(int)+24 infiniteRecur(int)+24 infiniteRecur(int)+24 infiniteRecur(int)+24 infiniteRecur(int)+24 infiniteRecur(int)+24 infiniteRecur(int)+24 infiniteRecur(int)+24 infiniteRecur(int)+24 infiniteRecur(int)+24 infiniteRecur(int)+24 infiniteRecur(int)+24 infiniteRecur(int)+24 infiniteRecur(int)+24 infiniteRecur(int)+24 infiniteRecur(int)+24 infiniteRecur(int)+24 infiniteRecur(int)+24 infiniteRecur(int)+24 infiniteRecur(int)+24 infiniteRecur(int)+24 infiniteRecur(int)+24 infiniteRecur(int)+24 infiniteRecur(int)+24 infiniteRecur(int)+24 infiniteRecur(int)+24 infiniteRecur(int)+24 infiniteRecur(int)+24 infiniteRecur(int)+24 infiniteRecur(int)+24,11,SIGSEGV: Invalid memory reference to address Unknown Error,aarch64,return infiniteRecur(a),2021-07-25T01:48:43.506415,291
infiniteRecur(int)+12 infiniteRecur(int)+24 infiniteRecur(int)+24 infiniteRecur(int)+24 infiniteRecur(int)+24 infiniteRecur(int)+24 infiniteRecur(int)+24 infiniteRecur(int)+24 infiniteRecur(int)+24 infiniteRecur(int)+24 infiniteRecur(int)+24 infiniteRecur(int)+24 infiniteRecur(int)+24 infiniteRecur(int)+24 infiniteRecur(int)+24 infiniteRecur(int)+24 infiniteRecur(int)+24 infiniteRecur(int)+24 infiniteRecur(int)+24 infiniteRecur(int)+24 infiniteRecur(int)+24 infiniteRecur(int)+24 infiniteRecur(int)+24 infiniteRecur(int)+24 infiniteRecur(int)+24 infiniteRecur(int)+24 infiniteRecur(int)+24 infiniteRecur(int)+24 infiniteRecur(int)+24 infiniteRecur(int)+24 infiniteRecur(int)+24 infiniteRecur(int)+24,11,SIGSEGV: Invalid memory reference to address Unknown Error,aarch64,return infiniteRecur(a),2021-07-25T01:48:48.993827,292
"long, int, char, int>(long (*)(char const*, char**, int), char const*, char const*, unsigned long*, int)+116 long, int, char, int>(long (*)(char const*, char**, int), char const*, char const*, unsigned long*, int)::_Save_errno::_Save_errno() JavaProjectWizardPage()+96 WizardDialog() BusyIndicator() Dialog() TypedListener() EventTable() Display() Widget() Window() WizardHandler() HandlerProxy() E4HandlerProxy() NativeMethodAccessorImpl() DelegatingMethodAccessorImpl() Method() MethodRequestor() InjectorImpl() ContextInjectionFactory() HandlerServiceHandler() Command() ParameterizedCommand() HandlerServiceImpl() LegacyHandlerService()",6,SIGABRT: (Error Number 0),aarch64,int a = std::stoi(num),2021-07-25T01:48:53.959179,293
infiniteRecur(int)+12 infiniteRecur(int)+24 infiniteRecur(int)+24 infiniteRecur(int)+24 infiniteRecur(int)+24 infiniteRecur(int)+24 infiniteRecur(int)+24 infiniteRecur(int)+24 infiniteRecur(int)+24 infiniteRecur(int)+24 infiniteRecur(int)+24 infiniteRecur(int)+24 infiniteRecur(int)+24 infiniteRecur(int)+24 infiniteRecur(int)+24 infiniteRecur(int)+24 infiniteRecur(int)+24 infiniteRecur(int)+24 infiniteRecur(int)+24 infiniteRecur(int)+24 infiniteRecur(int)+24 infiniteRecur(int)+24 infiniteRecur(int)+24 infiniteRecur(int)+24 infiniteRecur(int)+24 infiniteRecur(int)+24 infiniteRecur(int)+24 infiniteRecur(int)+24 infiniteRecur(int)+24 infiniteRecur(int)+24 infiniteRecur(int)+24 infiniteRecur(int)+24,11,SIGSEGV: Invalid memory reference to address Unknown Error,aarch64,return infiniteRecur(a),2021-07-25T01:49:01.251743,294
infiniteRecur(int)+12 infiniteRecur(int)+24 infiniteRecur(int)+24 infiniteRecur(int)+24 infiniteRecur(int)+24 infiniteRecur(int)+24 infiniteRecur(int)+24 infiniteRecur(int)+24 infiniteRecur(int)+24 infiniteRecur(int)+24 infiniteRecur(int)+24 infiniteRecur(int)+24 infiniteRecur(int)+24 infiniteRecur(int)+24 infiniteRecur(int)+24 infiniteRecur(int)+24 infiniteRecur(int)+24 infiniteRecur(int)+24 infiniteRecur(int)+24 infiniteRecur(int)+24 infiniteRecur(int)+24 infiniteRecur(int)+24 infiniteRecur(int)+24 infiniteRecur(int)+24 infiniteRecur(int)+24 infiniteRecur(int)+24 infiniteRecur(int)+24 infiniteRecur(int)+24 infiniteRecur(int)+24 infiniteRecur(int)+24 infiniteRecur(int)+24 infiniteRecur(int)+24,11,SIGSEGV: Invalid memory reference to address Unknown Error,aarch64,return infiniteRecur(a),2021-07-25T01:49:07.599749,295
"DefaultOldArchetype()+100 DefaultArchetype() ProjectConfigurationManager() MavenExecutionContext() MavenImpl() MavenProjectWizard() AbstactCreateMavenProjectJob() AbstractCreateMavenProjectsOperation() InternalWorkspaceJob() Worker() main() __static_initialization_and_destruction_0(int, int)",11,SIGSEGV: Invalid memory reference to address Unknown Error,aarch64,*var2=*var1,2021-07-25T01:49:14.298533,296
infiniteRecur(int)+12 infiniteRecur(int)+24 infiniteRecur(int)+24 infiniteRecur(int)+24 infiniteRecur(int)+24 infiniteRecur(int)+24 infiniteRecur(int)+24 infiniteRecur(int)+24 infiniteRecur(int)+24 infiniteRecur(int)+24 infiniteRecur(int)+24 infiniteRecur(int)+24 infiniteRecur(int)+24 infiniteRecur(int)+24 infiniteRecur(int)+24 infiniteRecur(int)+24 infiniteRecur(int)+24 infiniteRecur(int)+24 infiniteRecur(int)+24 infiniteRecur(int)+24 infiniteRecur(int)+24 infiniteRecur(int)+24 infiniteRecur(int)+24 infiniteRecur(int)+24 infiniteRecur(int)+24 infiniteRecur(int)+24 infiniteRecur(int)+24 infiniteRecur(int)+24 infiniteRecur(int)+24 infiniteRecur(int)+24 infiniteRecur(int)+24 infiniteRecur(int)+24,11,SIGSEGV: Invalid memory reference to address Unknown Error,aarch64,return infiniteRecur(a),2021-07-25T01:49:19.541405,297
"long, int, char, int>(long (*)(char const*, char**, int), char const*, char const*, unsigned long*, int)+116 long, int, char, int>(long (*)(char const*, char**, int), char const*, char const*, unsigned long*, int)::_Save_errno::_Save_errno() CrossGCCBuiltinSpecsDetector()+96 LanguageSettingsProvidersSerializer() XmlProjectDescriptionStorage() SetCProjectDescriptionOperation() CModelOperation() Workspace() AbstractCProjectDescriptionStorage() CProjectDescriptionStorageManager() CProjectDescriptionManager() CoreModel() AbstractPage() WorkspaceModifyDelegatingOperation() WorkspaceModifyOperation() ModalContext() ProgressMonitorDialog() ProgressManager() BusyIndicator() Synchronizer() UISynchronizer() Display() PreferencePage() TypedListener() EventTable()",6,SIGABRT: (Error Number 0),aarch64,int a = std::stoi(num),2021-07-25T01:49:24.812228,298
infiniteRecur(int)+12 infiniteRecur(int)+24 infiniteRecur(int)+24 infiniteRecur(int)+24 infiniteRecur(int)+24 infiniteRecur(int)+24 infiniteRecur(int)+24 infiniteRecur(int)+24 infiniteRecur(int)+24 infiniteRecur(int)+24 infiniteRecur(int)+24 infiniteRecur(int)+24 infiniteRecur(int)+24 infiniteRecur(int)+24 infiniteRecur(int)+24 infiniteRecur(int)+24 infiniteRecur(int)+24 infiniteRecur(int)+24 infiniteRecur(int)+24 infiniteRecur(int)+24 infiniteRecur(int)+24 infiniteRecur(int)+24 infiniteRecur(int)+24 infiniteRecur(int)+24 infiniteRecur(int)+24 infiniteRecur(int)+24 infiniteRecur(int)+24 infiniteRecur(int)+24 infiniteRecur(int)+24 infiniteRecur(int)+24 infiniteRecur(int)+24 infiniteRecur(int)+24,11,SIGSEGV: Invalid memory reference to address Unknown Error,aarch64,return infiniteRecur(a),2021-07-25T01:49:29.680971,299
"long, int, char, int>(long (*)(char const*, char**, int), char const*, char const*, unsigned long*, int)+116 long, int, char, int>(long (*)(char const*, char**, int), char const*, char const*, unsigned long*, int)::_Save_errno::_Save_errno() ReferenceExpression()+96 MessageSend() AllocationExpression() Expression() AbstractMethodDeclaration() TypeDeclaration() CompilationUnitDeclaration() CompilationUnitResolver() ASTParser() CleanUpPostSaveListener() CompilationUnitDocumentProvider() SafeRunner() TextFileDocumentProvider() WorkspaceModifyDelegatingOperation() WorkspaceModifyOperation() Workspace() WorkspaceOperationRunner() AbstractTextEditor() CompilationUnitEditor() Saveable() SaveableHelper() ModalContext() WorkbenchWindow()",6,SIGABRT: (Error Number 0),aarch64,int a = std::stoi(num),2021-07-25T01:49:34.424415,300
infiniteRecur(int)+12 infiniteRecur(int)+24 infiniteRecur(int)+24 infiniteRecur(int)+24 infiniteRecur(int)+24 infiniteRecur(int)+24 infiniteRecur(int)+24 infiniteRecur(int)+24 infiniteRecur(int)+24 infiniteRecur(int)+24 infiniteRecur(int)+24 infiniteRecur(int)+24 infiniteRecur(int)+24 infiniteRecur(int)+24 infiniteRecur(int)+24 infiniteRecur(int)+24 infiniteRecur(int)+24 infiniteRecur(int)+24 infiniteRecur(int)+24 infiniteRecur(int)+24 infiniteRecur(int)+24 infiniteRecur(int)+24 infiniteRecur(int)+24 infiniteRecur(int)+24 infiniteRecur(int)+24 infiniteRecur(int)+24 infiniteRecur(int)+24 infiniteRecur(int)+24 infiniteRecur(int)+24 infiniteRecur(int)+24 infiniteRecur(int)+24 infiniteRecur(int)+24,11,SIGSEGV: Invalid memory reference to address Unknown Error,aarch64,return infiniteRecur(a),2021-07-25T01:49:39.452352,301
"long, int, char, int>(long (*)(char const*, char**, int), char const*, char const*, unsigned long*, int)+116 long, int, char, int>(long (*)(char const*, char**, int), char const*, char const*, unsigned long*, int)::_Save_errno::_Save_errno() DND()+96 DragSource() OS() Display() PartRenderingEngine() Realm() E4Workbench() Workbench() PlatformUI() IDEApplication() EclipseAppHandle() EclipseAppLauncher() EclipseStarter() NativeMethodAccessorImpl() DelegatingMethodAccessorImpl() Method() Main() main() __static_initialization_and_destruction_0(int, int)",6,SIGABRT: (Error Number 0),aarch64,int a = std::stoi(num),2021-07-25T01:49:44.426083,302
infiniteRecur(int)+12 infiniteRecur(int)+24 infiniteRecur(int)+24 infiniteRecur(int)+24 infiniteRecur(int)+24 infiniteRecur(int)+24 infiniteRecur(int)+24 infiniteRecur(int)+24 infiniteRecur(int)+24 infiniteRecur(int)+24 infiniteRecur(int)+24 infiniteRecur(int)+24 infiniteRecur(int)+24 infiniteRecur(int)+24 infiniteRecur(int)+24 infiniteRecur(int)+24 infiniteRecur(int)+24 infiniteRecur(int)+24 infiniteRecur(int)+24 infiniteRecur(int)+24 infiniteRecur(int)+24 infiniteRecur(int)+24 infiniteRecur(int)+24 infiniteRecur(int)+24 infiniteRecur(int)+24 infiniteRecur(int)+24 infiniteRecur(int)+24 infiniteRecur(int)+24 infiniteRecur(int)+24 infiniteRecur(int)+24 infiniteRecur(int)+24 infiniteRecur(int)+24,11,SIGSEGV: Invalid memory reference to address Unknown Error,aarch64,return infiniteRecur(a),2021-07-25T01:49:51.262687,303
infiniteRecur(int)+12 infiniteRecur(int)+24 infiniteRecur(int)+24 infiniteRecur(int)+24 infiniteRecur(int)+24 infiniteRecur(int)+24 infiniteRecur(int)+24 infiniteRecur(int)+24 infiniteRecur(int)+24 infiniteRecur(int)+24 infiniteRecur(int)+24 infiniteRecur(int)+24 infiniteRecur(int)+24 infiniteRecur(int)+24 infiniteRecur(int)+24 infiniteRecur(int)+24 infiniteRecur(int)+24 infiniteRecur(int)+24 infiniteRecur(int)+24 infiniteRecur(int)+24 infiniteRecur(int)+24 infiniteRecur(int)+24 infiniteRecur(int)+24 infiniteRecur(int)+24 infiniteRecur(int)+24 infiniteRecur(int)+24 infiniteRecur(int)+24 infiniteRecur(int)+24 infiniteRecur(int)+24 infiniteRecur(int)+24 infiniteRecur(int)+24 infiniteRecur(int)+24,11,SIGSEGV: Invalid memory reference to address Unknown Error,aarch64,return infiniteRecur(a),2021-07-25T01:49:56.211783,304
SynchronizeManager()+100 CompatibilityPart() CompatibilityView() MethodRequestor() InjectorImpl() ContextInjectionFactory() ReflectionContributionFactory() ContributedPartRenderer() PartRenderingEngine() SafeRunner() ElementReferenceRenderer() PartServiceImpl() UIEventHandler() Synchronizer() UISynchronizer() Display() E4Application() EventHandlerWrapper() EventHandlerTracker() EventManager() ListenerQueue() EventAdminImpl() EventComponent() EventBroker() UIEventPublisher() BasicNotifierImpl() ElementContainerImpl() StackRenderer() TypedListener() EventTable() Widget() CTabFolder(),11,SIGSEGV: Invalid memory reference to address Unknown Error,aarch64,*var2=*var1,2021-07-25T01:50:01.871998,305
ReferenceTypeImpl()+100 LocalVariableImpl() JDILocalVariable() JDIVariable() JavaVarActionFilter() ActionExpression() ObjectActionContributor() ObjectContributorManager() ObjectActionContributorManager() PopupMenuExtender() MenuManager() TypedListener() EventTable() Display() Widget() Control() Canvas() Decorations() Shell() OS() Menu() PartRenderingEngine() Realm() E4Workbench() Workbench() PlatformUI() IDEApplication() EclipseAppHandle() EclipseAppLauncher() EclipseStarter() Main() main(),11,SIGSEGV: Invalid memory reference to address Unknown Error,aarch64,*var2=*var1,2021-07-25T01:50:06.794512,306
RecommendersCompletionContext()+100 ChainCompletionProposalComputer() ChainQuickAssistProcessor() JavaCorrectionProcessor() SafeRunner() QuickAssistAssistant() ContentAssistant() CompletionProposalPopup() BusyIndicator() JavaCorrectionAssistant() CompilationUnitEditor() TextOperationAction() Action() ActionHandler() E4HandlerProxy() DelegatingMethodAccessorImpl() Method() MethodRequestor() InjectorImpl() ContextInjectionFactory() HandlerServiceHandler() Command() ParameterizedCommand() HandlerServiceImpl() KeyBindingDispatcher() EventTable() Display() Widget() Canvas() Control() OS() NSResponder(),11,SIGSEGV: Invalid memory reference to address Unknown Error,aarch64,*var2=*var1,2021-07-25T01:50:12.861428,307
infiniteRecur(int)+12 infiniteRecur(int)+24 infiniteRecur(int)+24 infiniteRecur(int)+24 infiniteRecur(int)+24 infiniteRecur(int)+24 infiniteRecur(int)+24 infiniteRecur(int)+24 infiniteRecur(int)+24 infiniteRecur(int)+24 infiniteRecur(int)+24 infiniteRecur(int)+24 infiniteRecur(int)+24 infiniteRecur(int)+24 infiniteRecur(int)+24 infiniteRecur(int)+24 infiniteRecur(int)+24 infiniteRecur(int)+24 infiniteRecur(int)+24 infiniteRecur(int)+24 infiniteRecur(int)+24 infiniteRecur(int)+24 infiniteRecur(int)+24 infiniteRecur(int)+24 infiniteRecur(int)+24 infiniteRecur(int)+24 infiniteRecur(int)+24 infiniteRecur(int)+24 infiniteRecur(int)+24 infiniteRecur(int)+24 infiniteRecur(int)+24 infiniteRecur(int)+24,11,SIGSEGV: Invalid memory reference to address Unknown Error,aarch64,return infiniteRecur(a),2021-07-25T01:50:19.442137,308
"PackageFragmentRoot()+100 JavaUI() AbstractJavaCompletionProposal() AdditionalInfoController() Worker() main() __static_initialization_and_destruction_0(int, int)",11,SIGSEGV: Invalid memory reference to address Unknown Error,aarch64,*var2=*var1,2021-07-25T01:50:24.075950,309
"AbstractEList()+100 ElementImpl() ClassOperations() ClassImpl() BasicEObjectImpl() EContentsEList() EcoreUtil() ModelParameterExtent() ModelOperations() QvtOperationalEvaluationEnv() EcoreEvaluationEnvironment() EvaluationVisitorImpl() QvtOperationalEvaluationVisitorImpl() EvaluationVisitorDecorator() QvtGenericEvaluationVisitor() OperationCallExpImpl() AbstractEvaluationVisitor() ObjectExpImpl() MappingBodyImpl() MappingOperationImpl() MappingCallExpImpl() IterationTemplate() IteratorExpImpl() EntryOperationImpl() QvtGenericVisitorDecorator() InternalTransformationExecutor() TransformationExecutor() ImportTransformation() Worker() main() __static_initialization_and_destruction_0(int, int)",11,SIGSEGV: Invalid memory reference to address Unknown Error,aarch64,*var2=*var1,2021-07-25T01:50:29.422972,310
infiniteRecur(int)+12 infiniteRecur(int)+24 infiniteRecur(int)+24 infiniteRecur(int)+24 infiniteRecur(int)+24 infiniteRecur(int)+24 infiniteRecur(int)+24 infiniteRecur(int)+24 infiniteRecur(int)+24 infiniteRecur(int)+24 infiniteRecur(int)+24 infiniteRecur(int)+24 infiniteRecur(int)+24 infiniteRecur(int)+24 infiniteRecur(int)+24 infiniteRecur(int)+24 infiniteRecur(int)+24 infiniteRecur(int)+24 infiniteRecur(int)+24 infiniteRecur(int)+24 infiniteRecur(int)+24 infiniteRecur(int)+24 infiniteRecur(int)+24 infiniteRecur(int)+24 infiniteRecur(int)+24 infiniteRecur(int)+24 infiniteRecur(int)+24 infiniteRecur(int)+24 infiniteRecur(int)+24 infiniteRecur(int)+24 infiniteRecur(int)+24 infiniteRecur(int)+24,11,SIGSEGV: Invalid memory reference to address Unknown Error,aarch64,return infiniteRecur(a),2021-07-25T01:50:34.087668,311
infiniteRecur(int)+12 infiniteRecur(int)+24 infiniteRecur(int)+24 infiniteRecur(int)+24 infiniteRecur(int)+24 infiniteRecur(int)+24 infiniteRecur(int)+24 infiniteRecur(int)+24 infiniteRecur(int)+24 infiniteRecur(int)+24 infiniteRecur(int)+24 infiniteRecur(int)+24 infiniteRecur(int)+24 infiniteRecur(int)+24 infiniteRecur(int)+24 infiniteRecur(int)+24 infiniteRecur(int)+24 infiniteRecur(int)+24 infiniteRecur(int)+24 infiniteRecur(int)+24 infiniteRecur(int)+24 infiniteRecur(int)+24 infiniteRecur(int)+24 infiniteRecur(int)+24 infiniteRecur(int)+24 infiniteRecur(int)+24 infiniteRecur(int)+24 infiniteRecur(int)+24 infiniteRecur(int)+24 infiniteRecur(int)+24 infiniteRecur(int)+24 infiniteRecur(int)+24,11,SIGSEGV: Invalid memory reference to address Unknown Error,aarch64,return infiniteRecur(a),2021-07-25T01:50:38.575464,312
"long, int, char, int>(long (*)(char const*, char**, int), char const*, char const*, unsigned long*, int)+116 long, int, char, int>(long (*)(char const*, char**, int), char const*, char const*, unsigned long*, int)::_Save_errno::_Save_errno() WorkbenchPlugin()+96 PartPluginAction() EditorPluginAction() ActionDescriptor() ViewerActionBuilder() PluginActionBuilder() RegistryReader() PopupMenuExtender() PartSite() EditorSite() AbstractTextEditor() StatusTextEditor() AbstractDecoratedTextEditor() HVmo8ZqK9vewk3wD() CompatibilityPart() CompatibilityEditor() NativeMethodAccessorImpl() DelegatingMethodAccessorImpl() Method() MethodRequestor() InjectorImpl() ContextInjectionFactory() ReflectionContributionFactory()",6,SIGABRT: (Error Number 0),aarch64,int a = std::stoi(num),2021-07-25T01:50:44.259514,313
"long, int, char, int>(long (*)(char const*, char**, int), char const*, char const*, unsigned long*, int)+116 long, int, char, int>(long (*)(char const*, char**, int), char const*, char const*, unsigned long*, int)::_Save_errno::_Save_errno() WorkbenchPlugin()+96 EditorActionBuilder() EditorReference() CompatibilityPart() NativeMethodAccessorImpl() DelegatingMethodAccessorImpl() Method() MethodRequestor() InjectorImpl() ContextInjectionFactory() ReflectionContributionFactory() ContributedPartRenderer() PartRenderingEngine() SafeRunner() PartServiceImpl() UIEventHandler() Synchronizer() UISynchronizer() Display() E4Application() EventHandlerWrapper() EventHandlerTracker() EventManager()",6,SIGABRT: (Error Number 0),aarch64,int a = std::stoi(num),2021-07-25T01:50:50.496315,314
"NotificationManager() SafeRunner() Workspace() InternalWorkspaceJob() Worker() main() __static_initialization_and_destruction_0(int, int)",6,SIGABRT: (Error Number 0),aarch64, throw new bad_alloc(),2021-07-25T01:50:56.463616,315
LibraryProviderFrameworkImpl() LibraryProviderFramework() LibraryInstallDelegate() JSFFacetInstallDataModelProvider() DataModelImpl() FacetDataModelConfigAdapter() FacetedProjectWorkingCopy() FacetsSelectionPanel() CheckboxTreeViewer() SafeRunner() JFaceUtil() SafeRunnable() StructuredViewer() OpenStrategy() EventTable() Display() Widget() Window() FacetsSelectionDialog() PresetSelectionPanel() TypedListener() WizardShortcutAction() Action() ActionContributionItem() PartRenderingEngine() Realm(),6,SIGABRT: (Error Number 0),aarch64, throw new bad_alloc(),2021-07-25T01:51:01.633880,316
"Synchronizer()+100 PartRenderingEngine() Realm() E4Workbench() Workbench() PlatformUI() IDEApplication() EclipseAppHandle() EclipseAppLauncher() EclipseStarter() Main() main() __static_initialization_and_destruction_0(int, int)",11,SIGSEGV: Invalid memory reference to address Unknown Error,aarch64,*var2=*var1,2021-07-25T01:51:06.879118,317
"ManifestConsistencyChecker()+100 SafeRunner() AutoBuildJob() Worker() main() __static_initialization_and_destruction_0(int, int)",11,SIGSEGV: Invalid memory reference to address Unknown Error,aarch64,*var2=*var1,2021-07-25T01:51:13.773218,318
"Utilities() ApplyPatchOperation() SelectionDispatchAction() Action() ActionContributionItem() EventTable() Display() Widget() PartRenderingEngine() Realm() E4Workbench() Workbench() PlatformUI() IDEApplication() EclipseAppHandle() EclipseAppLauncher() EclipseStarter() NativeMethodAccessorImpl() DelegatingMethodAccessorImpl() Method() Main() main() __static_initialization_and_destruction_0(int, int)",6,SIGABRT: (Error Number 0),aarch64, throw new bad_alloc(),2021-07-25T01:51:20.213051,319
"Synchronizer()+100 Window() LogListener() RunnableLock() PartRenderingEngine() Realm() E4Workbench() Workbench() PlatformUI() IDEApplication() EclipseAppHandle() EclipseAppLauncher() EclipseStarter() NativeMethodAccessorImpl() DelegatingMethodAccessorImpl() Method() Main() main() __static_initialization_and_destruction_0(int, int)",11,SIGSEGV: Invalid memory reference to address Unknown Error,aarch64,*var2=*var1,2021-07-25T01:51:25.096555,320
infiniteRecur(int)+12 infiniteRecur(int)+24 infiniteRecur(int)+24 infiniteRecur(int)+24 infiniteRecur(int)+24 infiniteRecur(int)+24 infiniteRecur(int)+24 infiniteRecur(int)+24 infiniteRecur(int)+24 infiniteRecur(int)+24 infiniteRecur(int)+24 infiniteRecur(int)+24 infiniteRecur(int)+24 infiniteRecur(int)+24 infiniteRecur(int)+24 infiniteRecur(int)+24 infiniteRecur(int)+24 infiniteRecur(int)+24 infiniteRecur(int)+24 infiniteRecur(int)+24 infiniteRecur(int)+24 infiniteRecur(int)+24 infiniteRecur(int)+24 infiniteRecur(int)+24 infiniteRecur(int)+24 infiniteRecur(int)+24 infiniteRecur(int)+24 infiniteRecur(int)+24 infiniteRecur(int)+24 infiniteRecur(int)+24 infiniteRecur(int)+24 infiniteRecur(int)+24,11,SIGSEGV: Invalid memory reference to address Unknown Error,aarch64,return infiniteRecur(a),2021-07-25T01:51:29.840737,321
infiniteRecur(int)+12 infiniteRecur(int)+24 infiniteRecur(int)+24 infiniteRecur(int)+24 infiniteRecur(int)+24 infiniteRecur(int)+24 infiniteRecur(int)+24 infiniteRecur(int)+24 infiniteRecur(int)+24 infiniteRecur(int)+24 infiniteRecur(int)+24 infiniteRecur(int)+24 infiniteRecur(int)+24 infiniteRecur(int)+24 infiniteRecur(int)+24 infiniteRecur(int)+24 infiniteRecur(int)+24 infiniteRecur(int)+24 infiniteRecur(int)+24 infiniteRecur(int)+24 infiniteRecur(int)+24 infiniteRecur(int)+24 infiniteRecur(int)+24 infiniteRecur(int)+24 infiniteRecur(int)+24 infiniteRecur(int)+24 infiniteRecur(int)+24 infiniteRecur(int)+24 infiniteRecur(int)+24 infiniteRecur(int)+24 infiniteRecur(int)+24 infiniteRecur(int)+24,11,SIGSEGV: Invalid memory reference to address Unknown Error,aarch64,return infiniteRecur(a),2021-07-25T01:51:34.881042,322
infiniteRecur(int)+12 infiniteRecur(int)+24 infiniteRecur(int)+24 infiniteRecur(int)+24 infiniteRecur(int)+24 infiniteRecur(int)+24 infiniteRecur(int)+24 infiniteRecur(int)+24 infiniteRecur(int)+24 infiniteRecur(int)+24 infiniteRecur(int)+24 infiniteRecur(int)+24 infiniteRecur(int)+24 infiniteRecur(int)+24 infiniteRecur(int)+24 infiniteRecur(int)+24 infiniteRecur(int)+24 infiniteRecur(int)+24 infiniteRecur(int)+24 infiniteRecur(int)+24 infiniteRecur(int)+24 infiniteRecur(int)+24 infiniteRecur(int)+24 infiniteRecur(int)+24 infiniteRecur(int)+24 infiniteRecur(int)+24 infiniteRecur(int)+24 infiniteRecur(int)+24 infiniteRecur(int)+24 infiniteRecur(int)+24 infiniteRecur(int)+24 infiniteRecur(int)+24,11,SIGSEGV: Invalid memory reference to address Unknown Error,aarch64,return infiniteRecur(a),2021-07-25T01:51:41.300758,323
infiniteRecur(int)+12 infiniteRecur(int)+24 infiniteRecur(int)+24 infiniteRecur(int)+24 infiniteRecur(int)+24 infiniteRecur(int)+24 infiniteRecur(int)+24 infiniteRecur(int)+24 infiniteRecur(int)+24 infiniteRecur(int)+24 infiniteRecur(int)+24 infiniteRecur(int)+24 infiniteRecur(int)+24 infiniteRecur(int)+24 infiniteRecur(int)+24 infiniteRecur(int)+24 infiniteRecur(int)+24 infiniteRecur(int)+24 infiniteRecur(int)+24 infiniteRecur(int)+24 infiniteRecur(int)+24 infiniteRecur(int)+24 infiniteRecur(int)+24 infiniteRecur(int)+24 infiniteRecur(int)+24 infiniteRecur(int)+24 infiniteRecur(int)+24 infiniteRecur(int)+24 infiniteRecur(int)+24 infiniteRecur(int)+24 infiniteRecur(int)+24 infiniteRecur(int)+24,11,SIGSEGV: Invalid memory reference to address Unknown Error,aarch64,return infiniteRecur(a),2021-07-25T01:51:46.209017,324
"Synchronizer()+100 Workbench() Realm() PlatformUI() IDEApplication() EclipseAppHandle() EclipseAppLauncher() EclipseStarter() NativeMethodAccessorImpl() DelegatingMethodAccessorImpl() Method() Main() main() __static_initialization_and_destruction_0(int, int)",11,SIGSEGV: Invalid memory reference to address Unknown Error,aarch64,*var2=*var1,2021-07-25T01:51:51.021633,325
"Synchronizer()+100 PartRenderingEngine() Realm() E4Workbench() Workbench() PlatformUI() IDEApplication() EclipseAppHandle() EclipseAppLauncher() EclipseStarter() NativeMethodAccessorImpl() DelegatingMethodAccessorImpl() Method() Main() main() __static_initialization_and_destruction_0(int, int)",11,SIGSEGV: Invalid memory reference to address Unknown Error,aarch64,*var2=*var1,2021-07-25T01:51:55.791064,326
"long, int, char, int>(long (*)(char const*, char**, int), char const*, char const*, unsigned long*, int)+116 long, int, char, int>(long (*)(char const*, char**, int), char const*, char const*, unsigned long*, int)::_Save_errno::_Save_errno() MarkerContentGenerator()+96 Worker() main() __static_initialization_and_destruction_0(int, int)",6,SIGABRT: (Error Number 0),aarch64,int a = std::stoi(num),2021-07-25T01:52:00.730654,327
"long, int, char, int>(long (*)(char const*, char**, int), char const*, char const*, unsigned long*, int)+116 long, int, char, int>(long (*)(char const*, char**, int), char const*, char const*, unsigned long*, int)::_Save_errno::_Save_errno() MarkerUtilities()+96 MarkerHelpRegistry() MarkerField() MarkerProblemSeverityAndMessageField() MarkerColumnLabelProvider() ViewerColumn() AbstractTreeViewer() MarkersTreeViewer() SafeRunner() JFaceUtil() SafeRunnable() StructuredViewer() TreeViewer() ColumnViewer() UIUpdateJob() UIJob() RunnableLock() Synchronizer() Display() PartRenderingEngine() Realm() E4Workbench() Workbench()",6,SIGABRT: (Error Number 0),aarch64,int a = std::stoi(num),2021-07-25T01:52:06.178932,328
Synchronizer()+100 Window() MessageDialog() DefaultDialectEditorDialogFactory() DDiagramEditorImpl() CompatibilityPart() MethodRequestor() InjectorImpl() ContextInjectionFactory() PartRenderingEngine() ContributedPartRenderer() CTabItem() CTabFolder() Control() StackRenderer() SafeRunner() ElementReferenceRenderer() WorkbenchWindow() BusyIndicator() Workbench() WBWRenderer() TypedListener() EventTable() Widget() Decorations() Canvas() Shell() OS() Realm() E4Workbench() PlatformUI() IDEApplication(),11,SIGSEGV: Invalid memory reference to address Unknown Error,aarch64,*var2=*var1,2021-07-25T01:52:11.375967,329
"CommonarchiveFactoryImpl()+100 EnterpriseArtifactEdit() EJBHelper() DelegatingMethodAccessorImpl() Method() WorkbenchContext() EJBValidationContext() EJBValidator() UIEjbValidator() ValidatorJob() Worker() main() __static_initialization_and_destruction_0(int, int)",11,SIGSEGV: Invalid memory reference to address Unknown Error,aarch64,*var2=*var1,2021-07-25T01:52:15.749294,330
"HTMLValidator()+100 ValManager() ValBuilderJob() ResourceDelta() InternalWorkspaceJob() Worker() main() __static_initialization_and_destruction_0(int, int)",11,SIGSEGV: Invalid memory reference to address Unknown Error,aarch64,*var2=*var1,2021-07-25T01:52:22.317654,331
infiniteRecur(int)+12 infiniteRecur(int)+24 infiniteRecur(int)+24 infiniteRecur(int)+24 infiniteRecur(int)+24 infiniteRecur(int)+24 infiniteRecur(int)+24 infiniteRecur(int)+24 infiniteRecur(int)+24 infiniteRecur(int)+24 infiniteRecur(int)+24 infiniteRecur(int)+24 infiniteRecur(int)+24 infiniteRecur(int)+24 infiniteRecur(int)+24 infiniteRecur(int)+24 infiniteRecur(int)+24 infiniteRecur(int)+24 infiniteRecur(int)+24 infiniteRecur(int)+24 infiniteRecur(int)+24 infiniteRecur(int)+24 infiniteRecur(int)+24 infiniteRecur(int)+24 infiniteRecur(int)+24 infiniteRecur(int)+24 infiniteRecur(int)+24 infiniteRecur(int)+24 infiniteRecur(int)+24 infiniteRecur(int)+24 infiniteRecur(int)+24 infiniteRecur(int)+24,11,SIGSEGV: Invalid memory reference to address Unknown Error,aarch64,return infiniteRecur(a),2021-07-25T01:52:28.684292,332
"long, int, char, int>(long (*)(char const*, char**, int), char const*, char const*, unsigned long*, int)+116 long, int, char, int>(long (*)(char const*, char**, int), char const*, char const*, unsigned long*, int)::_Save_errno::_Save_errno() LinkedCorrectionProposal()+96 CompletionProposalPopup() ContentAssistant() TextViewer() StyledTextListener() EventTable() Display() Widget() StyledText() Control() Canvas() OS() PartRenderingEngine() Realm() E4Workbench() Workbench() PlatformUI() IDEApplication() EclipseAppHandle() EclipseAppLauncher() EclipseStarter() NativeMethodAccessorImpl() DelegatingMethodAccessorImpl()",6,SIGABRT: (Error Number 0),aarch64,int a = std::stoi(num),2021-07-25T01:52:34.439733,333
infiniteRecur(int)+12 infiniteRecur(int)+24 infiniteRecur(int)+24 infiniteRecur(int)+24 infiniteRecur(int)+24 infiniteRecur(int)+24 infiniteRecur(int)+24 infiniteRecur(int)+24 infiniteRecur(int)+24 infiniteRecur(int)+24 infiniteRecur(int)+24 infiniteRecur(int)+24 infiniteRecur(int)+24 infiniteRecur(int)+24 infiniteRecur(int)+24 infiniteRecur(int)+24 infiniteRecur(int)+24 infiniteRecur(int)+24 infiniteRecur(int)+24 infiniteRecur(int)+24 infiniteRecur(int)+24 infiniteRecur(int)+24 infiniteRecur(int)+24 infiniteRecur(int)+24 infiniteRecur(int)+24 infiniteRecur(int)+24 infiniteRecur(int)+24 infiniteRecur(int)+24 infiniteRecur(int)+24 infiniteRecur(int)+24 infiniteRecur(int)+24 infiniteRecur(int)+24,11,SIGSEGV: Invalid memory reference to address Unknown Error,aarch64,return infiniteRecur(a),2021-07-25T01:52:39.736739,334
Workspace() CreateBranchPage() CreateBranchWizard() ModalContext() WizardDialog() Dialog() TypedListener() EventTable() Display() Widget() Window() BranchSelectionAndEditDialog() BranchOperationUI() Synchronizer() UISynchronizer() SwitchToMenu() PartRenderingEngine() Realm() E4Workbench() Workbench() PlatformUI() IDEApplication() EclipseAppHandle() EclipseAppLauncher() EclipseStarter() NativeMethodAccessorImpl(),6,SIGABRT: (Error Number 0),aarch64, throw new bad_alloc(),2021-07-25T01:52:44.325829,335
infiniteRecur(int)+12 infiniteRecur(int)+24 infiniteRecur(int)+24 infiniteRecur(int)+24 infiniteRecur(int)+24 infiniteRecur(int)+24 infiniteRecur(int)+24 infiniteRecur(int)+24 infiniteRecur(int)+24 infiniteRecur(int)+24 infiniteRecur(int)+24 infiniteRecur(int)+24 infiniteRecur(int)+24 infiniteRecur(int)+24 infiniteRecur(int)+24 infiniteRecur(int)+24 infiniteRecur(int)+24 infiniteRecur(int)+24 infiniteRecur(int)+24 infiniteRecur(int)+24 infiniteRecur(int)+24 infiniteRecur(int)+24 infiniteRecur(int)+24 infiniteRecur(int)+24 infiniteRecur(int)+24 infiniteRecur(int)+24 infiniteRecur(int)+24 infiniteRecur(int)+24 infiniteRecur(int)+24 infiniteRecur(int)+24 infiniteRecur(int)+24 infiniteRecur(int)+24,11,SIGSEGV: Invalid memory reference to address Unknown Error,aarch64,return infiniteRecur(a),2021-07-25T01:52:48.663877,336
"long, int, char, int>(long (*)(char const*, char**, int), char const*, char const*, unsigned long*, int)+116 long, int, char, int>(long (*)(char const*, char**, int), char const*, char const*, unsigned long*, int)::_Save_errno::_Save_errno() FXCSSContentDescriber()+96 ContentTypeMatcher() ContentDescriptionManager() File() WorkspaceEncodingProvider() XtextResource() LazyLinkingResource() ResourceImpl() ResourceSetImpl() XtextResourceSet() SynchronizedXtextResourceSet() SerialResourceLoader() AbstractResourceLoader() ClusteringBuilderState() AbstractBuilderState() XtextBuilder() BuildManager() SafeRunner() Project() Workspace() LaunchConfigurationDelegate() LaunchConfiguration() DebugUIPlugin()",6,SIGABRT: (Error Number 0),aarch64,int a = std::stoi(num),2021-07-25T01:52:53.547751,337
"Synchronizer()+100 PartRenderingEngine() Realm() E4Workbench() Workbench() PlatformUI() IDEApplication() EclipseAppHandle() EclipseAppLauncher() EclipseStarter() NativeMethodAccessorImpl() DelegatingMethodAccessorImpl() Method() Main() main() __static_initialization_and_destruction_0(int, int)",11,SIGSEGV: Invalid memory reference to address Unknown Error,aarch64,*var2=*var1,2021-07-25T01:52:58.340299,338
SynchronizableDocument() LazyGenericTypeProposal() ProjectionDocument() DefaultDocumentAdapter() StyledText() EventTable() Display() Widget() Control() Canvas() OS() NSResponder() Composite() Shell() NSApplication() PartRenderingEngine() Realm() E4Workbench() Workbench() PlatformUI() IDEApplication() EclipseAppHandle() EclipseAppLauncher() EclipseStarter() NativeMethodAccessorImpl() DelegatingMethodAccessorImpl(),6,SIGABRT: (Error Number 0),aarch64, throw new bad_alloc(),2021-07-25T01:53:03.001376,339
"long, int, char, int>(long (*)(char const*, char**, int), char const*, char const*, unsigned long*, int)+116 long, int, char, int>(long (*)(char const*, char**, int), char const*, char const*, unsigned long*, int)::_Save_errno::_Save_errno() ExportAllWizard()+96 Dialog() TypedListener() EventTable() Display() Widget() Window() WizardHandler() HandlerProxy() E4HandlerProxy() MethodRequestor() InjectorImpl() ContextInjectionFactory() HandlerServiceHandler() Command() ParameterizedCommand() HandlerServiceImpl() LegacyHandlerService() CommandAction() ExportResourcesAction() BaseSelectionListenerAction() ActionContributionItem() PartRenderingEngine()",6,SIGABRT: (Error Number 0),aarch64,int a = std::stoi(num),2021-07-25T01:53:07.494872,340
infiniteRecur(int)+12 infiniteRecur(int)+24 infiniteRecur(int)+24 infiniteRecur(int)+24 infiniteRecur(int)+24 infiniteRecur(int)+24 infiniteRecur(int)+24 infiniteRecur(int)+24 infiniteRecur(int)+24 infiniteRecur(int)+24 infiniteRecur(int)+24 infiniteRecur(int)+24 infiniteRecur(int)+24 infiniteRecur(int)+24 infiniteRecur(int)+24 infiniteRecur(int)+24 infiniteRecur(int)+24 infiniteRecur(int)+24 infiniteRecur(int)+24 infiniteRecur(int)+24 infiniteRecur(int)+24 infiniteRecur(int)+24 infiniteRecur(int)+24 infiniteRecur(int)+24 infiniteRecur(int)+24 infiniteRecur(int)+24 infiniteRecur(int)+24 infiniteRecur(int)+24 infiniteRecur(int)+24 infiniteRecur(int)+24 infiniteRecur(int)+24 infiniteRecur(int)+24,11,SIGSEGV: Invalid memory reference to address Unknown Error,aarch64,return infiniteRecur(a),2021-07-25T01:53:11.810645,341
"JavaModelOperation()+100 Workspace() PackageFragmentRoot() NewTypeWizardPage() NewClassCreationWizard() NewElementWizard() BatchOperation() JavaCore() WorkbenchRunnableAdapter() ModalContext() main() __static_initialization_and_destruction_0(int, int)",11,SIGSEGV: Invalid memory reference to address Unknown Error,aarch64,*var2=*var1,2021-07-25T01:53:16.656201,342
"ImplicitJobs()+100 Worker() main() __static_initialization_and_destruction_0(int, int)",11,SIGSEGV: Invalid memory reference to address Unknown Error,aarch64,*var2=*var1,2021-07-25T01:53:21.928135,343
"Synchronizer()+100 PartRenderingEngine() Realm() E4Workbench() Workbench() PlatformUI() IDEApplication() EclipseAppHandle() EclipseAppLauncher() EclipseStarter() Main() main() __static_initialization_and_destruction_0(int, int)",11,SIGSEGV: Invalid memory reference to address Unknown Error,aarch64,*var2=*var1,2021-07-25T01:53:26.303516,344
"SocketTransportService()+100 SocketAttachingConnectorImpl() SocketAttachConnector() JavaRemoteApplicationLaunchConfigurationDelegate() LaunchConfiguration() DebugUIPlugin() Worker() main() __static_initialization_and_destruction_0(int, int)",11,SIGSEGV: Invalid memory reference to address Unknown Error,aarch64,*var2=*var1,2021-07-25T01:53:30.702381,345
infiniteRecur(int)+12 infiniteRecur(int)+24 infiniteRecur(int)+24 infiniteRecur(int)+24 infiniteRecur(int)+24 infiniteRecur(int)+24 infiniteRecur(int)+24 infiniteRecur(int)+24 infiniteRecur(int)+24 infiniteRecur(int)+24 infiniteRecur(int)+24 infiniteRecur(int)+24 infiniteRecur(int)+24 infiniteRecur(int)+24 infiniteRecur(int)+24 infiniteRecur(int)+24 infiniteRecur(int)+24 infiniteRecur(int)+24 infiniteRecur(int)+24 infiniteRecur(int)+24 infiniteRecur(int)+24 infiniteRecur(int)+24 infiniteRecur(int)+24 infiniteRecur(int)+24 infiniteRecur(int)+24 infiniteRecur(int)+24 infiniteRecur(int)+24 infiniteRecur(int)+24 infiniteRecur(int)+24 infiniteRecur(int)+24 infiniteRecur(int)+24 infiniteRecur(int)+24,11,SIGSEGV: Invalid memory reference to address Unknown Error,aarch64,return infiniteRecur(a),2021-07-25T01:53:35.259948,346
"GnuMakefileGenerator() CommonBuilder() BuildManager() SafeRunner() AutoBuildJob() Worker() main() __static_initialization_and_destruction_0(int, int)",6,SIGABRT: (Error Number 0),aarch64, throw new bad_alloc(),2021-07-25T01:53:40.894233,347
"Util()+100 Parser() Compiler() ProcessTaskManager() main() __static_initialization_and_destruction_0(int, int)",11,SIGSEGV: Invalid memory reference to address Unknown Error,aarch64,*var2=*var1,2021-07-25T01:53:48.703376,348
"long, int, char, int>(long (*)(char const*, char**, int), char const*, char const*, unsigned long*, int)+116 long, int, char, int>(long (*)(char const*, char**, int), char const*, char const*, unsigned long*, int)::_Save_errno::_Save_errno() ColorsAndFontsPreferencePage()+96 FilteredTree() UIJob() RunnableLock() Synchronizer() Display() Window() WorkbenchPreferenceDialog() OpenPreferencesAction() Action() ActionContributionItem() EventTable() Widget() PartRenderingEngine() Realm() E4Workbench() Workbench() PlatformUI() IDEApplication() EclipseAppHandle() EclipseAppLauncher() EclipseStarter() NativeMethodAccessorImpl()",6,SIGABRT: (Error Number 0),aarch64,int a = std::stoi(num),2021-07-25T01:53:55.332192,349
infiniteRecur(int)+12 infiniteRecur(int)+24 infiniteRecur(int)+24 infiniteRecur(int)+24 infiniteRecur(int)+24 infiniteRecur(int)+24 infiniteRecur(int)+24 infiniteRecur(int)+24 infiniteRecur(int)+24 infiniteRecur(int)+24 infiniteRecur(int)+24 infiniteRecur(int)+24 infiniteRecur(int)+24 infiniteRecur(int)+24 infiniteRecur(int)+24 infiniteRecur(int)+24 infiniteRecur(int)+24 infiniteRecur(int)+24 infiniteRecur(int)+24 infiniteRecur(int)+24 infiniteRecur(int)+24 infiniteRecur(int)+24 infiniteRecur(int)+24 infiniteRecur(int)+24 infiniteRecur(int)+24 infiniteRecur(int)+24 infiniteRecur(int)+24 infiniteRecur(int)+24 infiniteRecur(int)+24 infiniteRecur(int)+24 infiniteRecur(int)+24 infiniteRecur(int)+24,11,SIGSEGV: Invalid memory reference to address Unknown Error,aarch64,return infiniteRecur(a),2021-07-25T01:54:02.256284,350
"Synchronizer()+100 PartRenderingEngine() Realm() E4Workbench() Workbench() PlatformUI() IDEApplication() EclipseAppHandle() EclipseAppLauncher() EclipseStarter() Main() main() __static_initialization_and_destruction_0(int, int)",11,SIGSEGV: Invalid memory reference to address Unknown Error,aarch64,*var2=*var1,2021-07-25T01:54:07.904849,351
"long, int, char, int>(long (*)(char const*, char**, int), char const*, char const*, unsigned long*, int)+116 long, int, char, int>(long (*)(char const*, char**, int), char const*, char const*, unsigned long*, int)::_Save_errno::_Save_errno() PluginStructureCreator()+96 BusyIndicator() Utilities() StructureDiffViewer() ContentViewer() StructuredViewer() CompareViewerSwitchingPane() CompareStructureViewerSwitchingPane() CompareEditorInput() CompareEditor() UILockListener() UISynchronizer() RunnableLock() Synchronizer() Display() PartRenderingEngine() Realm() E4Workbench() Workbench() PlatformUI() IDEApplication() EclipseAppHandle() EclipseAppLauncher()",6,SIGABRT: (Error Number 0),aarch64,int a = std::stoi(num),2021-07-25T01:54:12.905428,352
infiniteRecur(int)+12 infiniteRecur(int)+24 infiniteRecur(int)+24 infiniteRecur(int)+24 infiniteRecur(int)+24 infiniteRecur(int)+24 infiniteRecur(int)+24 infiniteRecur(int)+24 infiniteRecur(int)+24 infiniteRecur(int)+24 infiniteRecur(int)+24 infiniteRecur(int)+24 infiniteRecur(int)+24 infiniteRecur(int)+24 infiniteRecur(int)+24 infiniteRecur(int)+24 infiniteRecur(int)+24 infiniteRecur(int)+24 infiniteRecur(int)+24 infiniteRecur(int)+24 infiniteRecur(int)+24 infiniteRecur(int)+24 infiniteRecur(int)+24 infiniteRecur(int)+24 infiniteRecur(int)+24 infiniteRecur(int)+24 infiniteRecur(int)+24 infiniteRecur(int)+24 infiniteRecur(int)+24 infiniteRecur(int)+24 infiniteRecur(int)+24 infiniteRecur(int)+24,11,SIGSEGV: Invalid memory reference to address Unknown Error,aarch64,return infiniteRecur(a),2021-07-25T01:54:18.609481,353
"SynchronizeManager()+100 JobListeners() JobManager() WorkerPool() Worker() main() __static_initialization_and_destruction_0(int, int)",11,SIGSEGV: Invalid memory reference to address Unknown Error,aarch64,*var2=*var1,2021-07-25T01:54:25.834414,354
infiniteRecur(int)+12 infiniteRecur(int)+24 infiniteRecur(int)+24 infiniteRecur(int)+24 infiniteRecur(int)+24 infiniteRecur(int)+24 infiniteRecur(int)+24 infiniteRecur(int)+24 infiniteRecur(int)+24 infiniteRecur(int)+24 infiniteRecur(int)+24 infiniteRecur(int)+24 infiniteRecur(int)+24 infiniteRecur(int)+24 infiniteRecur(int)+24 infiniteRecur(int)+24 infiniteRecur(int)+24 infiniteRecur(int)+24 infiniteRecur(int)+24 infiniteRecur(int)+24 infiniteRecur(int)+24 infiniteRecur(int)+24 infiniteRecur(int)+24 infiniteRecur(int)+24 infiniteRecur(int)+24 infiniteRecur(int)+24 infiniteRecur(int)+24 infiniteRecur(int)+24 infiniteRecur(int)+24 infiniteRecur(int)+24 infiniteRecur(int)+24 infiniteRecur(int)+24,11,SIGSEGV: Invalid memory reference to address Unknown Error,aarch64,return infiniteRecur(a),2021-07-25T01:54:33.122871,355
infiniteRecur(int)+12 infiniteRecur(int)+24 infiniteRecur(int)+24 infiniteRecur(int)+24 infiniteRecur(int)+24 infiniteRecur(int)+24 infiniteRecur(int)+24 infiniteRecur(int)+24 infiniteRecur(int)+24 infiniteRecur(int)+24 infiniteRecur(int)+24 infiniteRecur(int)+24 infiniteRecur(int)+24 infiniteRecur(int)+24 infiniteRecur(int)+24 infiniteRecur(int)+24 infiniteRecur(int)+24 infiniteRecur(int)+24 infiniteRecur(int)+24 infiniteRecur(int)+24 infiniteRecur(int)+24 infiniteRecur(int)+24 infiniteRecur(int)+24 infiniteRecur(int)+24 infiniteRecur(int)+24 infiniteRecur(int)+24 infiniteRecur(int)+24 infiniteRecur(int)+24 infiniteRecur(int)+24 infiniteRecur(int)+24 infiniteRecur(int)+24 infiniteRecur(int)+24,11,SIGSEGV: Invalid memory reference to address Unknown Error,aarch64,return infiniteRecur(a),2021-07-25T01:54:40.289030,356
AbstractWorkingSetManager() SafeRunner() RunnableLock() Synchronizer() Display() ModalContext() RefactoringWizardDialog2() RefactoringWizard() UserInputWizardPage() DeleteResourcesWizard() Dialog() TypedListener() EventTable() Widget() Window() RefactoringWizardOpenOperation() BusyIndicator() DeleteResourcesHandler() HandlerProxy() E4HandlerProxy() NativeMethodAccessorImpl() DelegatingMethodAccessorImpl() Method() MethodRequestor() InjectorImpl() ContextInjectionFactory(),6,SIGABRT: (Error Number 0),aarch64, throw new bad_alloc(),2021-07-25T01:54:46.071760,357
"RefactoringCorePlugin()+100 DefaultOperationHistory() SafeRunner() UndoManager2() PerformChangeOperation() Workspace() UIPerformChangeOperation() WorkbenchRunnableAdapter() ModalContext() main() __static_initialization_and_destruction_0(int, int)",11,SIGSEGV: Invalid memory reference to address Unknown Error,aarch64,*var2=*var1,2021-07-25T01:54:51.790193,358
"ResizableDialog()+100 StringPropertyDialog() TypedListener() EventTable() Display() Widget() Window() StringPropertyEditor() ButtonPropertyEditorPresentationImpl() PartRenderingEngine() Realm() E4Workbench() Workbench() PlatformUI() IDEApplication() EclipseAppHandle() EclipseAppLauncher() EclipseStarter() Main() main() __static_initialization_and_destruction_0(int, int)",11,SIGSEGV: Invalid memory reference to address Unknown Error,aarch64,*var2=*var1,2021-07-25T01:54:57.292185,359
infiniteRecur(int)+12 infiniteRecur(int)+24 infiniteRecur(int)+24 infiniteRecur(int)+24 infiniteRecur(int)+24 infiniteRecur(int)+24 infiniteRecur(int)+24 infiniteRecur(int)+24 infiniteRecur(int)+24 infiniteRecur(int)+24 infiniteRecur(int)+24 infiniteRecur(int)+24 infiniteRecur(int)+24 infiniteRecur(int)+24 infiniteRecur(int)+24 infiniteRecur(int)+24 infiniteRecur(int)+24 infiniteRecur(int)+24 infiniteRecur(int)+24 infiniteRecur(int)+24 infiniteRecur(int)+24 infiniteRecur(int)+24 infiniteRecur(int)+24 infiniteRecur(int)+24 infiniteRecur(int)+24 infiniteRecur(int)+24 infiniteRecur(int)+24 infiniteRecur(int)+24 infiniteRecur(int)+24 infiniteRecur(int)+24 infiniteRecur(int)+24 infiniteRecur(int)+24,11,SIGSEGV: Invalid memory reference to address Unknown Error,aarch64,return infiniteRecur(a),2021-07-25T01:55:03.272237,360
"long, int, char, int>(long (*)(char const*, char**, int), char const*, char const*, unsigned long*, int)+116 long, int, char, int>(long (*)(char const*, char**, int), char const*, char const*, unsigned long*, int)::_Save_errno::_Save_errno() CheckoutCommand()+96 BaseDirCacheEditor() DiscardChangesOperation() Workspace() DiscardChangesActionHandler() InternalWorkspaceJob() Worker() main() __static_initialization_and_destruction_0(int, int)",6,SIGABRT: (Error Number 0),aarch64,int a = std::stoi(num),2021-07-25T01:55:08.744865,361
infiniteRecur(int)+12 infiniteRecur(int)+24 infiniteRecur(int)+24 infiniteRecur(int)+24 infiniteRecur(int)+24 infiniteRecur(int)+24 infiniteRecur(int)+24 infiniteRecur(int)+24 infiniteRecur(int)+24 infiniteRecur(int)+24 infiniteRecur(int)+24 infiniteRecur(int)+24 infiniteRecur(int)+24 infiniteRecur(int)+24 infiniteRecur(int)+24 infiniteRecur(int)+24 infiniteRecur(int)+24 infiniteRecur(int)+24 infiniteRecur(int)+24 infiniteRecur(int)+24 infiniteRecur(int)+24 infiniteRecur(int)+24 infiniteRecur(int)+24 infiniteRecur(int)+24 infiniteRecur(int)+24 infiniteRecur(int)+24 infiniteRecur(int)+24 infiniteRecur(int)+24 infiniteRecur(int)+24 infiniteRecur(int)+24 infiniteRecur(int)+24 infiniteRecur(int)+24,11,SIGSEGV: Invalid memory reference to address Unknown Error,aarch64,return infiniteRecur(a),2021-07-25T01:55:14.636129,362
"long, int, char, int>(long (*)(char const*, char**, int), char const*, char const*, unsigned long*, int)+116 long, int, char, int>(long (*)(char const*, char**, int), char const*, char const*, unsigned long*, int)::_Save_errno::_Save_errno() JavaScriptPlugin()+96 AbstractJavaEditorTextHover() BestMatchHover() JavaEditorTextHoverProxy() TextViewerHoverManager() main() __static_initialization_and_destruction_0(int, int)",6,SIGABRT: (Error Number 0),aarch64,int a = std::stoi(num),2021-07-25T01:55:23.613899,363
infiniteRecur(int)+12 infiniteRecur(int)+24 infiniteRecur(int)+24 infiniteRecur(int)+24 infiniteRecur(int)+24 infiniteRecur(int)+24 infiniteRecur(int)+24 infiniteRecur(int)+24 infiniteRecur(int)+24 infiniteRecur(int)+24 infiniteRecur(int)+24 infiniteRecur(int)+24 infiniteRecur(int)+24 infiniteRecur(int)+24 infiniteRecur(int)+24 infiniteRecur(int)+24 infiniteRecur(int)+24 infiniteRecur(int)+24 infiniteRecur(int)+24 infiniteRecur(int)+24 infiniteRecur(int)+24 infiniteRecur(int)+24 infiniteRecur(int)+24 infiniteRecur(int)+24 infiniteRecur(int)+24 infiniteRecur(int)+24 infiniteRecur(int)+24 infiniteRecur(int)+24 infiniteRecur(int)+24 infiniteRecur(int)+24 infiniteRecur(int)+24 infiniteRecur(int)+24,11,SIGSEGV: Invalid memory reference to address Unknown Error,aarch64,return infiniteRecur(a),2021-07-25T01:55:30.723522,364
infiniteRecur(int)+12 infiniteRecur(int)+24 infiniteRecur(int)+24 infiniteRecur(int)+24 infiniteRecur(int)+24 infiniteRecur(int)+24 infiniteRecur(int)+24 infiniteRecur(int)+24 infiniteRecur(int)+24 infiniteRecur(int)+24 infiniteRecur(int)+24 infiniteRecur(int)+24 infiniteRecur(int)+24 infiniteRecur(int)+24 infiniteRecur(int)+24 infiniteRecur(int)+24 infiniteRecur(int)+24 infiniteRecur(int)+24 infiniteRecur(int)+24 infiniteRecur(int)+24 infiniteRecur(int)+24 infiniteRecur(int)+24 infiniteRecur(int)+24 infiniteRecur(int)+24 infiniteRecur(int)+24 infiniteRecur(int)+24 infiniteRecur(int)+24 infiniteRecur(int)+24 infiniteRecur(int)+24 infiniteRecur(int)+24 infiniteRecur(int)+24 infiniteRecur(int)+24,11,SIGSEGV: Invalid memory reference to address Unknown Error,aarch64,return infiniteRecur(a),2021-07-25T01:55:37.481379,365
infiniteRecur(int)+12 infiniteRecur(int)+24 infiniteRecur(int)+24 infiniteRecur(int)+24 infiniteRecur(int)+24 infiniteRecur(int)+24 infiniteRecur(int)+24 infiniteRecur(int)+24 infiniteRecur(int)+24 infiniteRecur(int)+24 infiniteRecur(int)+24 infiniteRecur(int)+24 infiniteRecur(int)+24 infiniteRecur(int)+24 infiniteRecur(int)+24 infiniteRecur(int)+24 infiniteRecur(int)+24 infiniteRecur(int)+24 infiniteRecur(int)+24 infiniteRecur(int)+24 infiniteRecur(int)+24 infiniteRecur(int)+24 infiniteRecur(int)+24 infiniteRecur(int)+24 infiniteRecur(int)+24 infiniteRecur(int)+24 infiniteRecur(int)+24 infiniteRecur(int)+24 infiniteRecur(int)+24 infiniteRecur(int)+24 infiniteRecur(int)+24 infiniteRecur(int)+24,11,SIGSEGV: Invalid memory reference to address Unknown Error,aarch64,return infiniteRecur(a),2021-07-25T01:55:44.084733,366
infiniteRecur(int)+12 infiniteRecur(int)+24 infiniteRecur(int)+24 infiniteRecur(int)+24 infiniteRecur(int)+24 infiniteRecur(int)+24 infiniteRecur(int)+24 infiniteRecur(int)+24 infiniteRecur(int)+24 infiniteRecur(int)+24 infiniteRecur(int)+24 infiniteRecur(int)+24 infiniteRecur(int)+24 infiniteRecur(int)+24 infiniteRecur(int)+24 infiniteRecur(int)+24 infiniteRecur(int)+24 infiniteRecur(int)+24 infiniteRecur(int)+24 infiniteRecur(int)+24 infiniteRecur(int)+24 infiniteRecur(int)+24 infiniteRecur(int)+24 infiniteRecur(int)+24 infiniteRecur(int)+24 infiniteRecur(int)+24 infiniteRecur(int)+24 infiniteRecur(int)+24 infiniteRecur(int)+24 infiniteRecur(int)+24 infiniteRecur(int)+24 infiniteRecur(int)+24,11,SIGSEGV: Invalid memory reference to address Unknown Error,aarch64,return infiniteRecur(a),2021-07-25T01:55:50.363394,367
"TomcatServer() TomcatServerBehaviour() ServerBehaviourDelegate() Server() Worker() main() __static_initialization_and_destruction_0(int, int)",6,SIGABRT: (Error Number 0),aarch64, throw new bad_alloc(),2021-07-25T01:55:56.812731,368
infiniteRecur(int)+12 infiniteRecur(int)+24 infiniteRecur(int)+24 infiniteRecur(int)+24 infiniteRecur(int)+24 infiniteRecur(int)+24 infiniteRecur(int)+24 infiniteRecur(int)+24 infiniteRecur(int)+24 infiniteRecur(int)+24 infiniteRecur(int)+24 infiniteRecur(int)+24 infiniteRecur(int)+24 infiniteRecur(int)+24 infiniteRecur(int)+24 infiniteRecur(int)+24 infiniteRecur(int)+24 infiniteRecur(int)+24 infiniteRecur(int)+24 infiniteRecur(int)+24 infiniteRecur(int)+24 infiniteRecur(int)+24 infiniteRecur(int)+24 infiniteRecur(int)+24 infiniteRecur(int)+24 infiniteRecur(int)+24 infiniteRecur(int)+24 infiniteRecur(int)+24 infiniteRecur(int)+24 infiniteRecur(int)+24 infiniteRecur(int)+24 infiniteRecur(int)+24,11,SIGSEGV: Invalid memory reference to address Unknown Error,aarch64,return infiniteRecur(a),2021-07-25T01:56:04.470071,369
infiniteRecur(int)+12 infiniteRecur(int)+24 infiniteRecur(int)+24 infiniteRecur(int)+24 infiniteRecur(int)+24 infiniteRecur(int)+24 infiniteRecur(int)+24 infiniteRecur(int)+24 infiniteRecur(int)+24 infiniteRecur(int)+24 infiniteRecur(int)+24 infiniteRecur(int)+24 infiniteRecur(int)+24 infiniteRecur(int)+24 infiniteRecur(int)+24 infiniteRecur(int)+24 infiniteRecur(int)+24 infiniteRecur(int)+24 infiniteRecur(int)+24 infiniteRecur(int)+24 infiniteRecur(int)+24 infiniteRecur(int)+24 infiniteRecur(int)+24 infiniteRecur(int)+24 infiniteRecur(int)+24 infiniteRecur(int)+24 infiniteRecur(int)+24 infiniteRecur(int)+24 infiniteRecur(int)+24 infiniteRecur(int)+24 infiniteRecur(int)+24 infiniteRecur(int)+24,11,SIGSEGV: Invalid memory reference to address Unknown Error,aarch64,return infiniteRecur(a),2021-07-25T01:56:12.258317,370
"long, int, char, int>(long (*)(char const*, char**, int), char const*, char const*, unsigned long*, int)+116 long, int, char, int>(long (*)(char const*, char**, int), char const*, char const*, unsigned long*, int)::_Save_errno::_Save_errno() ExternalToolsPlugin()+96 RevisionCompareAction() ModalContext() main() __static_initialization_and_destruction_0(int, int)",6,SIGABRT: (Error Number 0),aarch64,int a = std::stoi(num),2021-07-25T01:56:17.504995,371
infiniteRecur(int)+12 infiniteRecur(int)+24 infiniteRecur(int)+24 infiniteRecur(int)+24 infiniteRecur(int)+24 infiniteRecur(int)+24 infiniteRecur(int)+24 infiniteRecur(int)+24 infiniteRecur(int)+24 infiniteRecur(int)+24 infiniteRecur(int)+24 infiniteRecur(int)+24 infiniteRecur(int)+24 infiniteRecur(int)+24 infiniteRecur(int)+24 infiniteRecur(int)+24 infiniteRecur(int)+24 infiniteRecur(int)+24 infiniteRecur(int)+24 infiniteRecur(int)+24 infiniteRecur(int)+24 infiniteRecur(int)+24 infiniteRecur(int)+24 infiniteRecur(int)+24 infiniteRecur(int)+24 infiniteRecur(int)+24 infiniteRecur(int)+24 infiniteRecur(int)+24 infiniteRecur(int)+24 infiniteRecur(int)+24 infiniteRecur(int)+24 infiniteRecur(int)+24,11,SIGSEGV: Invalid memory reference to address Unknown Error,aarch64,return infiniteRecur(a),2021-07-25T01:56:23.563161,372
"Synchronizer()+100 PartRenderingEngine() Realm() E4Workbench() Workbench() PlatformUI() IDEApplication() EclipseAppHandle() EclipseAppLauncher() EclipseStarter() NativeMethodAccessorImpl() DelegatingMethodAccessorImpl() Method() Main() main() __static_initialization_and_destruction_0(int, int)",11,SIGSEGV: Invalid memory reference to address Unknown Error,aarch64,*var2=*var1,2021-07-25T01:56:29.196189,373
infiniteRecur(int)+12 infiniteRecur(int)+24 infiniteRecur(int)+24 infiniteRecur(int)+24 infiniteRecur(int)+24 infiniteRecur(int)+24 infiniteRecur(int)+24 infiniteRecur(int)+24 infiniteRecur(int)+24 infiniteRecur(int)+24 infiniteRecur(int)+24 infiniteRecur(int)+24 infiniteRecur(int)+24 infiniteRecur(int)+24 infiniteRecur(int)+24 infiniteRecur(int)+24 infiniteRecur(int)+24 infiniteRecur(int)+24 infiniteRecur(int)+24 infiniteRecur(int)+24 infiniteRecur(int)+24 infiniteRecur(int)+24 infiniteRecur(int)+24 infiniteRecur(int)+24 infiniteRecur(int)+24 infiniteRecur(int)+24 infiniteRecur(int)+24 infiniteRecur(int)+24 infiniteRecur(int)+24 infiniteRecur(int)+24 infiniteRecur(int)+24 infiniteRecur(int)+24,11,SIGSEGV: Invalid memory reference to address Unknown Error,aarch64,return infiniteRecur(a),2021-07-25T01:56:34.874063,374
infiniteRecur(int)+12 infiniteRecur(int)+24 infiniteRecur(int)+24 infiniteRecur(int)+24 infiniteRecur(int)+24 infiniteRecur(int)+24 infiniteRecur(int)+24 infiniteRecur(int)+24 infiniteRecur(int)+24 infiniteRecur(int)+24 infiniteRecur(int)+24 infiniteRecur(int)+24 infiniteRecur(int)+24 infiniteRecur(int)+24 infiniteRecur(int)+24 infiniteRecur(int)+24 infiniteRecur(int)+24 infiniteRecur(int)+24 infiniteRecur(int)+24 infiniteRecur(int)+24 infiniteRecur(int)+24 infiniteRecur(int)+24 infiniteRecur(int)+24 infiniteRecur(int)+24 infiniteRecur(int)+24 infiniteRecur(int)+24 infiniteRecur(int)+24 infiniteRecur(int)+24 infiniteRecur(int)+24 infiniteRecur(int)+24 infiniteRecur(int)+24 infiniteRecur(int)+24,11,SIGSEGV: Invalid memory reference to address Unknown Error,aarch64,return infiniteRecur(a),2021-07-25T01:56:42.110313,375
infiniteRecur(int)+12 infiniteRecur(int)+24 infiniteRecur(int)+24 infiniteRecur(int)+24 infiniteRecur(int)+24 infiniteRecur(int)+24 infiniteRecur(int)+24 infiniteRecur(int)+24 infiniteRecur(int)+24 infiniteRecur(int)+24 infiniteRecur(int)+24 infiniteRecur(int)+24 infiniteRecur(int)+24 infiniteRecur(int)+24 infiniteRecur(int)+24 infiniteRecur(int)+24 infiniteRecur(int)+24 infiniteRecur(int)+24 infiniteRecur(int)+24 infiniteRecur(int)+24 infiniteRecur(int)+24 infiniteRecur(int)+24 infiniteRecur(int)+24 infiniteRecur(int)+24 infiniteRecur(int)+24 infiniteRecur(int)+24 infiniteRecur(int)+24 infiniteRecur(int)+24 infiniteRecur(int)+24 infiniteRecur(int)+24 infiniteRecur(int)+24 infiniteRecur(int)+24,11,SIGSEGV: Invalid memory reference to address Unknown Error,aarch64,return infiniteRecur(a),2021-07-25T01:56:47.170810,376
infiniteRecur(int)+12 infiniteRecur(int)+24 infiniteRecur(int)+24 infiniteRecur(int)+24 infiniteRecur(int)+24 infiniteRecur(int)+24 infiniteRecur(int)+24 infiniteRecur(int)+24 infiniteRecur(int)+24 infiniteRecur(int)+24 infiniteRecur(int)+24 infiniteRecur(int)+24 infiniteRecur(int)+24 infiniteRecur(int)+24 infiniteRecur(int)+24 infiniteRecur(int)+24 infiniteRecur(int)+24 infiniteRecur(int)+24 infiniteRecur(int)+24 infiniteRecur(int)+24 infiniteRecur(int)+24 infiniteRecur(int)+24 infiniteRecur(int)+24 infiniteRecur(int)+24 infiniteRecur(int)+24 infiniteRecur(int)+24 infiniteRecur(int)+24 infiniteRecur(int)+24 infiniteRecur(int)+24 infiniteRecur(int)+24 infiniteRecur(int)+24 infiniteRecur(int)+24,11,SIGSEGV: Invalid memory reference to address Unknown Error,aarch64,return infiniteRecur(a),2021-07-25T01:56:55.883683,377
"AbstractObservableValue() DelegatingObservableValue() DelegatingObservable() DelegatingInvocationHandler() AbstractModelElement() DataSource() DefaultDisplayEngine() XWTSection() ViewEditor() RunnableLock() Synchronizer() Display() PartRenderingEngine() Realm() E4Workbench() Workbench() PlatformUI() IDEApplication() EclipseAppHandle() EclipseAppLauncher() EclipseStarter() Main() main() __static_initialization_and_destruction_0(int, int)",6,SIGABRT: (Error Number 0),aarch64, throw new bad_alloc(),2021-07-25T01:57:03.419096,378
infiniteRecur(int)+12 infiniteRecur(int)+24 infiniteRecur(int)+24 infiniteRecur(int)+24 infiniteRecur(int)+24 infiniteRecur(int)+24 infiniteRecur(int)+24 infiniteRecur(int)+24 infiniteRecur(int)+24 infiniteRecur(int)+24 infiniteRecur(int)+24 infiniteRecur(int)+24 infiniteRecur(int)+24 infiniteRecur(int)+24 infiniteRecur(int)+24 infiniteRecur(int)+24 infiniteRecur(int)+24 infiniteRecur(int)+24 infiniteRecur(int)+24 infiniteRecur(int)+24 infiniteRecur(int)+24 infiniteRecur(int)+24 infiniteRecur(int)+24 infiniteRecur(int)+24 infiniteRecur(int)+24 infiniteRecur(int)+24 infiniteRecur(int)+24 infiniteRecur(int)+24 infiniteRecur(int)+24 infiniteRecur(int)+24 infiniteRecur(int)+24 infiniteRecur(int)+24,11,SIGSEGV: Invalid memory reference to address Unknown Error,aarch64,return infiniteRecur(a),2021-07-25T01:57:11.119733,379
"Synchronizer()+100 PartRenderingEngine() Realm() E4Workbench() Workbench() PlatformUI() IDEApplication() EclipseAppHandle() EclipseAppLauncher() EclipseStarter() Main() main() __static_initialization_and_destruction_0(int, int)",11,SIGSEGV: Invalid memory reference to address Unknown Error,aarch64,*var2=*var1,2021-07-25T01:57:18.590411,380
infiniteRecur(int)+12 infiniteRecur(int)+24 infiniteRecur(int)+24 infiniteRecur(int)+24 infiniteRecur(int)+24 infiniteRecur(int)+24 infiniteRecur(int)+24 infiniteRecur(int)+24 infiniteRecur(int)+24 infiniteRecur(int)+24 infiniteRecur(int)+24 infiniteRecur(int)+24 infiniteRecur(int)+24 infiniteRecur(int)+24 infiniteRecur(int)+24 infiniteRecur(int)+24 infiniteRecur(int)+24 infiniteRecur(int)+24 infiniteRecur(int)+24 infiniteRecur(int)+24 infiniteRecur(int)+24 infiniteRecur(int)+24 infiniteRecur(int)+24 infiniteRecur(int)+24 infiniteRecur(int)+24 infiniteRecur(int)+24 infiniteRecur(int)+24 infiniteRecur(int)+24 infiniteRecur(int)+24 infiniteRecur(int)+24 infiniteRecur(int)+24 infiniteRecur(int)+24,11,SIGSEGV: Invalid memory reference to address Unknown Error,aarch64,return infiniteRecur(a),2021-07-25T01:57:25.865875,381
"MethodInvocationImpl()+100 PendingElement() BindingManager() JavaReader() AbstractDiscoverJavaModelFromProject() DiscoverJavaModelFromJavaProject() AbstractDiscoverer() AbstractModelDiscoverer() AbstractDiscoverKDMSourceAndJavaModel() AbstractComposedKDMSourceDiscoverer2() MoDiscoMenuSelectionListener() Worker() main() __static_initialization_and_destruction_0(int, int)",11,SIGSEGV: Invalid memory reference to address Unknown Error,aarch64,*var2=*var1,2021-07-25T01:57:33.143398,382
"PacketReceiveManager()+100 ObjectReferenceImpl() JDIThread() JDIDebugTarget() EventDispatcher() Worker() main() __static_initialization_and_destruction_0(int, int)",11,SIGSEGV: Invalid memory reference to address Unknown Error,aarch64,*var2=*var1,2021-07-25T01:57:40.321026,383
"long, int, char, int>(long (*)(char const*, char**, int), char const*, char const*, unsigned long*, int)+116 long, int, char, int>(long (*)(char const*, char**, int), char const*, char const*, unsigned long*, int)::_Save_errno::_Save_errno() JavaElement()+96 BinaryMethod() ResolvedBinaryMethod() JavadocContentAccess2() JavadocHover() BestMatchHover() JavaEditorTextHoverProxy() TextViewerHoverManager() main() __static_initialization_and_destruction_0(int, int)",6,SIGABRT: (Error Number 0),aarch64,int a = std::stoi(num),2021-07-25T01:57:46.905695,384
infiniteRecur(int)+12 infiniteRecur(int)+24 infiniteRecur(int)+24 infiniteRecur(int)+24 infiniteRecur(int)+24 infiniteRecur(int)+24 infiniteRecur(int)+24 infiniteRecur(int)+24 infiniteRecur(int)+24 infiniteRecur(int)+24 infiniteRecur(int)+24 infiniteRecur(int)+24 infiniteRecur(int)+24 infiniteRecur(int)+24 infiniteRecur(int)+24 infiniteRecur(int)+24 infiniteRecur(int)+24 infiniteRecur(int)+24 infiniteRecur(int)+24 infiniteRecur(int)+24 infiniteRecur(int)+24 infiniteRecur(int)+24 infiniteRecur(int)+24 infiniteRecur(int)+24 infiniteRecur(int)+24 infiniteRecur(int)+24 infiniteRecur(int)+24 infiniteRecur(int)+24 infiniteRecur(int)+24 infiniteRecur(int)+24 infiniteRecur(int)+24 infiniteRecur(int)+24,11,SIGSEGV: Invalid memory reference to address Unknown Error,aarch64,return infiniteRecur(a),2021-07-25T01:57:53.126961,385
"long, int, char, int>(long (*)(char const*, char**, int), char const*, char const*, unsigned long*, int)+116 long, int, char, int>(long (*)(char const*, char**, int), char const*, char const*, unsigned long*, int)::_Save_errno::_Save_errno() SshConnectorService()+96 SubSystem() LaunchTerminalCommandHandler() HandlerProxy() E4HandlerProxy() NativeMethodAccessorImpl() DelegatingMethodAccessorImpl() Method() MethodRequestor() InjectorImpl() ContextInjectionFactory() HandlerServiceHandler() Command() ParameterizedCommand() HandlerServiceImpl() HandledContributionItem() EventTable() Display() Widget() PartRenderingEngine() Realm() E4Workbench() Workbench()",6,SIGABRT: (Error Number 0),aarch64,int a = std::stoi(num),2021-07-25T01:57:59.371122,386
NativeMethodAccessorImpl()+100 Method() RcpModule() MembersInjectorImpl() ConstructorInjector() ConstructorBindingImpl() ProviderToInternalFactoryAdapter() InjectorImpl() Scopes() InternalFactoryToProviderAdapter() FactoryProxy() SingleParameterInjector() ExtensionFactory() ConfigurationElement() ConfigurationElementHandle() SessionProcessorDescriptor() IntelligentCompletionProposalComputer() CompletionProposalComputerDescriptor() CompletionProposalCategory() ContentAssistProcessor() ContentAssistant() CompilationUnitEditor() ContentAssistAction() BusyIndicator() Action() ActionHandler() E4HandlerProxy() MethodRequestor() ContextInjectionFactory() HandlerServiceHandler() Command() ParameterizedCommand(),11,SIGSEGV: Invalid memory reference to address Unknown Error,aarch64,*var2=*var1,2021-07-25T01:58:05.599619,387
infiniteRecur(int)+12 infiniteRecur(int)+24 infiniteRecur(int)+24 infiniteRecur(int)+24 infiniteRecur(int)+24 infiniteRecur(int)+24 infiniteRecur(int)+24 infiniteRecur(int)+24 infiniteRecur(int)+24 infiniteRecur(int)+24 infiniteRecur(int)+24 infiniteRecur(int)+24 infiniteRecur(int)+24 infiniteRecur(int)+24 infiniteRecur(int)+24 infiniteRecur(int)+24 infiniteRecur(int)+24 infiniteRecur(int)+24 infiniteRecur(int)+24 infiniteRecur(int)+24 infiniteRecur(int)+24 infiniteRecur(int)+24 infiniteRecur(int)+24 infiniteRecur(int)+24 infiniteRecur(int)+24 infiniteRecur(int)+24 infiniteRecur(int)+24 infiniteRecur(int)+24 infiniteRecur(int)+24 infiniteRecur(int)+24 infiniteRecur(int)+24 infiniteRecur(int)+24,11,SIGSEGV: Invalid memory reference to address Unknown Error,aarch64,return infiniteRecur(a),2021-07-25T01:58:11.981281,388
"Synchronizer()+100 Window() ErrorDialog() TargetEditor() RunnableLock() PartRenderingEngine() Realm() E4Workbench() Workbench() PlatformUI() IDEApplication() EclipseAppHandle() EclipseAppLauncher() EclipseStarter() NativeMethodAccessorImpl() DelegatingMethodAccessorImpl() Method() Main() main() __static_initialization_and_destruction_0(int, int)",11,SIGSEGV: Invalid memory reference to address Unknown Error,aarch64,*var2=*var1,2021-07-25T01:58:18.491589,389
infiniteRecur(int)+12 infiniteRecur(int)+24 infiniteRecur(int)+24 infiniteRecur(int)+24 infiniteRecur(int)+24 infiniteRecur(int)+24 infiniteRecur(int)+24 infiniteRecur(int)+24 infiniteRecur(int)+24 infiniteRecur(int)+24 infiniteRecur(int)+24 infiniteRecur(int)+24 infiniteRecur(int)+24 infiniteRecur(int)+24 infiniteRecur(int)+24 infiniteRecur(int)+24 infiniteRecur(int)+24 infiniteRecur(int)+24 infiniteRecur(int)+24 infiniteRecur(int)+24 infiniteRecur(int)+24 infiniteRecur(int)+24 infiniteRecur(int)+24 infiniteRecur(int)+24 infiniteRecur(int)+24 infiniteRecur(int)+24 infiniteRecur(int)+24 infiniteRecur(int)+24 infiniteRecur(int)+24 infiniteRecur(int)+24 infiniteRecur(int)+24 infiniteRecur(int)+24,11,SIGSEGV: Invalid memory reference to address Unknown Error,aarch64,return infiniteRecur(a),2021-07-25T01:58:26.226151,390
infiniteRecur(int)+12 infiniteRecur(int)+24 infiniteRecur(int)+24 infiniteRecur(int)+24 infiniteRecur(int)+24 infiniteRecur(int)+24 infiniteRecur(int)+24 infiniteRecur(int)+24 infiniteRecur(int)+24 infiniteRecur(int)+24 infiniteRecur(int)+24 infiniteRecur(int)+24 infiniteRecur(int)+24 infiniteRecur(int)+24 infiniteRecur(int)+24 infiniteRecur(int)+24 infiniteRecur(int)+24 infiniteRecur(int)+24 infiniteRecur(int)+24 infiniteRecur(int)+24 infiniteRecur(int)+24 infiniteRecur(int)+24 infiniteRecur(int)+24 infiniteRecur(int)+24 infiniteRecur(int)+24 infiniteRecur(int)+24 infiniteRecur(int)+24 infiniteRecur(int)+24 infiniteRecur(int)+24 infiniteRecur(int)+24 infiniteRecur(int)+24 infiniteRecur(int)+24,11,SIGSEGV: Invalid memory reference to address Unknown Error,aarch64,return infiniteRecur(a),2021-07-25T01:58:32.625891,391
Integer() RemoveOrphanViewPolicy() OrphanViewPolicy() DiagramEventBroker() DiagramEventBrokerThreadSafe() TransactionalEditingDomainImpl() TransactionImpl() AbstractEMFOperation() SemanticCreateCommand() AbstractCommand() CompositeCommand() DefaultOperationHistory() UndoActionHandler() OperationHistoryActionHandler() ModalContext() ProgressMonitorDialog() TimeTriggeredProgressMonitorDialog() BusyIndicator() GlobalUndoAction() AbstractActionHandler() ActionManager() ActionHandler() E4HandlerProxy() DelegatingMethodAccessorImpl() Method() MethodRequestor(),6,SIGABRT: (Error Number 0),aarch64, throw new bad_alloc(),2021-07-25T01:58:39.037014,392
"Synchronizer()+100 PartRenderingEngine() Realm() E4Workbench() Workbench() PlatformUI() IDEApplication() EclipseAppHandle() EclipseAppLauncher() EclipseStarter() NativeMethodAccessorImpl() DelegatingMethodAccessorImpl() Method() Main() main() __static_initialization_and_destruction_0(int, int)",11,SIGSEGV: Invalid memory reference to address Unknown Error,aarch64,*var2=*var1,2021-07-25T01:58:46.349789,393
"CharOperation()+100 BinaryTypeConverter() SelectionEngine() NamedMember() JavaElementLinks() Mozilla() XPCOMObject() OS() Display() PartRenderingEngine() Realm() E4Workbench() Workbench() PlatformUI() IDEApplication() EclipseAppHandle() EclipseAppLauncher() EclipseStarter() NativeMethodAccessorImpl() DelegatingMethodAccessorImpl() Method() Main() main() __static_initialization_and_destruction_0(int, int)",11,SIGSEGV: Invalid memory reference to address Unknown Error,aarch64,*var2=*var1,2021-07-25T01:58:56.084566,394
"long, int, char, int>(long (*)(char const*, char**, int), char const*, char const*, unsigned long*, int)+116 long, int, char, int>(long (*)(char const*, char**, int), char const*, char const*, unsigned long*, int)::_Save_errno::_Save_errno() ReflectUtil()+96 MetadataRepositoryManager() ProvisioningUI() MetadataRepositoryElement() RemoteQueriedElement() DeferredTreeContentManager() Worker() main() __static_initialization_and_destruction_0(int, int)",6,SIGABRT: (Error Number 0),aarch64,int a = std::stoi(num),2021-07-25T01:59:02.438142,395
"EjbJarMerger()+100 AbstractMergedModelProvider() AbstractAnnotationModelProvider() SafeRunner() DeltaProcessor() JavaModelOperation() CompilationUnit() JavaReconcilingStrategy() CompositeReconcilingStrategy() JavaCompositeReconcilingStrategy() MonoReconciler() AbstractReconciler() main() __static_initialization_and_destruction_0(int, int)",11,SIGSEGV: Invalid memory reference to address Unknown Error,aarch64,*var2=*var1,2021-07-25T01:59:08.484394,396
infiniteRecur(int)+12 infiniteRecur(int)+24 infiniteRecur(int)+24 infiniteRecur(int)+24 infiniteRecur(int)+24 infiniteRecur(int)+24 infiniteRecur(int)+24 infiniteRecur(int)+24 infiniteRecur(int)+24 infiniteRecur(int)+24 infiniteRecur(int)+24 infiniteRecur(int)+24 infiniteRecur(int)+24 infiniteRecur(int)+24 infiniteRecur(int)+24 infiniteRecur(int)+24 infiniteRecur(int)+24 infiniteRecur(int)+24 infiniteRecur(int)+24 infiniteRecur(int)+24 infiniteRecur(int)+24 infiniteRecur(int)+24 infiniteRecur(int)+24 infiniteRecur(int)+24 infiniteRecur(int)+24 infiniteRecur(int)+24 infiniteRecur(int)+24 infiniteRecur(int)+24 infiniteRecur(int)+24 infiniteRecur(int)+24 infiniteRecur(int)+24 infiniteRecur(int)+24,11,SIGSEGV: Invalid memory reference to address Unknown Error,aarch64,return infiniteRecur(a),2021-07-25T01:59:14.726445,397
"SourceTypeBinding()+100 ReferenceBinding() TypeBinding() Bindings() OverrideIndicatorManager() MethodDeclaration() ASTNode() TypeDeclaration() CompilationUnit() CompilationUnitEditor() JavaReconcilingStrategy() JavaCompositeReconcilingStrategy() MonoReconciler() AbstractReconciler() main() __static_initialization_and_destruction_0(int, int)",11,SIGSEGV: Invalid memory reference to address Unknown Error,aarch64,*var2=*var1,2021-07-25T01:59:24.373505,398
infiniteRecur(int)+12 infiniteRecur(int)+24 infiniteRecur(int)+24 infiniteRecur(int)+24 infiniteRecur(int)+24 infiniteRecur(int)+24 infiniteRecur(int)+24 infiniteRecur(int)+24 infiniteRecur(int)+24 infiniteRecur(int)+24 infiniteRecur(int)+24 infiniteRecur(int)+24 infiniteRecur(int)+24 infiniteRecur(int)+24 infiniteRecur(int)+24 infiniteRecur(int)+24 infiniteRecur(int)+24 infiniteRecur(int)+24 infiniteRecur(int)+24 infiniteRecur(int)+24 infiniteRecur(int)+24 infiniteRecur(int)+24 infiniteRecur(int)+24 infiniteRecur(int)+24 infiniteRecur(int)+24 infiniteRecur(int)+24 infiniteRecur(int)+24 infiniteRecur(int)+24 infiniteRecur(int)+24 infiniteRecur(int)+24 infiniteRecur(int)+24 infiniteRecur(int)+24,11,SIGSEGV: Invalid memory reference to address Unknown Error,aarch64,return infiniteRecur(a),2021-07-25T01:59:34.459885,399
"RecommendersCompletionContext()+100 IntelligentCompletionProposalComputer() CompletionProposalComputerDescriptor() CompletionProposalCategory() ContentAssistProcessor() ContentAssistant() CompletionProposalPopup() BusyIndicator() RunnableLock() Synchronizer() Display() PartRenderingEngine() Realm() E4Workbench() Workbench() PlatformUI() IDEApplication() EclipseAppHandle() EclipseAppLauncher() EclipseStarter() NativeMethodAccessorImpl() DelegatingMethodAccessorImpl() Method() Main() main() __static_initialization_and_destruction_0(int, int)",11,SIGSEGV: Invalid memory reference to address Unknown Error,aarch64,*var2=*var1,2021-07-25T01:59:41.427863,400
infiniteRecur(int)+12 infiniteRecur(int)+24 infiniteRecur(int)+24 infiniteRecur(int)+24 infiniteRecur(int)+24 infiniteRecur(int)+24 infiniteRecur(int)+24 infiniteRecur(int)+24 infiniteRecur(int)+24 infiniteRecur(int)+24 infiniteRecur(int)+24 infiniteRecur(int)+24 infiniteRecur(int)+24 infiniteRecur(int)+24 infiniteRecur(int)+24 infiniteRecur(int)+24 infiniteRecur(int)+24 infiniteRecur(int)+24 infiniteRecur(int)+24 infiniteRecur(int)+24 infiniteRecur(int)+24 infiniteRecur(int)+24 infiniteRecur(int)+24 infiniteRecur(int)+24 infiniteRecur(int)+24 infiniteRecur(int)+24 infiniteRecur(int)+24 infiniteRecur(int)+24 infiniteRecur(int)+24 infiniteRecur(int)+24 infiniteRecur(int)+24 infiniteRecur(int)+24,11,SIGSEGV: Invalid memory reference to address Unknown Error,aarch64,return infiniteRecur(a),2021-07-25T01:59:47.379931,401
"long, int, char, int>(long (*)(char const*, char**, int), char const*, char const*, unsigned long*, int)+116 long, int, char, int>(long (*)(char const*, char**, int), char const*, char const*, unsigned long*, int)::_Save_errno::_Save_errno() WorkbenchPlugin()+96 EditorReference() CompatibilityEditor() CompatibilityPart() MethodRequestor() InjectorImpl() ContextInjectionFactory() ReflectionContributionFactory() ContributedPartRenderer() PartRenderingEngine() SafeRunner() PartServiceImpl() UIEventHandler() Synchronizer() UISynchronizer() Display() E4Application() EventHandlerWrapper() EventHandlerTracker() EventManager() ListenerQueue() EventAdminImpl() EventComponent()",6,SIGABRT: (Error Number 0),aarch64,int a = std::stoi(num),2021-07-25T01:59:54.073523,402
infiniteRecur(int)+12 infiniteRecur(int)+24 infiniteRecur(int)+24 infiniteRecur(int)+24 infiniteRecur(int)+24 infiniteRecur(int)+24 infiniteRecur(int)+24 infiniteRecur(int)+24 infiniteRecur(int)+24 infiniteRecur(int)+24 infiniteRecur(int)+24 infiniteRecur(int)+24 infiniteRecur(int)+24 infiniteRecur(int)+24 infiniteRecur(int)+24 infiniteRecur(int)+24 infiniteRecur(int)+24 infiniteRecur(int)+24 infiniteRecur(int)+24 infiniteRecur(int)+24 infiniteRecur(int)+24 infiniteRecur(int)+24 infiniteRecur(int)+24 infiniteRecur(int)+24 infiniteRecur(int)+24 infiniteRecur(int)+24 infiniteRecur(int)+24 infiniteRecur(int)+24 infiniteRecur(int)+24 infiniteRecur(int)+24 infiniteRecur(int)+24 infiniteRecur(int)+24,11,SIGSEGV: Invalid memory reference to address Unknown Error,aarch64,return infiniteRecur(a),2021-07-25T02:00:00.534684,403
"CUCorrectionProposal() ChangeCorrectionProposal() AdditionalInfoController() Worker() main() __static_initialization_and_destruction_0(int, int)",6,SIGABRT: (Error Number 0),aarch64, throw new bad_alloc(),2021-07-25T02:00:06.485597,404
infiniteRecur(int)+12 infiniteRecur(int)+24 infiniteRecur(int)+24 infiniteRecur(int)+24 infiniteRecur(int)+24 infiniteRecur(int)+24 infiniteRecur(int)+24 infiniteRecur(int)+24 infiniteRecur(int)+24 infiniteRecur(int)+24 infiniteRecur(int)+24 infiniteRecur(int)+24 infiniteRecur(int)+24 infiniteRecur(int)+24 infiniteRecur(int)+24 infiniteRecur(int)+24 infiniteRecur(int)+24 infiniteRecur(int)+24 infiniteRecur(int)+24 infiniteRecur(int)+24 infiniteRecur(int)+24 infiniteRecur(int)+24 infiniteRecur(int)+24 infiniteRecur(int)+24 infiniteRecur(int)+24 infiniteRecur(int)+24 infiniteRecur(int)+24 infiniteRecur(int)+24 infiniteRecur(int)+24 infiniteRecur(int)+24 infiniteRecur(int)+24 infiniteRecur(int)+24,11,SIGSEGV: Invalid memory reference to address Unknown Error,aarch64,return infiniteRecur(a),2021-07-25T02:00:12.633354,405
CompatibilityPart() DelegatingMethodAccessorImpl() Method() MethodRequestor() InjectorImpl() ContextInjectionFactory() ReflectionContributionFactory() ContributedPartRenderer() PartRenderingEngine() SafeRunner() PartServiceImpl() UIEventHandler() Synchronizer() UISynchronizer() Display() E4Application() EventHandlerWrapper() EventHandlerTracker() EventManager() ListenerQueue() EventAdminImpl() EventComponent() EventBroker() UIEventPublisher() BasicNotifierImpl() ElementContainerImpl(),6,SIGABRT: (Error Number 0),aarch64, throw new bad_alloc(),2021-07-25T02:00:18.218266,406
"AddScriptInterpreterDialog()+100 DialogField() StringDialogField() TypedListener() EventTable() Display() Widget() Text() Control() OS() StringButtonDialogField() Window() InterpretersBlock() WorkbenchPreferenceDialog() ProjectWizardFirstPage() Link() Composite() NewWizardShortcutAction() Action() ActionContributionItem() PartRenderingEngine() Realm() E4Workbench() Workbench() PlatformUI() IDEApplication() EclipseAppHandle() EclipseAppLauncher() EclipseStarter() Main() main() __static_initialization_and_destruction_0(int, int)",11,SIGSEGV: Invalid memory reference to address Unknown Error,aarch64,*var2=*var1,2021-07-25T02:00:23.902020,407
"long, int, char, int>(long (*)(char const*, char**, int), char const*, char const*, unsigned long*, int)+116 long, int, char, int>(long (*)(char const*, char**, int), char const*, char const*, unsigned long*, int)::_Save_errno::_Save_errno() WARFileImpl()+96 UIWarValidator() ValidatorJob() Worker() main() __static_initialization_and_destruction_0(int, int)",6,SIGABRT: (Error Number 0),aarch64,int a = std::stoi(num),2021-07-25T02:00:28.495285,408
AbstractTransactionalCommand() AbstractEMFOperation() CompositeCommand() AbstractCommand() GMFtoEMFCommandWrapper() EMFCommandOperation() DefaultOperationHistory() CheckedOperationHistory() NotifyingWorkspaceCommandStack() AbstractTransactionalCommandStack() NestingNotifyingWorkspaceCommandStack() AdvancedHLManager() HyperLinkManagerShell() TypedListener() EventTable() Display() Widget() HyperLinkPopupBarEditPolicy() Figure() SWTEventDispatcher() DomainEventDispatcher() LightweightSystem() PartRenderingEngine() Realm() E4Workbench() Workbench(),6,SIGABRT: (Error Number 0),aarch64, throw new bad_alloc(),2021-07-25T02:00:33.551885,409
TypedListener() EventTable() Display() Widget() Window() SimpleConfigurePushDialog() ConfigurePushActionHandler() HandlerProxy() E4HandlerProxy() NativeMethodAccessorImpl() DelegatingMethodAccessorImpl() Method() MethodRequestor() InjectorImpl() ContextInjectionFactory() HandlerServiceHandler() Command() ParameterizedCommand() HandlerServiceImpl() HandledContributionItem() PartRenderingEngine() Realm() E4Workbench() Workbench() PlatformUI() IDEApplication(),6,SIGABRT: (Error Number 0),aarch64, throw new bad_alloc(),2021-07-25T02:00:37.772978,410
"Synchronizer()+100 PartRenderingEngine() Realm() E4Workbench() Workbench() PlatformUI() IDEApplication() EclipseAppHandle() EclipseAppLauncher() EclipseStarter() Main() main() __static_initialization_and_destruction_0(int, int)",11,SIGSEGV: Invalid memory reference to address Unknown Error,aarch64,*var2=*var1,2021-07-25T02:00:42.003061,411
infiniteRecur(int)+12 infiniteRecur(int)+24 infiniteRecur(int)+24 infiniteRecur(int)+24 infiniteRecur(int)+24 infiniteRecur(int)+24 infiniteRecur(int)+24 infiniteRecur(int)+24 infiniteRecur(int)+24 infiniteRecur(int)+24 infiniteRecur(int)+24 infiniteRecur(int)+24 infiniteRecur(int)+24 infiniteRecur(int)+24 infiniteRecur(int)+24 infiniteRecur(int)+24 infiniteRecur(int)+24 infiniteRecur(int)+24 infiniteRecur(int)+24 infiniteRecur(int)+24 infiniteRecur(int)+24 infiniteRecur(int)+24 infiniteRecur(int)+24 infiniteRecur(int)+24 infiniteRecur(int)+24 infiniteRecur(int)+24 infiniteRecur(int)+24 infiniteRecur(int)+24 infiniteRecur(int)+24 infiniteRecur(int)+24 infiniteRecur(int)+24 infiniteRecur(int)+24,11,SIGSEGV: Invalid memory reference to address Unknown Error,aarch64,return infiniteRecur(a),2021-07-25T02:00:46.231431,412
infiniteRecur(int)+12 infiniteRecur(int)+24 infiniteRecur(int)+24 infiniteRecur(int)+24 infiniteRecur(int)+24 infiniteRecur(int)+24 infiniteRecur(int)+24 infiniteRecur(int)+24 infiniteRecur(int)+24 infiniteRecur(int)+24 infiniteRecur(int)+24 infiniteRecur(int)+24 infiniteRecur(int)+24 infiniteRecur(int)+24 infiniteRecur(int)+24 infiniteRecur(int)+24 infiniteRecur(int)+24 infiniteRecur(int)+24 infiniteRecur(int)+24 infiniteRecur(int)+24 infiniteRecur(int)+24 infiniteRecur(int)+24 infiniteRecur(int)+24 infiniteRecur(int)+24 infiniteRecur(int)+24 infiniteRecur(int)+24 infiniteRecur(int)+24 infiniteRecur(int)+24 infiniteRecur(int)+24 infiniteRecur(int)+24 infiniteRecur(int)+24 infiniteRecur(int)+24,11,SIGSEGV: Invalid memory reference to address Unknown Error,aarch64,return infiniteRecur(a),2021-07-25T02:00:50.923358,413
infiniteRecur(int)+12 infiniteRecur(int)+24 infiniteRecur(int)+24 infiniteRecur(int)+24 infiniteRecur(int)+24 infiniteRecur(int)+24 infiniteRecur(int)+24 infiniteRecur(int)+24 infiniteRecur(int)+24 infiniteRecur(int)+24 infiniteRecur(int)+24 infiniteRecur(int)+24 infiniteRecur(int)+24 infiniteRecur(int)+24 infiniteRecur(int)+24 infiniteRecur(int)+24 infiniteRecur(int)+24 infiniteRecur(int)+24 infiniteRecur(int)+24 infiniteRecur(int)+24 infiniteRecur(int)+24 infiniteRecur(int)+24 infiniteRecur(int)+24 infiniteRecur(int)+24 infiniteRecur(int)+24 infiniteRecur(int)+24 infiniteRecur(int)+24 infiniteRecur(int)+24 infiniteRecur(int)+24 infiniteRecur(int)+24 infiniteRecur(int)+24 infiniteRecur(int)+24,11,SIGSEGV: Invalid memory reference to address Unknown Error,aarch64,return infiniteRecur(a),2021-07-25T02:00:55.287110,414
infiniteRecur(int)+12 infiniteRecur(int)+24 infiniteRecur(int)+24 infiniteRecur(int)+24 infiniteRecur(int)+24 infiniteRecur(int)+24 infiniteRecur(int)+24 infiniteRecur(int)+24 infiniteRecur(int)+24 infiniteRecur(int)+24 infiniteRecur(int)+24 infiniteRecur(int)+24 infiniteRecur(int)+24 infiniteRecur(int)+24 infiniteRecur(int)+24 infiniteRecur(int)+24 infiniteRecur(int)+24 infiniteRecur(int)+24 infiniteRecur(int)+24 infiniteRecur(int)+24 infiniteRecur(int)+24 infiniteRecur(int)+24 infiniteRecur(int)+24 infiniteRecur(int)+24 infiniteRecur(int)+24 infiniteRecur(int)+24 infiniteRecur(int)+24 infiniteRecur(int)+24 infiniteRecur(int)+24 infiniteRecur(int)+24 infiniteRecur(int)+24 infiniteRecur(int)+24,11,SIGSEGV: Invalid memory reference to address Unknown Error,aarch64,return infiniteRecur(a),2021-07-25T02:00:59.665720,415
infiniteRecur(int)+12 infiniteRecur(int)+24 infiniteRecur(int)+24 infiniteRecur(int)+24 infiniteRecur(int)+24 infiniteRecur(int)+24 infiniteRecur(int)+24 infiniteRecur(int)+24 infiniteRecur(int)+24 infiniteRecur(int)+24 infiniteRecur(int)+24 infiniteRecur(int)+24 infiniteRecur(int)+24 infiniteRecur(int)+24 infiniteRecur(int)+24 infiniteRecur(int)+24 infiniteRecur(int)+24 infiniteRecur(int)+24 infiniteRecur(int)+24 infiniteRecur(int)+24 infiniteRecur(int)+24 infiniteRecur(int)+24 infiniteRecur(int)+24 infiniteRecur(int)+24 infiniteRecur(int)+24 infiniteRecur(int)+24 infiniteRecur(int)+24 infiniteRecur(int)+24 infiniteRecur(int)+24 infiniteRecur(int)+24 infiniteRecur(int)+24 infiniteRecur(int)+24,11,SIGSEGV: Invalid memory reference to address Unknown Error,aarch64,return infiniteRecur(a),2021-07-25T02:01:03.980144,416
infiniteRecur(int)+12 infiniteRecur(int)+24 infiniteRecur(int)+24 infiniteRecur(int)+24 infiniteRecur(int)+24 infiniteRecur(int)+24 infiniteRecur(int)+24 infiniteRecur(int)+24 infiniteRecur(int)+24 infiniteRecur(int)+24 infiniteRecur(int)+24 infiniteRecur(int)+24 infiniteRecur(int)+24 infiniteRecur(int)+24 infiniteRecur(int)+24 infiniteRecur(int)+24 infiniteRecur(int)+24 infiniteRecur(int)+24 infiniteRecur(int)+24 infiniteRecur(int)+24 infiniteRecur(int)+24 infiniteRecur(int)+24 infiniteRecur(int)+24 infiniteRecur(int)+24 infiniteRecur(int)+24 infiniteRecur(int)+24 infiniteRecur(int)+24 infiniteRecur(int)+24 infiniteRecur(int)+24 infiniteRecur(int)+24 infiniteRecur(int)+24 infiniteRecur(int)+24,11,SIGSEGV: Invalid memory reference to address Unknown Error,aarch64,return infiniteRecur(a),2021-07-25T02:01:08.109030,417
infiniteRecur(int)+12 infiniteRecur(int)+24 infiniteRecur(int)+24 infiniteRecur(int)+24 infiniteRecur(int)+24 infiniteRecur(int)+24 infiniteRecur(int)+24 infiniteRecur(int)+24 infiniteRecur(int)+24 infiniteRecur(int)+24 infiniteRecur(int)+24 infiniteRecur(int)+24 infiniteRecur(int)+24 infiniteRecur(int)+24 infiniteRecur(int)+24 infiniteRecur(int)+24 infiniteRecur(int)+24 infiniteRecur(int)+24 infiniteRecur(int)+24 infiniteRecur(int)+24 infiniteRecur(int)+24 infiniteRecur(int)+24 infiniteRecur(int)+24 infiniteRecur(int)+24 infiniteRecur(int)+24 infiniteRecur(int)+24 infiniteRecur(int)+24 infiniteRecur(int)+24 infiniteRecur(int)+24 infiniteRecur(int)+24 infiniteRecur(int)+24 infiniteRecur(int)+24,11,SIGSEGV: Invalid memory reference to address Unknown Error,aarch64,return infiniteRecur(a),2021-07-25T02:01:12.079732,418
ProfileApplicationImpl() StereotypeApplicationRepairSnippet() BasicNotifierImpl() BasicEList() AbstractEList() ModelSet() CoreMultiDiagramEditor() EditorReference() CompatibilityPart() MethodRequestor() InjectorImpl() ContextInjectionFactory() ReflectionContributionFactory() ContributedPartRenderer() PartRenderingEngine() SafeRunner() PartServiceImpl() UIEventHandler() Synchronizer() UISynchronizer() Display() E4Application() EventHandlerWrapper() EventHandlerTracker() EventManager() ListenerQueue(),6,SIGABRT: (Error Number 0),aarch64, throw new bad_alloc(),2021-07-25T02:01:16.370869,419
"long, int, char, int>(long (*)(char const*, char**, int), char const*, char const*, unsigned long*, int)+116 long, int, char, int>(long (*)(char const*, char**, int), char const*, char const*, unsigned long*, int)::_Save_errno::_Save_errno() JavaElement()+96 JavaProject() SearchableEnvironment() CompilationUnit() SelectionConverter() ModalContext() main() __static_initialization_and_destruction_0(int, int)",6,SIGABRT: (Error Number 0),aarch64,int a = std::stoi(num),2021-07-25T02:01:20.791619,420
"PacketReceiveManager()+100 ThreadReferenceImpl() JDIThread() JDIStackFrame() JavaDebugHover() BestMatchHover() JavaEditorTextHoverProxy() TextViewerHoverManager() main() __static_initialization_and_destruction_0(int, int)",11,SIGSEGV: Invalid memory reference to address Unknown Error,aarch64,*var2=*var1,2021-07-25T02:01:25.041226,421
infiniteRecur(int)+12 infiniteRecur(int)+24 infiniteRecur(int)+24 infiniteRecur(int)+24 infiniteRecur(int)+24 infiniteRecur(int)+24 infiniteRecur(int)+24 infiniteRecur(int)+24 infiniteRecur(int)+24 infiniteRecur(int)+24 infiniteRecur(int)+24 infiniteRecur(int)+24 infiniteRecur(int)+24 infiniteRecur(int)+24 infiniteRecur(int)+24 infiniteRecur(int)+24 infiniteRecur(int)+24 infiniteRecur(int)+24 infiniteRecur(int)+24 infiniteRecur(int)+24 infiniteRecur(int)+24 infiniteRecur(int)+24 infiniteRecur(int)+24 infiniteRecur(int)+24 infiniteRecur(int)+24 infiniteRecur(int)+24 infiniteRecur(int)+24 infiniteRecur(int)+24 infiniteRecur(int)+24 infiniteRecur(int)+24 infiniteRecur(int)+24 infiniteRecur(int)+24,11,SIGSEGV: Invalid memory reference to address Unknown Error,aarch64,return infiniteRecur(a),2021-07-25T02:01:29.786758,422
"long, int, char, int>(long (*)(char const*, char**, int), char const*, char const*, unsigned long*, int)+116 long, int, char, int>(long (*)(char const*, char**, int), char const*, char const*, unsigned long*, int)::_Save_errno::_Save_errno() XMLJavaHyperlinkDetector()+96 HyperlinkManager() TypedListener() EventTable() Display() Widget() PartRenderingEngine() Realm() E4Workbench() Workbench() PlatformUI() IDEApplication() EclipseAppHandle() EclipseAppLauncher() EclipseStarter() NativeMethodAccessorImpl() DelegatingMethodAccessorImpl() Method() Main() main() __static_initialization_and_destruction_0(int, int)",6,SIGABRT: (Error Number 0),aarch64,int a = std::stoi(num),2021-07-25T02:01:35.110047,423
infiniteRecur(int)+12 infiniteRecur(int)+24 infiniteRecur(int)+24 infiniteRecur(int)+24 infiniteRecur(int)+24 infiniteRecur(int)+24 infiniteRecur(int)+24 infiniteRecur(int)+24 infiniteRecur(int)+24 infiniteRecur(int)+24 infiniteRecur(int)+24 infiniteRecur(int)+24 infiniteRecur(int)+24 infiniteRecur(int)+24 infiniteRecur(int)+24 infiniteRecur(int)+24 infiniteRecur(int)+24 infiniteRecur(int)+24 infiniteRecur(int)+24 infiniteRecur(int)+24 infiniteRecur(int)+24 infiniteRecur(int)+24 infiniteRecur(int)+24 infiniteRecur(int)+24 infiniteRecur(int)+24 infiniteRecur(int)+24 infiniteRecur(int)+24 infiniteRecur(int)+24 infiniteRecur(int)+24 infiniteRecur(int)+24 infiniteRecur(int)+24 infiniteRecur(int)+24,11,SIGSEGV: Invalid memory reference to address Unknown Error,aarch64,return infiniteRecur(a),2021-07-25T02:01:40.589154,424
"LoopingFlowContext()+100 NullAnnotationMatching() ForeachStatement() Block() IfStatement() MethodDeclaration() TypeDeclaration() CompilationUnitDeclaration() Compiler() ProcessTaskManager() Thread() main() __static_initialization_and_destruction_0(int, int)",11,SIGSEGV: Invalid memory reference to address Unknown Error,aarch64,*var2=*var1,2021-07-25T02:01:45.075334,425
infiniteRecur(int)+12 infiniteRecur(int)+24 infiniteRecur(int)+24 infiniteRecur(int)+24 infiniteRecur(int)+24 infiniteRecur(int)+24 infiniteRecur(int)+24 infiniteRecur(int)+24 infiniteRecur(int)+24 infiniteRecur(int)+24 infiniteRecur(int)+24 infiniteRecur(int)+24 infiniteRecur(int)+24 infiniteRecur(int)+24 infiniteRecur(int)+24 infiniteRecur(int)+24 infiniteRecur(int)+24 infiniteRecur(int)+24 infiniteRecur(int)+24 infiniteRecur(int)+24 infiniteRecur(int)+24 infiniteRecur(int)+24 infiniteRecur(int)+24 infiniteRecur(int)+24 infiniteRecur(int)+24 infiniteRecur(int)+24 infiniteRecur(int)+24 infiniteRecur(int)+24 infiniteRecur(int)+24 infiniteRecur(int)+24 infiniteRecur(int)+24 infiniteRecur(int)+24,11,SIGSEGV: Invalid memory reference to address Unknown Error,aarch64,return infiniteRecur(a),2021-07-25T02:01:49.236515,426
"ReferenceResolverUtil() StructureEdit() VirtualComponent() J2EEModuleVirtualComponent() WebAppLibrariesContainer() FlexibleProjectContainer() NotificationManager() SafeRunner() Workspace() AutoBuildJob() Worker() main() __static_initialization_and_destruction_0(int, int)",6,SIGABRT: (Error Number 0),aarch64, throw new bad_alloc(),2021-07-25T02:01:53.769067,427
infiniteRecur(int)+12 infiniteRecur(int)+24 infiniteRecur(int)+24 infiniteRecur(int)+24 infiniteRecur(int)+24 infiniteRecur(int)+24 infiniteRecur(int)+24 infiniteRecur(int)+24 infiniteRecur(int)+24 infiniteRecur(int)+24 infiniteRecur(int)+24 infiniteRecur(int)+24 infiniteRecur(int)+24 infiniteRecur(int)+24 infiniteRecur(int)+24 infiniteRecur(int)+24 infiniteRecur(int)+24 infiniteRecur(int)+24 infiniteRecur(int)+24 infiniteRecur(int)+24 infiniteRecur(int)+24 infiniteRecur(int)+24 infiniteRecur(int)+24 infiniteRecur(int)+24 infiniteRecur(int)+24 infiniteRecur(int)+24 infiniteRecur(int)+24 infiniteRecur(int)+24 infiniteRecur(int)+24 infiniteRecur(int)+24 infiniteRecur(int)+24 infiniteRecur(int)+24,11,SIGSEGV: Invalid memory reference to address Unknown Error,aarch64,return infiniteRecur(a),2021-07-25T02:01:57.736184,428
"long, int, char, int>(long (*)(char const*, char**, int), char const*, char const*, unsigned long*, int)+116 long, int, char, int>(long (*)(char const*, char**, int), char const*, char const*, unsigned long*, int)::_Save_errno::_Save_errno() JavaElement()+96 JavaElementHyperlinkReturnTypeDetector() JavaElementHyperlinkDetector() HyperlinkDetectorRegistry() HyperlinkManager() TypedListener() EventTable() Display() Widget() PartRenderingEngine() Realm() E4Workbench() Workbench() PlatformUI() IDEApplication() EclipseAppHandle() EclipseAppLauncher() EclipseStarter() NativeMethodAccessorImpl() DelegatingMethodAccessorImpl() Method() Main() main()",6,SIGABRT: (Error Number 0),aarch64,int a = std::stoi(num),2021-07-25T02:02:01.927573,429
"Synchronizer()+100 PartRenderingEngine() Realm() E4Workbench() Workbench() PlatformUI() IDEApplication() EclipseAppHandle() EclipseAppLauncher() EclipseStarter() NativeMethodAccessorImpl() DelegatingMethodAccessorImpl() Method() Main() main() __static_initialization_and_destruction_0(int, int)",11,SIGSEGV: Invalid memory reference to address Unknown Error,aarch64,*var2=*var1,2021-07-25T02:02:07.490243,430
"AddModuleDependenciesPropertiesPage() ModuleAssemblyRootPage() PreferencePage() TypedListener() EventTable() Display() Widget() Window() ShowDepPropPageAction() PluginAction() ActionContributionItem() PartRenderingEngine() Realm() E4Workbench() Workbench() PlatformUI() IDEApplication() EclipseAppHandle() EclipseAppLauncher() EclipseStarter() NativeMethodAccessorImpl() DelegatingMethodAccessorImpl() Method() Main() main() __static_initialization_and_destruction_0(int, int)",6,SIGABRT: (Error Number 0),aarch64, throw new bad_alloc(),2021-07-25T02:02:12.567806,431
infiniteRecur(int)+12 infiniteRecur(int)+24 infiniteRecur(int)+24 infiniteRecur(int)+24 infiniteRecur(int)+24 infiniteRecur(int)+24 infiniteRecur(int)+24 infiniteRecur(int)+24 infiniteRecur(int)+24 infiniteRecur(int)+24 infiniteRecur(int)+24 infiniteRecur(int)+24 infiniteRecur(int)+24 infiniteRecur(int)+24 infiniteRecur(int)+24 infiniteRecur(int)+24 infiniteRecur(int)+24 infiniteRecur(int)+24 infiniteRecur(int)+24 infiniteRecur(int)+24 infiniteRecur(int)+24 infiniteRecur(int)+24 infiniteRecur(int)+24 infiniteRecur(int)+24 infiniteRecur(int)+24 infiniteRecur(int)+24 infiniteRecur(int)+24 infiniteRecur(int)+24 infiniteRecur(int)+24 infiniteRecur(int)+24 infiniteRecur(int)+24 infiniteRecur(int)+24,11,SIGSEGV: Invalid memory reference to address Unknown Error,aarch64,return infiniteRecur(a),2021-07-25T02:02:18.313993,432
"FacetedProjectValidationBuilder() BuildManager() SafeRunner() AutoBuildJob() Worker() main() __static_initialization_and_destruction_0(int, int)",6,SIGABRT: (Error Number 0),aarch64, throw new bad_alloc(),2021-07-25T02:02:23.437012,433
"long, int, char, int>(long (*)(char const*, char**, int), char const*, char const*, unsigned long*, int)+116 long, int, char, int>(long (*)(char const*, char**, int), char const*, char const*, unsigned long*, int)::_Save_errno::_Save_errno() J2EEDependencyListener()+96 NotificationManager() SafeRunner() Workspace() XtextBuilder() BuildManager() AutoBuildJob() Worker() main() __static_initialization_and_destruction_0(int, int)",6,SIGABRT: (Error Number 0),aarch64,int a = std::stoi(num),2021-07-25T02:02:28.966092,434
"JavaEEProjectUtilities()+100 J2EEComponentClasspathContainer() J2EEComponentClasspathInitializer() JavaModelManager() JavaCore() JavaProject() PackageFragmentRoot() SourceAttachmentPackageFragmentRootWalker() Storage2UriMapperJavaImpl() Storage2UriMapperImpl() AbstractBuilderState() ToBeBuiltComputer() ProjectOpenedOrClosedListener() ResourceDelta() NotificationManager() SafeRunner() Workspace() Worker() main() __static_initialization_and_destruction_0(int, int)",11,SIGSEGV: Invalid memory reference to address Unknown Error,aarch64,*var2=*var1,2021-07-25T02:02:33.886934,435
"Arrays()+100 StringBuffer() jRBY0Fnn3aDQkqZq() Yv0Z67s84XDkMSOs() ContentTypeCatalog() ContentTypeMatcher() ContentDescriptionManager() File() WorkbenchResource() ActionExpression() DecoratorDefinition() DecoratorManager() LightweightDecoratorManager() DecorationScheduler() Worker() main() __static_initialization_and_destruction_0(int, int)",11,SIGSEGV: Invalid memory reference to address Unknown Error,aarch64,*var2=*var1,2021-07-25T02:02:37.839989,436
infiniteRecur(int)+12 infiniteRecur(int)+24 infiniteRecur(int)+24 infiniteRecur(int)+24 infiniteRecur(int)+24 infiniteRecur(int)+24 infiniteRecur(int)+24 infiniteRecur(int)+24 infiniteRecur(int)+24 infiniteRecur(int)+24 infiniteRecur(int)+24 infiniteRecur(int)+24 infiniteRecur(int)+24 infiniteRecur(int)+24 infiniteRecur(int)+24 infiniteRecur(int)+24 infiniteRecur(int)+24 infiniteRecur(int)+24 infiniteRecur(int)+24 infiniteRecur(int)+24 infiniteRecur(int)+24 infiniteRecur(int)+24 infiniteRecur(int)+24 infiniteRecur(int)+24 infiniteRecur(int)+24 infiniteRecur(int)+24 infiniteRecur(int)+24 infiniteRecur(int)+24 infiniteRecur(int)+24 infiniteRecur(int)+24 infiniteRecur(int)+24 infiniteRecur(int)+24,11,SIGSEGV: Invalid memory reference to address Unknown Error,aarch64,return infiniteRecur(a),2021-07-25T02:02:42.096782,437
"AbstractOperation() JobListeners() JobManager() WorkerPool() Worker() main() __static_initialization_and_destruction_0(int, int)",6,SIGABRT: (Error Number 0),aarch64, throw new bad_alloc(),2021-07-25T02:02:46.508460,438
infiniteRecur(int)+12 infiniteRecur(int)+24 infiniteRecur(int)+24 infiniteRecur(int)+24 infiniteRecur(int)+24 infiniteRecur(int)+24 infiniteRecur(int)+24 infiniteRecur(int)+24 infiniteRecur(int)+24 infiniteRecur(int)+24 infiniteRecur(int)+24 infiniteRecur(int)+24 infiniteRecur(int)+24 infiniteRecur(int)+24 infiniteRecur(int)+24 infiniteRecur(int)+24 infiniteRecur(int)+24 infiniteRecur(int)+24 infiniteRecur(int)+24 infiniteRecur(int)+24 infiniteRecur(int)+24 infiniteRecur(int)+24 infiniteRecur(int)+24 infiniteRecur(int)+24 infiniteRecur(int)+24 infiniteRecur(int)+24 infiniteRecur(int)+24 infiniteRecur(int)+24 infiniteRecur(int)+24 infiniteRecur(int)+24 infiniteRecur(int)+24 infiniteRecur(int)+24,11,SIGSEGV: Invalid memory reference to address Unknown Error,aarch64,return infiniteRecur(a),2021-07-25T02:02:50.765506,439
infiniteRecur(int)+12 infiniteRecur(int)+24 infiniteRecur(int)+24 infiniteRecur(int)+24 infiniteRecur(int)+24 infiniteRecur(int)+24 infiniteRecur(int)+24 infiniteRecur(int)+24 infiniteRecur(int)+24 infiniteRecur(int)+24 infiniteRecur(int)+24 infiniteRecur(int)+24 infiniteRecur(int)+24 infiniteRecur(int)+24 infiniteRecur(int)+24 infiniteRecur(int)+24 infiniteRecur(int)+24 infiniteRecur(int)+24 infiniteRecur(int)+24 infiniteRecur(int)+24 infiniteRecur(int)+24 infiniteRecur(int)+24 infiniteRecur(int)+24 infiniteRecur(int)+24 infiniteRecur(int)+24 infiniteRecur(int)+24 infiniteRecur(int)+24 infiniteRecur(int)+24 infiniteRecur(int)+24 infiniteRecur(int)+24 infiniteRecur(int)+24 infiniteRecur(int)+24,11,SIGSEGV: Invalid memory reference to address Unknown Error,aarch64,return infiniteRecur(a),2021-07-25T02:02:54.954067,440
infiniteRecur(int)+12 infiniteRecur(int)+24 infiniteRecur(int)+24 infiniteRecur(int)+24 infiniteRecur(int)+24 infiniteRecur(int)+24 infiniteRecur(int)+24 infiniteRecur(int)+24 infiniteRecur(int)+24 infiniteRecur(int)+24 infiniteRecur(int)+24 infiniteRecur(int)+24 infiniteRecur(int)+24 infiniteRecur(int)+24 infiniteRecur(int)+24 infiniteRecur(int)+24 infiniteRecur(int)+24 infiniteRecur(int)+24 infiniteRecur(int)+24 infiniteRecur(int)+24 infiniteRecur(int)+24 infiniteRecur(int)+24 infiniteRecur(int)+24 infiniteRecur(int)+24 infiniteRecur(int)+24 infiniteRecur(int)+24 infiniteRecur(int)+24 infiniteRecur(int)+24 infiniteRecur(int)+24 infiniteRecur(int)+24 infiniteRecur(int)+24 infiniteRecur(int)+24,11,SIGSEGV: Invalid memory reference to address Unknown Error,aarch64,return infiniteRecur(a),2021-07-25T02:02:59.471530,441
"HierarchyBuilder() IndexBasedHierarchyBuilder() TypeHierarchy() CreateTypeHierarchyOperation() JavaModelOperation() SourceType() SuperTypeHierarchyCache() OverrideIndicatorLabelDecorator() LightweightDecoratorDefinition() LightweightDecoratorManager() SafeRunner() DecorationScheduler() Worker() main() __static_initialization_and_destruction_0(int, int)",6,SIGABRT: (Error Number 0),aarch64, throw new bad_alloc(),2021-07-25T02:03:04.252750,442
"ArchiveUtil()+100 RetargetAction() CommonNavigatorManager() OpenAndLinkWithEditorHelper() StructuredViewer() SafeRunner() JFaceUtil() SafeRunnable() CommonViewer() OpenStrategy() EventTable() Display() Widget() PartRenderingEngine() Realm() E4Workbench() Workbench() PlatformUI() IDEApplication() EclipseAppHandle() EclipseAppLauncher() EclipseStarter() NativeMethodAccessorImpl() DelegatingMethodAccessorImpl() Method() Main() main() __static_initialization_and_destruction_0(int, int)",11,SIGSEGV: Invalid memory reference to address Unknown Error,aarch64,*var2=*var1,2021-07-25T02:03:08.587035,443
infiniteRecur(int)+12 infiniteRecur(int)+24 infiniteRecur(int)+24 infiniteRecur(int)+24 infiniteRecur(int)+24 infiniteRecur(int)+24 infiniteRecur(int)+24 infiniteRecur(int)+24 infiniteRecur(int)+24 infiniteRecur(int)+24 infiniteRecur(int)+24 infiniteRecur(int)+24 infiniteRecur(int)+24 infiniteRecur(int)+24 infiniteRecur(int)+24 infiniteRecur(int)+24 infiniteRecur(int)+24 infiniteRecur(int)+24 infiniteRecur(int)+24 infiniteRecur(int)+24 infiniteRecur(int)+24 infiniteRecur(int)+24 infiniteRecur(int)+24 infiniteRecur(int)+24 infiniteRecur(int)+24 infiniteRecur(int)+24 infiniteRecur(int)+24 infiniteRecur(int)+24 infiniteRecur(int)+24 infiniteRecur(int)+24 infiniteRecur(int)+24 infiniteRecur(int)+24,11,SIGSEGV: Invalid memory reference to address Unknown Error,aarch64,return infiniteRecur(a),2021-07-25T02:03:14.047072,444
"ShowSampleAction()+100 main() __static_initialization_and_destruction_0(int, int)",11,SIGSEGV: Invalid memory reference to address Unknown Error,aarch64,*var2=*var1,2021-07-25T02:03:19.303405,445

infiniteRecur(int)+12 infiniteRecur(int)+24 infiniteRecur(int)+24 infiniteRecur(int)+24 infiniteRecur(int)+24 infiniteRecur(int)+24 infiniteRecur(int)+24 infiniteRecur(int)+24 infiniteRecur(int)+24 infiniteRecur(int)+24 infiniteRecur(int)+24 infiniteRecur(int)+24 infiniteRecur(int)+24 infiniteRecur(int)+24 infiniteRecur(int)+24 infiniteRecur(int)+24 infiniteRecur(int)+24 infiniteRecur(int)+24 infiniteRecur(int)+24 infiniteRecur(int)+24 infiniteRecur(int)+24 infiniteRecur(int)+24 infiniteRecur(int)+24 infiniteRecur(int)+24 infiniteRecur(int)+24 infiniteRecur(int)+24 infiniteRecur(int)+24 infiniteRecur(int)+24 infiniteRecur(int)+24 infiniteRecur(int)+24 infiniteRecur(int)+24 infiniteRecur(int)+24,11,SIGSEGV: Invalid memory reference to address Unknown Error,aarch64,2021-07-25T02:03:25.272669,return infiniteRecur(a),446
"PresetsExtensionPoint() FacetedProjectWorkingCopy() Worker() main() __static_initialization_and_destruction_0(int, int)",6,SIGABRT: (Error Number 0),aarch64,2021-08-03T13:58:45.483791," throw new bad_alloc();
",468
infiniteRecur(int) infiniteRecur(int) infiniteRecur(int) infiniteRecur(int) infiniteRecur(int) infiniteRecur(int) infiniteRecur(int) infiniteRecur(int) infiniteRecur(int) infiniteRecur(int) infiniteRecur(int) infiniteRecur(int) infiniteRecur(int) infiniteRecur(int) infiniteRecur(int) infiniteRecur(int) infiniteRecur(int) infiniteRecur(int) infiniteRecur(int) infiniteRecur(int) infiniteRecur(int) infiniteRecur(int) infiniteRecur(int) infiniteRecur(int) infiniteRecur(int) infiniteRecur(int) infiniteRecur(int) infiniteRecur(int) infiniteRecur(int) infiniteRecur(int) infiniteRecur(int) infiniteRecur(int),11,SIGSEGV: Invalid memory reference to address Unknown Error,aarch64,2021-08-04T15:14:36.127127,"return infiniteRecur(b);
",471
